time_s,phase,x_m,y_m,z_m,vx_cm_s,vz_cm_s,shell_clearance_cm
0.0,edge,4.778621886774114,-3.6440053982450737,0.3777353862993711,14.431269650396047,-3.037037648156284,22.77353862993711
0.01,edge,4.780928103186778,-3.6446587350963235,0.3760778929596624,25.360186064747577,-15.388471705006298,22.60778929596624
0.02,edge,4.782750329408091,-3.6453522090207953,0.3740464941244614,13.073380234111925,-24.03812033688014,22.40464941244614
0.03,edge,4.784464248641624,-3.6460120898480493,0.3713816387252357,18.836878325703907,-28.65508744566554,22.138163872523574
0.04,edge,4.786020961549302,-3.6466888052794757,0.3682856571488868,13.680639405559914,-31.83306214607655,21.82856571488868
0.05,edge,4.787648315848738,-3.6473391551483574,0.3653566322161159,16.343871837287463,-26.975536155641684,21.535663221611593
0.06,edge,4.789444718266409,-3.6479435515569807,0.36323267764493944,18.903690304102405,-17.148760979618245,21.323267764493945
0.07,edge,4.791449384546419,-3.6485084165894146,0.36218996445721613,20.710713269939667,-6.093033605586458,21.218996445721615
0.08,edge,4.793610400655894,-3.6490453673957517,0.36218883191385726,22.13972623202317,3.6292063322464188,21.218883191385725
0.09,edge,4.795893382638658,-3.6495577501731646,0.3629840313081373,23.2410812899036,9.887415163526253,21.29840313081373
0.1,edge,4.798236241849917,-3.6500364145030884,0.3637974372410874,23.26819743660476,6.1129128612326555,21.37974372410874
0.11,edge,4.800497793028075,-3.650527758237924,0.36408567027253286,22.418581519384087,0.48493378067425497,21.408567027253287
0.12,edge,4.802701208160851,-3.6510164040521587,0.36383224051412355,21.755538988723135,-4.461631029483779,21.383224051412355
0.13,edge,4.804851784486079,-3.6514938697482116,0.36321651727606313,21.356440017013256,-7.082502414899484,21.321651727606312
0.14,edge,4.8069858626490065,-3.651957430255556,0.36249478570291616,21.334228776452537,-7.1261309856733455,21.249478570291615
0.15,edge,4.809139164048117,-3.6524058865785256,0.36190041830948316,21.65757502430883,-5.079618981445587,21.190041830948317
0.16,edge,4.811339693634381,-3.6528423500105682,0.3615878965194451,22.20761715318548,-1.8679013621284448,21.158789651944513
0.17,edge,4.813601017165787,-3.6532688644024605,0.36162147205941225,22.843373669722915,1.6387243496585497,21.162147205941224
0.18,edge,4.815927190412579,-3.653684752339981,0.3619790063095207,23.48271450725243,4.584005010733306,21.19790063095207
0.19,edge,4.818311549642147,-3.654085975684084,0.36256496856377785,24.006364127769427,6.368754095274845,21.256496856377787
0.2,edge,4.82073416231781,-3.6544629902393435,0.36324002671266076,24.245133619546593,6.587869886953017,21.324002671266076
0.21,edge,4.823146791976847,-3.6548078979416845,0.3638118033249754,24.057660870442607,4.84388703726316,21.381180332497543
0.22,edge,4.825544780363185,-3.6551132304781304,0.3641507820131349,23.9099097278849,2.280285784093297,21.415078201313488
0.23,edge,4.827751197711914,-3.6554076367886874,0.3642529752156332,23.444484153018575,-0.21628255915826874,21.425297521563323
0.24,edge,4.8301087067066195,-3.6556530237608524,0.3640777761473847,23.392838918379002,-2.807498328662218,21.407777614738468
0.25,edge,4.832430970817642,-3.6558771594171287,0.36367944529073865,23.124523845194783,-4.761869273318095,21.367944529073863
0.26,edge,4.834742704148979,-3.656080442109251,0.3631402699787325,23.107115309248833,-5.799095055372247,21.31402699787325
0.27,edge,4.837064458519508,-3.6562652473855164,0.3625560360088945,23.27753040761688,-5.866120500625508,21.255603600889454
0.28,edge,4.839412565980084,-3.6564340231439187,0.3620161335843447,23.597735184750857,-5.113053266070481,21.20161335843447
0.29,edge,4.841801779333504,-3.656589321476026,0.36159038820312905,24.0637957639202,-3.7645578151644363,21.159038820312905
0.3,edge,4.844245520396714,-3.656733302361057,0.36132026367263986,24.653688744262254,-2.1259609280322307,21.132026367263986
0.31,edge,4.846753705880569,-3.6568673464494688,0.36120982723267353,25.323800028985122,-0.608265433870325,21.120982723267353
0.32,edge,4.84932963058139,-3.656991014282629,0.36123111688837095,26.00310490472037,0.5475241707308539,21.123111688837096
0.33,edge,4.851969021518744,-3.657104236896951,0.3613343823950396,26.60870622627101,1.1322894120898666,21.133438239503963
0.34,edge,4.854662626778994,-3.6572088966322664,0.36145642869556716,27.108128900564733,1.0383611159036292,21.145642869556717
0.35000000000000003,edge,4.857399459878629,-3.6573024529378504,0.36151872821287956,27.4951224111351,0.1011197528849768,21.151872821287956
0.36,edge,4.860170236386409,-3.6573852062960928,0.3614560814457201,27.81630100736805,-1.289547525623245,21.145608144572012
0.37,edge,4.862970959556719,-3.657464405288925,0.3612418657677023,28.116066864046964,-2.859864385623031,21.124186576770228
0.38,edge,4.8658075544564126,-3.6575445043358297,0.3608916111500884,28.52257379119741,-3.941448345696044,21.08916111500884
0.39,edge,4.868685711218295,-3.657633734040154,0.36049615803088153,28.924459567426148,-3.9893608846942263,21.049615803088155
0.4,edge,4.87154733448886,-3.657739167330751,0.36016333907162085,28.704573170093507,-3.079757849121429,21.016333907162085
0.41000000000000003,edge,4.874417452470071,-3.657880311190101,0.35993916670987286,28.680013394155658,-1.7801600525471666,20.993916670987286
0.42,edge,4.877286828962405,-3.6580663917665865,0.35986275488985453,28.65903056295525,-0.20966013251203722,20.986275488985452
0.43,edge,4.8801506657922005,-3.6583109706505983,0.35994483610372313,28.578819022160197,1.292397702240321,20.994483610372313
0.44,edge,4.882999751726203,-3.658634343790911,0.360163731798635,28.347925794746597,2.663273134338429,21.0163731798635
0.45,edge,4.885810626979848,-3.6590458719334857,0.36051668157650174,27.952088192094443,4.0238097775635335,21.051668157650173
0.46,edge,4.888585382154105,-3.6595388407978167,0.36100303445408466,27.617776837070267,5.286821562891258,21.100303445408468
0.47000000000000003,edge,4.891332688655984,-3.6601035850189527,0.36159196786474007,27.385351667758044,6.1163402351407745,21.15919678647401
0.48,edge,4.894064168710796,-3.660730864799373,0.3622263663168454,27.273991009510105,6.306504813819445,21.22263663168454
0.49,edge,4.896791509859026,-3.661412337343835,0.3628388998425166,27.27444927329406,5.8175484165625315,21.283889984251662
0.5,edge,4.899524372074136,-3.662140548017467,0.3633672703532054,27.36070934678554,4.76062829969156,21.33672703532054
0.51,edge,4.902269423070865,-3.662908913411463,0.36376834038546224,27.501616208001916,3.3761259242532136,21.376834038546225
0.52,edge,4.9050304425089895,-3.663712779919489,0.3640271557382295,27.66997941926454,1.9650261541011425,21.402715573822952
0.53,edge,4.907809291438047,-3.664549134600389,0.3641558403981612,27.853399374619443,0.7585270522781172,21.415584039816117
0.54,edge,4.910607420954731,-3.665415470262099,0.364185275892697,28.05169501171302,-0.07623751194016909,21.4185275892697
0.55,edge,4.913426905075258,-3.6663090551233757,0.364157898797663,28.27565469643951,-0.4683805583611455,21.415789879766304
0.56,edge,4.916271387133856,-3.667227156313196,0.3641166807103293,28.543273359303043,-0.45242822124521376,21.41166807103293
0.5700000000000001,edge,4.9191463878266015,-3.6681678447155925,0.3640962202685157,28.872918518479363,-0.14065960172192446,21.40962202685157
0.58,edge,4.9220359230463,-3.669142250280182,0.36412170115611153,29.022215989135063,0.335600886836791,21.412170115611154
0.59,edge,4.924963318506073,-3.670140016998866,0.364184101586023,29.451576084700143,0.6659474248053984,21.4184101586023
0.6,edge,4.927947689659911,-3.6711542866022784,0.36426894943729915,30.078779205523396,0.8001807311682091,21.426894943729916
0.61,edge,4.93099839546451,-3.672182205688459,0.36434936595349826,30.76069320117946,0.6303349515352181,21.434936595349825
0.62,edge,4.934115772296561,-3.6732224149398767,0.3643913059113784,31.43226361573939,0.12130246417779685,21.439130591137843
0.63,edge,4.937300555439946,-3.67427283645296,0.3643680438359538,32.118880616143535,-0.5514217487174464,21.43680438359538
0.64,edge,4.94038472515629,-3.675334467383701,0.36433497470805953,32.62129131869496,-0.568974605490541,21.433497470805953
0.65,edge,4.943699505271453,-3.6763929934453823,0.36427728069994436,33.17998334945699,-0.6345889621133061,21.427728069994437
0.66,edge,4.94702897569821,-3.6774491053336384,0.3642281152309918,33.35313746629495,-0.5057344564412437,21.42281152309918
0.67,edge,4.950350896162606,-3.6784836853802485,0.3642027805991441,33.219118200156004,-0.29944604748140485,21.420278059914413
0.68,edge,4.953669684540948,-3.6794983672058645,0.3641815186332964,33.14303182594121,-0.3033327753525095,21.41815186332964
0.6900000000000001,edge,4.9569802644261545,-3.6804926255755572,0.36414913590929954,33.027266362967985,-0.4976524119296195,21.414913590929956
0.7000000000000001,edge,4.960272145531367,-3.681459871319659,0.36409077374654947,32.78633825336734,-0.8016739273329293,21.40907737465495
0.71,edge,4.963533973173732,-3.6823904562946423,0.3640085917052834,32.443099630057,-0.995189122023834,21.40085917052834
0.72,edge,4.966757611063468,-3.6832784578858613,0.3639200264687079,32.0396324795516,-0.9798525273935593,21.392002646870793
0.73,edge,4.969936510188081,-3.684119846659697,0.3638370694503396,31.61841475671435,-0.8420813542646411,21.38370694503396
0.74,edge,4.973078544430267,-3.6849135228580736,0.36377778404358546,31.280901456611033,-0.5580415852503506,21.377778404358548
0.75,edge,4.976191969285042,-3.6856578102118416,0.3637494190120924,31.02646715740619,-0.24775349102744937,21.37494190120924
0.76,edge,4.979285061968286,-3.6863511671805,0.3637481533824238,30.854958989875737,-0.01991425321627018,21.374815338242378
0.77,edge,4.982365677346015,-3.6869925287477,0.36376287739603136,30.758772241376146,0.09431043643966745,21.376287739603136
0.78,edge,4.985441195093228,-3.687581073919668,0.3637818605153374,30.738916671633763,0.10113975688078954,21.37818605153374
0.79,edge,4.988519656820527,-3.6881186004223836,0.3637954709193087,30.801625383225872,0.022169430447596207,21.37954709193087
0.8,edge,4.991609762541629,-3.6886095782876915,0.3637974146065273,30.950867758951755,-0.12215948135768698,21.37974146065273
0.81,edge,4.994720090217944,-3.6890577362166104,0.3637809161906061,31.185461160337795,-0.3382608319101369,21.37809161906061
0.8200000000000001,edge,4.997859157605411,-3.6894663694072545,0.36373888251241904,31.504896483359467,-0.6248761124082025,21.373888251241905
0.8300000000000001,edge,5.001035482503022,-3.689838425780474,0.36366484487263734,31.90949188643648,-0.9718170671702503,21.366484487263733
0.84,edge,5.004257491027686,-3.6901767328183395,0.36355333037841997,32.39911309515009,-1.367260675598713,21.355333037841998
0.85,edge,5.0075308256830935,-3.690484309908789,0.3633984844166684,32.94979100214942,-1.8056975496155572,21.339848441666838
0.86,edge,5.010863683898354,-3.6907633091229552,0.36319909337263057,33.582128867780966,-2.2556355680548186,21.319909337263056
0.87,edge,5.014266039692935,-3.691015480085128,0.36295486973796465,34.31749994044353,-2.710203582632631,21.295486973796464
0.88,edge,5.017748720705394,-3.6912424401406696,0.3626650656359065,35.162698096020385,-3.1754619749106388,21.26650656359065
0.89,edge,5.021140133290314,-3.6914340858068586,0.36236111651912434,35.71440804737077,-3.436372459881195,21.236111651912434
0.9,edge,5.024817504414377,-3.691614549865466,0.36203179422483156,37.15100735285712,-3.1427580690657533,21.203179422483156
0.91,edge,5.028589503950306,-3.6917768323540185,0.3618115564500032,38.0477448014667,-1.5980801250638732,21.18115564500032
0.92,edge,5.032418605057043,-3.691923984065833,0.3618002120386615,38.477685989523735,0.6746454353844198,21.180021203866147
0.93,edge,5.036287308848851,-3.6920699988015047,0.36202237727083597,38.778135316696506,3.039610666190959,21.2022377270836
0.9400000000000001,edge,5.040156101010822,-3.6922398427177976,0.3624746620952653,38.70072827158017,5.121092469676777,21.24746620952653
0.9500000000000001,edge,5.044008947870342,-3.6924401078542215,0.3630422488301792,38.459332086720785,5.864668343243046,21.304224883017923
0.96,edge,5.047857963851803,-3.692666047957513,0.3636591368492896,38.51345319153392,6.145290285401927,21.36591368492896
0.97,edge,5.051722109339924,-3.692913180819458,0.3642639612093275,38.713743708113704,5.727903337847632,21.426396120932754
0.98,edge,5.0556125923132695,-3.6931799557865905,0.36478161022169525,39.007377020580485,4.553306509118246,21.478161022169527
0.99,edge,5.059536181171376,-3.693465159690889,0.36514479528634336,39.354776674558664,2.7936734188138885,21.514479528634336
1.0,edge,5.063496440116741,-3.693767529801273,0.3653169282650624,39.72950410718576,0.8396468719415459,21.53169282650624
1.01,edge,5.0674959661203,-3.6940865610038123,0.3652995322839079,40.13495898204739,-0.9918604435191085,21.529953228390788
1.02,edge,5.0715390823818876,-3.69442241346574,0.36512051023076963,40.592104852929104,-2.4435776209953257,21.512051023076964
1.03,edge,5.075633018821966,-3.6947754714132257,0.3648269501179463,41.13446105607356,-3.386055238211558,21.482695011794632
1.04,edge,5.079788702614096,-3.695145708962511,0.36447093062979885,41.800025412522565,-3.8157514455861663,21.447093062979885
1.05,edge,5.084021211836737,-3.6955338267548767,0.3641049862154138,42.643363949713816,-3.6049702956172345,21.410498621541382
1.06,edge,5.088344780038634,-3.695941302220205,0.3638338604359211,43.55899021213418,-2.1942131521600015,21.383386043592107
1.07,edge,5.092748121955275,-3.6963608802679424,0.3637389074871055,44.272448999401746,-0.2810501241966338,21.373890748710554
1.08,edge,5.097051203173613,-3.6967998103007718,0.3638630266358347,44.76810608926945,1.724339087282701,21.38630266358347
1.09,edge,5.1015652063148575,-3.6972164747049736,0.364110593317221,45.07486773631122,2.709314979147688,21.4110593317221
1.1,edge,5.106077470689868,-3.6976238565147264,0.36441343978469065,45.11993055759795,2.8733367494801523,21.441343978469067
1.11,edge,5.110593447640366,-3.698008060391007,0.3646730522162929,45.1100657072353,2.022755856780338,21.467305221629292
1.12,edge,5.1150745960614605,-3.6983566355361077,0.36476979187935477,44.60125989539027,0.050951604870237525,21.476979187935477
1.1300000000000001,edge,5.11951791089007,-3.6986671580985027,0.36468838351859606,44.24180464838513,-1.6410392587943448,21.468838351859606
1.1400000000000001,edge,5.123894440907591,-3.6989244480037304,0.3644474584385315,43.587004848827114,-3.133759984330821,21.44474584385315
1.1500000000000001,edge,5.128229895102704,-3.699140695269408,0.36407879106005164,43.20581408048967,-4.192481745317137,21.407879106005165
1.16,edge,5.132535642029369,-3.6993238803963466,0.36364197969492057,42.98721466268711,-4.641676384838787,21.364197969492057
1.17,edge,5.13683722067443,-3.699469081734495,0.36319176085347965,43.02313571826812,-4.579077044065472,21.319176085347966
1.18,edge,5.141156726762861,-3.6995732310394502,0.3627719776282938,43.281642102981984,-4.151437252751402,21.277197762829378
1.19,edge,5.145513139822985,-3.699635198112857,0.36240552294500555,43.71056409939345,-3.5842932475776794,21.240552294500556
1.2,edge,5.149920337085931,-3.6996564686042084,0.36209132003370076,44.25315732504629,-3.140470341716854,21.209132003370076
1.21,edge,5.154382058368774,-3.6996353022649147,0.36182331127505446,44.77676351221593,-2.652318521019335,21.182331127505446
1.22,edge,5.1588945765975485,-3.699575474285724,0.3615980027666529,45.26798964866586,-2.2968923764191995,21.15980027666529
1.23,edge,5.163453866130684,-3.6994881149718313,0.36139124640860437,45.691121869434284,-2.294460883284764,21.139124640860437
1.24,edge,5.168037878792018,-3.699399291187288,0.3611260102187811,45.870452532861044,-3.155483563417856,21.11260102187811
1.25,edge,5.172631329531545,-3.6993013194924456,0.36074341101445573,46.01683136901584,-4.2127724603106484,21.074341101445572
1.26,edge,5.177253936269795,-3.6992146066573817,0.3603677537185498,46.31188724806768,-3.4421675983934064,21.03677537185498
1.27,edge,5.18179140049373,-3.6991492390866036,0.36014720025095703,46.27056079647048,-1.6245074915637019,21.014720025095706
1.28,edge,5.186302277351891,-3.6990247435593657,0.36014999355246635,45.86585744414264,0.775351667862021,21.014999355246637
1.29,edge,5.190858115773997,-3.698881532813575,0.36037407664735505,45.402746578104576,3.057410488826446,21.037407664735504
1.3,edge,5.19539183644921,-3.6986718364320836,0.3608170666631023,45.28081725840515,5.184705955271599,21.081706666310232
1.31,edge,5.1999168779849745,-3.698374176805922,0.3614485139054044,45.204374202609685,6.819564036109145,21.14485139054044
1.32,edge,5.204431078250813,-3.697985028949964,0.3622184081560909,45.07216272898214,8.052412589999776,21.22184081560909
1.33,edge,5.208931013235081,-3.697520942828802,0.36307514257486134,44.92469007952554,8.633859798114274,21.307514257486133
1.34,edge,5.213417018648694,-3.696996977870129,0.3639392398592382,44.786269033235214,8.343082559343951,21.39392398592382
1.35,edge,5.2178897178445895,-3.6964263389245593,0.36471736262451876,44.64658916329107,7.102028025017912,21.471736262451877
1.36,edge,5.222346799149085,-3.6958212482896498,0.3653218875687764,44.46594011019389,5.06084726716379,21.532188756877645
1.37,edge,5.226782325552554,-3.69519281832632,0.3656924822115901,44.22847316323719,2.576176207872906,21.56924822115901
1.3800000000000001,edge,5.2311907722039415,-3.6945497362917865,0.36580957251939655,43.946649965249826,0.06580687913561026,21.580957251939655
1.3900000000000001,edge,5.235562574022559,-3.6939038073249844,0.36569791625864184,43.580826703934015,-2.0685494014773873,21.569791625864184
1.4000000000000001,edge,5.239906557108593,-3.6932545425683903,0.36540388478727814,43.31144950322219,-3.63535291859088,21.540388478727817
1.41,edge,5.244229233661182,-3.6926036849591357,0.36499643422628875,43.13134049073213,-4.477534123797285,21.499643422628875
1.42,edge,5.248539860966491,-3.6919532589031054,0.3645484512229353,43.04743471001099,-4.611243878616303,21.454845122293527
1.43,edge,5.252845196280336,-3.691305729751981,0.364120517154261,43.03666701765912,-4.192030922825759,21.412051715426102
1.44,edge,5.257154630972668,-3.6906641787670385,0.3637567028243584,43.114691761776506,-3.437518159201646,21.37567028243584
1.45,edge,5.261478539055275,-3.6900321663073106,0.3634688814425646,43.296452850246126,-2.715388178349361,21.34688814425646
1.46,edge,5.26571951778862,-3.6894307035679246,0.3632457004978979,43.36346923054647,-2.386280851528854,21.32457004978979
1.47,edge,5.270019897842988,-3.6888205797813107,0.36301596812111836,43.05201341649662,-2.4269925895394304,21.301596812111836
1.48,edge,5.274347545136757,-3.6882272730801797,0.3627592067725386,43.47440916798733,-2.81349333474546,21.27592067725386
1.49,edge,5.278743334117693,-3.687648620953675,0.362462416463814,44.27296546480711,-3.246374990989314,21.2462416463814
1.5,edge,5.283231219673042,-3.6870815064577624,0.3621254659291625,45.2565616686351,-3.6528695719639557,21.21254659291625
1.51,edge,5.287835905776403,-3.6865229050656714,0.3618169592701465,46.52514364534795,-2.7444010930520557,21.18169592701465
1.52,edge,5.292561474475377,-3.685977700478748,0.36167918145169337,47.65688484953387,-0.6139828762288214,21.167918145169338
1.53,edge,5.297382407077261,-3.685455507359051,0.3617820484802949,48.49619619655601,1.87394304641521,21.178204848029488
1.54,edge,5.3022755265311865,-3.6849621562515584,0.36212186745039987,49.14652123403735,4.0780181825585835,21.212186745039986
1.55,edge,5.307224446243304,-3.684501179800351,0.36263778823308923,49.62894997319671,5.466728078676896,21.263778823308925
1.56,edge,5.312205794752495,-3.6840757976952503,0.3632219930268942,49.85464686189282,5.653511961265269,21.32219930268942
1.57,edge,5.317193668958386,-3.6836878185529573,0.3637480564424969,49.81672202109226,4.579068461244481,21.37480564424969
1.58,edge,5.322164705707192,-3.683339715297042,0.36410585346831326,49.559543948777154,2.5338438241160848,21.410585346831326
1.59,edge,5.327074494611059,-3.68304529388073,0.3642340447612409,48.920584988849804,0.04799657004420938,21.423404476124087
1.6,edge,5.33193743085535,-3.682788360842701,0.3640920091172963,48.41152041840035,-2.644304629895843,21.409200911729627
1.61,edge,5.336755788789641,-3.6825690825152466,0.3636981219156771,48.00003229949068,-5.009008072080513,21.369812191567707
1.62,edge,5.341362955125965,-3.6823774348038323,0.3631502925581641,47.37048218632127,-6.267336899995291,21.315029255816413
1.6300000000000001,edge,5.346140424143797,-3.6822332261036994,0.36247724447635654,47.656320000666156,-7.107312557762809,21.247724447635655
1.6400000000000001,edge,5.350910339673986,-3.682140784204734,0.3618117632251918,47.65681046090424,-6.468792331114584,21.181176322519182
1.6500000000000001,edge,5.355688755798861,-3.682090031641008,0.36128174418672787,47.76807555923545,-4.72505170200331,21.12817441867279
1.6600000000000001,edge,5.3604589728158,-3.6820476948193326,0.36094669728971523,47.63541230408879,-2.774517165497112,21.094669728971525
1.67,edge,5.36522091469478,-3.681999527995413,0.3607945463750824,47.55111318440437,-0.928397640682898,21.079454637508242
1.68,edge,5.369954503310823,-3.681908387978016,0.3607968354700484,47.19833131982093,0.6863109960883591,21.079683547004844
1.69,edge,5.374657386547383,-3.681758330527278,0.36101359659080445,46.88397776508752,3.0708557219287984,21.101359659080448
1.7,edge,5.379321632433708,-3.68155990019163,0.36146878444121583,46.45753388584261,5.358955590105014,21.146878444121583
1.71,edge,5.383941429946688,-3.681330602263483,0.3621163064536776,46.004241275379734,6.9706465279950445,21.21163064536776
1.72,edge,5.388516671077887,-3.6810904021315745,0.36286678626826957,45.56295485854673,7.574995784469753,21.28667862682696
1.73,edge,5.393052075606973,-3.6808653456101355,0.3636131971794837,45.209625293880244,6.971862264544569,21.361319717948373
1.74,edge,5.397552420678235,-3.680682502135316,0.36425021149404946,44.85968772689569,5.780650221243497,21.425021149404948
1.75,edge,5.402018601802448,-3.6805403616560457,0.36475978808968973,44.52769726890887,4.453270661929964,21.475978808968975
1.76,edge,5.406413770086895,-3.680450438742051,0.36514731223489794,43.87777159782773,3.161077965785127,21.514731223489793
1.77,edge,5.410787704378134,-3.6803967478240307,0.365383550056125,43.66249784091914,1.6602435874035593,21.5383550056125
1.78,edge,5.415150243086952,-3.6803751482016653,0.3654712144895298,43.613778094262855,0.21431179106117657,21.54712144895298
1.79,edge,5.419411266750292,-3.680361916298408,0.36544453701193075,43.56127800048619,-0.9399673232107062,21.544453701193074
1.8,edge,5.423764498565654,-3.680399363068581,0.36529541307204716,43.5288422178791,-1.9890866638391218,21.529541307204717
1.81,edge,5.428135101478499,-3.6804703330915336,0.36505668907856154,43.819873075566434,-2.791794842782132,21.505668907856155
1.82,edge,5.4325459212115055,-3.680580669071662,0.364754303596247,44.280705043502536,-3.3286973908977417,21.4754303596247
1.83,edge,5.437011139446443,-3.68073345521465,0.3644134502444338,44.873486187361934,-3.6290260151044307,21.44134502444338
1.84,edge,5.441543820331097,-3.680930904180545,0.36405394506388516,45.59700468176953,-3.7617228027220895,21.405394506388518
1.85,edge,5.446157219166207,-3.6811747280812916,0.3636862947490746,46.452850937828885,-3.828866692628524,21.36862947490746
1.86,edge,5.450863351621734,-3.681466191091964,0.3633118996964064,47.40875529661937,-3.912180403041766,21.331189969640644
1.87,edge,5.455668524178377,-3.6818057938661912,0.3629242722710262,48.414881215079525,-4.110584367009097,21.29242722710262
1.8800000000000001,edge,5.460578040228821,-3.6821938518592825,0.3625085227909106,49.49140266407381,-4.4118904454975505,21.250852279091063
1.8900000000000001,edge,5.465602735067764,-3.682640045099778,0.36211199950926576,50.662097362533366,-3.796722022341877,21.211199950926577
1.9000000000000001,edge,5.4707233782724956,-3.683133409613867,0.3618178186966775,51.46177936392506,-2.6186915279526555,21.181781869667752
1.9100000000000001,edge,5.4759039169815535,-3.683646307768413,0.36165656243981076,51.90808965387954,-1.2298501586385024,21.165656243981076
1.92,edge,5.481076149758327,-3.684152771212914,0.3615955881144144,51.56811712622351,-0.29227194590513267,21.15955881144144
1.93,edge,5.486128056898651,-3.6846467675164374,0.36173556955832076,51.26006369611984,2.1139530090020204,21.173556955832076
1.94,edge,5.491209611874823,-3.68509307812799,0.36211683254969285,50.530061712636865,4.798261056433213,21.211683254969284
1.95,edge,5.4962370866324175,-3.6855205135562397,0.36276546605605225,50.108337699609194,7.376303336228977,21.276546605605226
1.96,edge,5.501228549066967,-3.6859375748472365,0.3636333011103719,49.79764929800838,9.248367846801658,21.36333011103719
1.97,edge,5.506155880960122,-3.686337187049294,0.3646365878178424,49.21088116343198,10.036508550827563,21.463658781784243
1.98,edge,5.511067354240743,-3.68673001408516,0.3656079987862281,49.085280716873164,9.10298493843233,21.560799878622813
1.99,edge,5.515979769641675,-3.687121076845301,0.36639294987369175,49.121468838231856,6.641774414077693,21.639294987369176
2.0,edge,5.520894148401251,-3.6875118949029133,0.36686373668773675,49.11855483544786,3.1290938648581728,21.686373668773676
2.0100000000000002,edge,5.5257894435784864,-3.6879133490598996,0.36696451611372394,48.924829536942696,-0.6497086635865293,21.696451611372396
2.02,edge,5.530680174671682,-3.68831458426963,0.3666970293434021,48.86977377715679,-4.146748272599418,21.66970293434021
2.0300000000000002,edge,5.535571088702488,-3.6887154373840163,0.3661277515972941,48.902185299160095,-6.799409764299407,21.61277515972941
2.04,edge,5.540471700669957,-3.689123064630609,0.3653598105983946,49.04294797434166,-8.332951527642738,21.53598105983946
2.05,edge,5.545396802603318,-3.68954697809827,0.3645095610269191,49.35740985122399,-8.70578985789604,21.45095610269191
2.06,edge,5.550366894814069,-3.6899960928428137,0.36368352965040684,49.89113081515234,-8.105880827927544,21.368352965040685
2.07,edge,5.555404368379067,-3.690477113456791,0.36296150603199967,50.64444216741366,-6.851435829965561,21.29615060319997
2.08,edge,5.560533371017402,-3.6909947710526665,0.36242626669874495,51.60872687437996,-4.470892282916599,21.242626669874497
2.09,edge,5.565721686107996,-3.6915368527235137,0.3621559443389558,52.058207232601625,-1.5886389150009026,21.215594433895582
2.1,edge,5.5709499369257225,-3.692075949261779,0.3622057639949075,52.41584880267538,1.6824189637386646,21.22057639949075
2.11,edge,5.576213354442411,-3.692590111288308,0.36256524154565795,52.771033574262674,4.544458996221409,21.256524154565795
2.12,edge,5.5815105844704735,-3.6930614344425594,0.36316878553574455,53.104670714835166,6.564878809109639,21.316878553574455
2.13,edge,5.586627365185556,-3.693487127841517,0.36394892042673926,53.11000810461528,7.576967857729825,21.394892042673927
2.14,edge,5.591931652443276,-3.6938402858643062,0.36458694913582784,52.91370922365603,5.20839265583216,21.458694913582786
2.15,edge,5.597230556848534,-3.6941181332295194,0.3649461652412339,52.95444346276314,2.174529527158332,21.49461652412339
2.16,edge,5.602533065761238,-3.694325308823543,0.36500322959449544,52.949791193206316,-0.7150694454540424,21.500322959449544
2.17,edge,5.607821714618493,-3.6944651944556135,0.36481899668844014,52.76380347510005,-2.746212149505471,21.481899668844015
2.18,edge,5.613084259349521,-3.694552585874837,0.36449664161853385,52.4663693760127,-3.6956338692118798,21.449664161853384
2.19,edge,5.618317354283553,-3.69461138516003,0.364137465216442,52.16384370536953,-3.710415547161188,21.413746521644203
2.2,edge,5.623523709306506,-3.694661318323546,0.36381981331326646,51.90390603920776,-3.045455914013561,21.381981331326646
2.21,edge,5.628706827460588,-3.694717473292256,0.36359117979963146,51.683544574482795,-2.059232789595082,21.359117979963145
2.22,edge,5.633861829515431,-3.6947838893514486,0.3634442132219697,51.41144066647706,-1.3010299839391997,21.34442132219697
2.23,edge,5.638985241202161,-3.694872249191551,0.363346909889458,51.07552360696447,-1.0055123206817909,21.334690988945802
2.24,edge,5.644064932364406,-3.695003923311329,0.3632602064309373,50.756528264945736,-1.0006066192422385,21.32602064309373
2.25,edge,5.649141757481965,-3.695167945439842,0.3631473066409155,50.80544286780512,-1.4044989390358424,21.31473066409155
2.2600000000000002,edge,5.654240180164288,-3.6953612048026625,0.36297086958673785,51.109066775744694,-2.2122793457707197,21.297086958673788
2.27,edge,5.659359859673434,-3.6955643122392834,0.3627139637781502,51.415478142728546,-3.0592884747096,21.27139637781502
2.2800000000000002,edge,5.664542260198508,-3.695786107496352,0.3623636580518219,52.092362878293066,-4.040011619285579,21.236365805182192
2.29,edge,5.669809456485922,-3.696024013757124,0.3619101373646185,53.02526367227234,-5.119498307655636,21.19101373646185
2.3000000000000003,edge,5.675181205864971,-3.696275986634411,0.3613530979789439,54.14290895109445,-6.130381865606795,21.13530979789439
2.31,edge,5.680678435838373,-3.696543867224567,0.36071658658104605,55.488671342744325,-6.806687526152501,21.071658658104607
2.32,edge,5.686327323962086,-3.6968324334724136,0.360030902571691,57.106569031970054,-7.2156609082351375,21.003090257169102
2.33,edge,5.691960594954026,-3.6971289210152305,0.35933554444979815,58.38001111973512,-7.385202627617658,20.933554444979816
2.34,edge,5.69797630014803,-3.6974702454160235,0.3586007146554822,60.97203606965172,-7.632967193573183,20.86007146554822
2.35,edge,5.704223514184157,-3.6978390832063135,0.3578379477427054,63.41813060036874,-8.040244495927752,20.78379477427054
2.36,edge,5.71073201847236,-3.6982363935900766,0.3570132527558819,66.12860245962824,-8.816265938031789,20.701325275588193
2.37,edge,5.717523685303688,-3.6986586416126594,0.3560882198319882,69.01405823431868,-10.017469289915994,20.60882198319882
2.38,edge,5.724552273734854,-3.6991166088503036,0.3550218431100848,71.54545103013794,-11.594678303386955,20.502184311008477
2.39,edge,5.731910956270517,-3.6995856769107864,0.3537726546522935,74.7693493036485,-13.660307586042705,20.377265465229353
2.4,edge,5.739601819125704,-3.7000598036816537,0.35229184659543694,78.09332934672642,-16.18051357892259,20.229184659543694
2.41,edge,5.747630076702387,-3.7005347117367826,0.3505395780066931,81.45588576584424,-19.08316239114339,20.053957800669313
2.42,edge,5.756001216734086,-3.7010096200542844,0.3484811096106567,84.87722724372952,-22.32597702110473,19.84811096106567
2.43,edge,5.764722887169929,-3.7014853527103546,0.34608253312583404,88.38437230856219,-25.895981746423296,19.608253312583404
2.44,edge,5.773791998773331,-3.7019570961488157,0.3432987386325593,91.72242728446105,-30.128159763276614,19.329873863255926
2.45,edge,5.78293476748485,-3.7023579209448823,0.34008302672847524,93.797393266433,-34.666535660048744,19.008302672847524
2.46,edge,5.792603428684359,-3.7027793749876516,0.33637659338618275,97.95586701587521,-39.46610749521222,18.637659338618278
2.47,edge,5.802579043925831,-3.703197688280361,0.3320854051547817,100.08510612542769,-46.670732300311606,18.20854051547817
2.48,freefall,5.81269235865589,-3.703672220792909,0.3270294192498776,101.92910400620201,-53.93908311400509,17.702941924987762
2.49,freefall,5.822578478095048,-3.7041957863650867,0.3217505673581228,94.01357282225005,-58.295453481517654,17.17505673581228
2.5,freefall,5.832733047604926,-3.7046627728501518,0.3155482030586409,106.39473143618629,-67.27234733856233,16.55482030586409
2.5100000000000002,freefall,5.8425246077098745,-3.705289340284818,0.308253795479001,94.29437889264496,-78.02530429390232,15.8253795479001
2.52,freefall,5.852838378086268,-3.7058484161519316,0.30011695836475694,105.4561828979014,-87.7869773261768,15.011695836475694
2.5300000000000002,freefall,5.8631598169077455,-3.706408705351999,0.290643162523366,103.80476889368478,-99.23617591017766,14.064316252336603
2.54,freefall,5.873307563683885,-3.7069762154753385,0.2800171637011695,102.42192403785549,-110.08039086289226,13.001716370116952
2.5500000000000003,absorb,5.883380494861277,-3.7074505804635827,0.2683357404574296,101.73824184824704,-120.48320253244829,11.833574045742958
2.56,absorb,5.893069709795563,-3.707989616989755,0.25684662487368276,98.79442022710421,-121.44616697555996,10.684662487368277
2.57,absorb,5.902640661405537,-3.7086126018277747,0.24401916226394735,98.72489368667921,-133.1046598007436,9.401916226394736
2.58,absorb,5.912498127392534,-3.7090980541266516,0.22995948730848764,100.36964085159792,-145.05603104533995,7.995948730848765
2.59,absorb,5.922666488797522,-3.7096209493389987,0.21479863172875338,102.49643554824249,-155.42005927574542,6.479863172875339
2.6,absorb,5.932952093345895,-3.7099526946436825,0.19924499265688708,104.9006154753277,-152.37494265687323,4.924499265688709
2.61,absorb,5.943434995868276,-3.710562646741509,0.18531483161259643,106.30396435249341,-125.02879429806706,3.5314831612596436
2.62,absorb,5.953919173266228,-3.710824207107128,0.1769384169246695,104.15397730768126,-55.00985526535372,2.69384169246695
2.63,settle,5.963942311492254,-3.7109989749898684,0.17546808912010475,99.47935284245308,10.050396675190147,2.546808912010476
2.64,settle,5.973736877518798,-3.711233284776912,0.17641590849140049,101.89938633436981,16.18699235261065,2.6415908491400493
2.65,settle,5.983352547503741,-3.7113155594953917,0.17935343065829829,94.89688428481882,37.20235316503873,2.935343065829829
2.66,settle,5.99264887811785,-3.7114338697129816,0.18416006437729385,91.76188364793161,55.00849309118494,3.4160064377293855
2.67,settle,6.001655562508498,-3.7115626575193166,0.1905408167450763,89.44546259294248,68.99149515265216,4.054081674507631
2.68,settle,6.01050257269343,-3.7116421643494713,0.198018256784778,88.32338512767294,77.66789800816281,4.8018256784778
2.69,settle,6.019331688791135,-3.711665745090153,0.20558874506343583,88.49291460945858,71.96626972243943,5.558874506343583
2.7,settle,6.028211697239675,-3.711685529851459,0.2121940111815806,88.97962192001387,62.09652689016325,6.219401118158061
2.71,settle,6.037130186359029,-3.7117050743905495,0.21780760285478037,89.30863715845402,52.15837136923379,6.780760285478038
2.72,settle,6.0460740150165035,-3.711723771479048,0.22242672897258198,89.50887502977916,42.21446188856517,7.242672897258198
2.73,settle,6.0549549933112115,-3.7117013869162228,0.22608377161577942,89.03262955001063,32.55884081437579,7.608377161577942
2.74,settle,6.063620827094071,-3.7117127513899972,0.2287572869154123,87.31095859080249,22.823567119191143,7.875728691541231
2.75,settle,6.072319961443965,-3.711671955426478,0.23042689011053386,87.43456842385055,12.841006486553042,8.042689011053387
2.7600000000000002,settle,6.080984012670277,-3.7117248535343754,0.2311322303940629,87.21228113036071,3.164429146117062,8.11322303940629
2.77,settle,6.089725218480252,-3.7118519174250206,0.23083494096290233,87.79468282781434,-6.820648163948663,8.083494096290234
2.7800000000000002,settle,6.098547345805,-3.711945203966732,0.22956668505010283,88.47826202931506,-16.596001041587865,7.956668505010284
2.79,settle,6.107425378734483,-3.7120157103888816,0.22731821166270438,88.95587972101406,-26.415935438247228,7.731821166270439
2.8000000000000003,settle,6.116274737691225,-3.712126233506697,0.22411679565188472,88.76086633113792,-36.00046651747124,7.411679565188472
2.81,settle,6.125129788790718,-3.7121279200756834,0.21995465665104866,88.79062146565208,-45.6338806265433,6.995465665104867
2.82,settle,6.1339474175482245,-3.7121091756602227,0.21482696550179448,88.50664287143078,-55.301621958357394,6.4826965501794485
2.83,settle,6.14282710955171,-3.7121195943527825,0.20872208434036635,89.0214959750946,-64.57467936459115,5.872208434036636
2.84,settle,6.151691871493436,-3.7122050853416244,0.20195984187723265,88.95945753271022,-68.69225978847511,5.1959841877232655
2.85,settle,6.160467185086114,-3.712243863706962,0.1953402436901523,88.04944584326407,-62.431857575920816,4.5340243690152295
2.86,settle,6.169234848503223,-3.712281979593297,0.1899997575591449,87.46124965573043,-46.34212672961321,3.9999757559144893
2.87,settle,6.177969332236762,-3.7122995500125615,0.18665612265867906,87.3409784927672,-24.31109903348648,3.6656122658679067
2.88,settle,6.186735682137984,-3.71230096120737,0.18566936805258372,88.01014461213423,-0.19370423452032826,3.566936805258372
2.89,settle,6.195603784533553,-3.7122609661151804,0.18705877514832273,89.40162515824925,22.751557145509505,3.705877514832273
2.9,settle,6.204638295987247,-3.712167652714628,0.1904724088520888,90.90835454889235,40.568262729384465,4.047240885208881
2.91,settle,6.21369229413891,-3.712089741767146,0.1948532960784265,90.21844145908864,44.963337222884604,4.48532960784265
2.92,settle,6.222660476914791,-3.7119799074054236,0.19942003838923084,89.76712569188946,44.98400420070025,4.9420038389230845
2.93,settle,6.231431424111914,-3.7119337408695134,0.20339196895949352,88.31084967736713,35.96140441603516,5.339196895949352
2.94,settle,6.240228853540393,-3.7118511698560144,0.20647659137714477,88.40380261970213,27.149261211283658,5.647659137714478
2.95,settle,6.249119923244516,-3.7117641154913668,0.20861321351142945,89.24448760068827,17.56267317107773,5.861321351142945
2.96,settle,6.2580871996553995,-3.7116681044175897,0.2098159781985624,89.92917086055174,8.409612560691283,5.9815978198562405
2.97,settle,6.267093587832502,-3.7116373348819476,0.21011963387207444,90.23905427527565,-0.21323587970832059,6.0119633872074445
2.98,settle,6.276074321038776,-3.7115509951456005,0.20962272304463614,89.94962719118709,-7.790340895748385,5.962272304463615
2.99,settle,6.285067641907135,-3.711474924274764,0.20845852783745153,89.91057095464157,-14.052781688983925,5.845852783745153
3.0,settle,6.29404929669156,-3.711417260637795,0.20674083341374402,89.7380210458759,-19.088984891462523,5.674083341374403
3.0100000000000002,settle,6.303007293404357,-3.7113936828810936,0.20459822405103015,89.46738067037894,-22.803475514642304,5.459822405103015
3.02,settle,6.311897270564414,-3.711389826409149,0.2021944425618442,88.87380044284411,-24.913779592600523,5.219444256184421
3.0300000000000002,settle,6.320671383902854,-3.7115024975249464,0.19967163341849672,87.89708905898071,-24.96122181000146,4.967163341849673
3.04,settle,6.3294664136625105,-3.7117156612296616,0.19745196680328586,87.98589666011635,-19.64116531040873,4.745196680328586
3.0500000000000003,settle,6.338175448382711,-3.7120424393446485,0.19599454905311461,86.97358922562114,-10.418642811172703,4.599454905311462
3.06,settle,6.3468246000361255,-3.7124969491360402,0.19566293807503393,86.30961652728627,1.3401406811680456,4.566293807503394
3.0700000000000003,settle,6.355402001690791,-3.7130343617829142,0.19649220441511234,85.59447833147054,11.622681630911359,4.649220441511234
3.08,settle,6.363898936127023,-3.713572039685678,0.19786906650457878,84.55189837261375,14.977850354726844,4.786906650457878
3.09,settle,6.372273218400077,-3.714037017565847,0.19951476626787126,83.4376832663855,17.58229463005452,4.951476626787127
3.1,settle,6.380580949784322,-3.7144664676927133,0.20141181919085707,82.92145684359929,19.777194878035285,5.1411819190857075
3.11,settle,6.388830446749109,-3.7148826796929124,0.20338345837623265,82.59864616861938,18.309197369843698,5.338345837623265
3.12,settle,6.397091245856712,-3.7152587675468105,0.20472423711140944,82.75521976764577,9.661244537963853,5.472423711140944
3.13,settle,6.405384830801182,-3.715666160425616,0.20510424698502847,83.05940423175511,-0.17172261058373306,5.510424698502847
3.14,settle,6.4135683694236745,-3.7160423472909345,0.20449901250004654,82.2321134822378,-9.959862703170563,5.449901250004655
3.15,settle,6.421734510829179,-3.7164141544702827,0.2029312231211985,82.0288533848393,-18.903209956494766,5.293122312119849
3.16,settle,6.429921857499293,-3.7168050459734996,0.200754575193886,82.12080434277146,-22.812183249677425,5.075457519388602
3.17,settle,6.438128091930985,-3.717235420080584,0.1985531278328696,81.92425420154605,-20.809426577101174,4.855312783286961
3.18,settle,6.446198398617661,-3.7177344590233288,0.19684383758214025,80.36908319919071,-14.640553291114818,4.684383758214025
3.19,settle,6.454158824030746,-3.7182744508207386,0.19583803860977725,79.1389979950275,-6.856577809509372,4.583803860977725
3.2,settle,6.4619789467493405,-3.7188647916407502,0.19563137306366007,77.75763140226861,1.2779984604233008,4.563137306366008
3.21,settle,6.46967304628734,-3.719472898001378,0.19623528113088723,76.42179640586937,9.141521391276546,4.623528113088724
3.22,settle,6.477215194364997,-3.7200492823578473,0.19763624971574761,75.09738960012908,16.940066116726022,4.763624971574762
3.23,settle,6.4846893738958045,-3.720608782085713,0.19973754775281163,74.61069056002476,23.526502243247986,4.973754775281164
3.24,settle,6.492157997569004,-3.7211456395840754,0.20229435279098562,74.79683485394378,24.573195867481722,5.2294352790985625
3.25,settle,6.499483155782835,-3.721620203265112,0.20408756408187403,73.6909934233653,14.083471242922899,5.408756408187404
3.2600000000000002,settle,6.5068796885671745,-3.722112206427011,0.20490677979561298,74.15156496816361,4.264720633456044,5.490677979561298
3.27,settle,6.514319361427777,-3.7226147176082707,0.2047433006945876,74.5483752308852,-5.570513734786014,5.474330069458761
3.2800000000000002,settle,6.521792072060027,-3.723126040833305,0.20360037097268827,74.83097432007908,-15.271617086231876,5.360037097268827
3.29,settle,6.529215263961846,-3.7236332128923713,0.20159813156096626,74.58599963083377,-22.88002624818294,5.159813156096627
3.3000000000000003,settle,6.536701472102356,-3.7240763723462598,0.19904843816457768,74.95194344095503,-26.39179753544675,4.904843816457769
3.31,settle,6.544196160754778,-3.7245415665804815,0.19642938324332562,74.92527361810696,-25.554593368161893,4.642938324332563
3.3200000000000003,settle,6.551638955059376,-3.7250863767097444,0.19413005793300264,74.3822585680643,-20.86555028411098,4.413005793300265
3.33,settle,6.559020505955098,-3.7256899525479628,0.19255096036772554,73.58841558662415,-12.187086443198506,4.255096036772555
3.34,settle,6.56626727347312,-3.7263956123165762,0.19190474890101086,72.10504548360677,-2.358339902558147,4.190474890101087
3.35,settle,6.573354450344859,-3.727137198569428,0.1922279202729051,70.26740821144112,6.966126327996563,4.222792027290511
3.36,settle,6.580259504059774,-3.727895103459474,0.1934264166628814,68.19627682168957,15.149312739689465,4.3426416662881415
3.37,settle,6.586932347269307,-3.728638839725707,0.1953834996668395,66.01557965243543,22.59575119985724,4.538349966683949
3.38,settle,6.593412243292787,-3.7294253133001156,0.1980807189268059,64.3381672026401,29.40447983908175,4.808071892680591
3.39,settle,6.599811687220988,-3.730167791611718,0.20084565057561954,63.827901883666115,26.17434656947473,5.084565057561955
3.4,settle,6.606142061858912,-3.73080595641509,0.20318421866127537,63.46086444168817,20.62303313126084,5.3184218661275375
3.41,settle,6.612504163311588,-3.7314227398967557,0.20469163166492402,63.742378118229745,11.305724917024364,5.469163166492402
3.42,settle,6.61889750899165,-3.732043807807267,0.20524227884599688,64.06113076397561,1.6188406637243218,5.524227884599689
3.43,settle,6.625319420201333,-3.7326832867492885,0.204829200300937,64.31359814848467,-7.874841162489234,5.482920030093699
3.44,settle,6.631687650948195,-3.733317642281305,0.20356857693785138,63.867502468583645,-15.623578523175732,5.356857693785138
3.45,settle,6.6380784712106715,-3.7339387600306178,0.20172226636651008,63.91816297729773,-19.806411040780986,5.172226636651009
3.46,settle,6.6444620139506,-3.734543733037341,0.19970034291478506,63.75808793840162,-19.974000402761945,4.970034291478506
3.47,settle,6.6508244632557325,-3.735167874658119,0.19788060755384743,63.53766710216693,-16.59491713852081,4.788060755384743
3.48,settle,6.657089083028544,-3.73583615702013,0.19651955376648683,62.70796280133223,-10.871849941969101,4.651955376648684
3.49,settle,6.6633279539566646,-3.7365910168159546,0.19589829226587227,62.532192299699496,-3.221431234004889,4.589829226587227
3.5,settle,6.66961457275051,-3.7374286392875673,0.19603251193068266,63.14467245726214,4.360817701235374,4.6032511930682665
3.5100000000000002,settle,6.675976589638329,-3.7383389699495213,0.19687817538541336,63.93640244563507,10.964503367237752,4.687817538541336
3.52,settle,6.6824097068202875,-3.739302258603153,0.19824905652600786,64.55532536108863,15.137377446562686,4.824905652600786
3.5300000000000002,settle,6.688888970855022,-3.740326887938415,0.199869826715464,64.8120373376827,16.096096414797266,4.9869826715464
3.54,settle,6.695281062965491,-3.7414090329507337,0.2010959883320794,64.13395267363681,9.433607877517268,5.10959883320794
3.5500000000000003,settle,6.701704433227576,-3.742511961408264,0.20161384348088845,64.35686720977174,2.415153639847752,5.161384348088846
3.56,settle,6.708155029187994,-3.743605929571569,0.20148010819872436,64.5401924924486,-3.6367749444340416,5.148010819872437
3.5700000000000003,settle,6.7145895669874465,-3.7446639825740116,0.20084695281229523,64.13243131099283,-7.832994654223012,5.084695281229523
3.58,settle,6.720908530950906,-3.745628018563483,0.199968500949828,62.838526007494366,-9.411800095090054,4.9968500949828
3.59,settle,6.727075874012304,-3.7465023836873197,0.19905395223448458,61.18627571362655,-8.699573655221602,4.905395223448458
