time_s,jump_idx,requested_height_cm,phase,height_cm,vz_cm_s,measured_rise_cm,ground_contact
0.01,0,20.0,stand,19.77661225520015,12.082145349843621,0.0,1
0.02,0,20.0,stand,19.910672080471414,14.066094858417447,-0.10784632972390129,1
0.03,0,20.0,stand,20.054065014992727,14.259462036702903,-0.24190615499516677,1
0.04,0,20.0,stand,20.17296420924568,9.628220929659278,-0.3852990895164776,1
0.05,0,20.0,stand,20.227585386598037,2.576532662008869,-0.5041982837694331,1
0.060000000000000005,0,20.0,stand,20.20942669498755,-4.657665075651836,-0.5588194611217873,1
0.07,0,20.0,stand,20.126222069096002,-10.4909703329903,-0.5406607695113003,1
0.08,0,20.0,stand,19.99762563527184,-14.127327838620626,-0.45745614361975273,1
0.09,0,20.0,stand,19.847554375126254,-15.2362847957345,-0.32885970979559254,1
0.09999999999999999,0,20.0,stand,19.702507565031286,-13.668068332689604,-0.17878844965000806,1
0.10999999999999999,0,20.0,stand,19.58754328591116,-9.791388845957865,-0.033741639555040503,1
0.11999999999999998,0,20.0,stand,19.521359311120438,-4.3440791791528826,0.08122263956508724,1
0.12999999999999998,0,20.0,stand,19.514695002541423,1.7996398948216141,0.14740661435580782,1
0.13999999999999999,0,20.0,stand,19.56867830191047,7.720008615035709,0.15407092293482638,1
0.15,0,20.0,stand,19.676458388595297,12.626232487090338,0.10008762356577827,1
0.16,0,20.0,stand,19.82358803317629,15.859489176093492,-0.007692463119049475,1
0.17,0,20.0,stand,19.991433107755853,17.114548916856357,-0.15482210770004223,1
0.18000000000000002,0,20.0,stand,20.13666734172686,11.9683254886058,-0.322667182279604,1
0.19000000000000003,0,20.0,stand,20.199736861373736,2.4941427362377917,-0.4679014162506129,1
0.20000000000000004,0,20.0,stand,20.167357646674517,-6.95450087674067,-0.5309709358974901,1
0.21000000000000005,0,20.0,stand,20.049492479703627,-14.673228865531266,-0.4985917211982688,1
0.22000000000000006,0,20.0,stand,19.87166363609226,-19.396403771565964,-0.38072655422737856,1
0.23000000000000007,0,20.0,stand,19.66815303586369,-20.485301110981684,-0.20289771061601514,1
0.24000000000000007,0,20.0,stand,19.476280281835905,-17.8433853200188,0.0006128896125584538,1
0.25000000000000006,0,20.0,stand,19.330233284315597,-12.120913170088556,0.1924856436403416,1
0.26000000000000006,0,20.0,stand,19.25602548326029,-4.09053569035615,0.3385326411606493,1
0.2700000000000001,0,20.0,stand,19.267004598527425,4.386862252049702,0.41274044221595585,1
0.2800000000000001,0,20.0,stand,19.35745489837331,11.977496125487548,0.40176132694882405,1
0.2900000000000001,0,20.0,stand,19.514230410789178,17.868093154056716,0.31131102710293956,1
0.3000000000000001,0,20.0,stand,19.71882585399382,21.61717536428178,0.15453551468706805,1
0.3100000000000001,0,20.0,stand,19.933657824515862,20.410018195976566,-0.05005992851757346,1
0.3200000000000001,0,20.0,stand,20.091474573220307,12.069236147100035,-0.2648918990396154,1
0.3300000000000001,0,20.0,stand,20.15307169860826,2.1843985874113794,-0.4227086477440578,1
0.34000000000000014,0,20.0,stand,20.116002814886087,-7.54069876287385,-0.48430577313201273,1
0.35000000000000014,0,20.0,stand,19.989109453412603,-15.851453020200706,-0.4472368894098383,1
0.36000000000000015,0,20.0,stand,19.7956068057874,-21.138985337162396,-0.32034352793635645,1
0.37000000000000016,0,20.0,stand,19.580218105264443,-21.097546904582074,-0.12684088031115204,1
0.38000000000000017,0,20.0,stand,19.39420084795094,-16.304869967965548,0.08854782021180396,1
0.3900000000000002,0,20.0,stand,19.28059901806412,-7.779860679851638,0.27456507752530723,1
0.4000000000000002,0,20.0,stand,19.258734081009933,1.4861942729888291,0.38816690741212967,1
0.4100000000000002,0,20.0,crouch,19.087137929440576,-17.22579880517118,0.38816690741212967,0
0.4200000000000002,0,20.0,crouch,18.872130102974076,-24.272761364832533,0.38816690741212967,0
0.4300000000000002,0,20.0,crouch,18.58670159557091,-31.522815736118538,0.38816690741212967,0
0.4400000000000002,0,20.0,crouch,18.223462003722034,-39.61702556858312,0.38816690741212967,0
0.45000000000000023,0,20.0,crouch,17.77570165819064,-48.27819281780306,0.38816690741212967,0
0.46000000000000024,0,20.0,crouch,17.238844760330295,-57.33369740159979,0.38816690741212967,0
0.47000000000000025,0,20.0,crouch,16.60975641527324,-66.6538683159939,0.38816690741212967,0
0.48000000000000026,0,20.0,crouch,15.915250521951224,-68.11467940600036,0.38816690741212967,1
0.49000000000000027,0,20.0,crouch,15.541606023785898,-13.394649320049446,0.38816690741212967,1
0.5000000000000002,0,20.0,crouch,15.681626108353356,28.092471200121246,0.38816690741212967,1
0.5100000000000002,0,20.0,crouch,16.04591387072554,37.9943263190891,0.38816690741212967,1
0.5200000000000002,0,20.0,crouch,16.376008178434944,29.116055404962527,0.38816690741212967,1
0.5300000000000002,0,20.0,crouch,16.607815898170973,19.207856848884017,0.38816690741212967,0
0.5400000000000003,0,20.0,crouch,16.740510946090033,9.342018974978709,0.38816690741212967,0
0.5500000000000003,0,20.0,crouch,16.77513218737316,-0.45775056813781473,0.38816690741212967,0
0.5600000000000003,0,20.0,crouch,16.71174046188037,-10.260892240562274,0.38816690741212967,0
0.5700000000000003,0,20.0,crouch,16.550284780982093,-20.06919407154648,0.38816690741212967,0
0.5800000000000003,0,20.0,crouch,16.30723686087957,-25.264439329102075,0.38816690741212967,1
0.5900000000000003,0,20.0,crouch,16.085447734670236,-18.219918615726545,0.38816690741212967,1
0.6000000000000003,0,20.0,crouch,16.019251294525887,1.298819619652454,0.38816690741212967,1
0.6100000000000003,0,20.0,takeoff,17.05285964320703,174.2101867826749,0.38816690741212967,1
0.6200000000000003,0,20.0,takeoff,18.919000687895927,211.0606555453113,0.38816690741212967,1
0.6300000000000003,0,20.0,takeoff,21.044011056034783,208.04593427188203,1.763412037970666,1
0.6400000000000003,0,20.0,takeoff,23.046042139714412,195.0677207290493,3.765443121650294,0
0.6500000000000004,0,20.0,takeoff,24.922853098032185,182.8680927789145,5.642254079968067,0
0.6600000000000004,0,20.0,takeoff,26.682411807908444,171.438690738604,7.401812789844328,0
0.6700000000000004,0,20.0,takeoff,28.33129083074472,160.58292924181302,9.050691812680602,0
0.6800000000000004,0,20.0,takeoff,29.874012749492152,150.10448155226712,10.593413731428033,0
0.6900000000000004,0,20.0,takeoff,31.31345657150877,139.86225308744378,12.03285755344465,0
0.7000000000000004,0,20.0,takeoff,32.65142718427629,129.769371838096,13.37082816621217,0
0.7100000000000004,0,20.0,takeoff,33.889079943122816,119.77278996905707,14.608480925058695,0
0.7200000000000004,0,20.0,takeoff,35.027167028333096,109.83953775080431,15.746568010268977,0
0.7300000000000004,0,20.0,airborne,35.53705108181931,14.843096275445378,16.25645206375519,0
0.7400000000000004,0,20.0,airborne,36.34671039969498,80.86935953137807,17.066111381630858,0
0.7500000000000004,0,20.0,airborne,37.123594490916716,74.3917263750514,17.8429954728526,0
0.7600000000000005,0,20.0,airborne,37.819077926106296,66.29874687457449,18.53847890804218,0
0.7700000000000005,0,20.0,airborne,38.43176257239845,57.85513397716715,19.15116355433433,0
0.7800000000000005,0,20.0,airborne,38.95743506897752,48.991924569457154,19.676836050913398,0
0.7900000000000005,0,20.0,airborne,39.3924736483722,39.81005504308965,20.111874630308087,0
0.8000000000000005,0,20.0,airborne,39.73431897220164,30.410795791234957,20.453719954137526,0
0.8100000000000005,0,20.0,airborne,39.98126104159258,20.867759800379474,20.700662023528462,0
0.8200000000000005,0,20.0,airborne,40.132177618006054,11.23098502600504,20.851578599941938,0
0.8300000000000005,0,20.0,airborne,40.18634112483046,1.533440145531835,20.905742106766343,0
0.8400000000000005,0,20.0,airborne,40.14327573893854,-8.204092297962797,20.905742106766343,0
0.8500000000000005,0,20.0,airborne,40.00267471863978,-17.96664738698343,20.905742106766343,0
0.8600000000000005,0,20.0,airborne,39.7643526578921,-27.744206271454676,20.905742106766343,0
0.8700000000000006,0,20.0,airborne,39.428191513604126,-37.53175142441386,20.905742106766343,0
0.8800000000000006,0,20.0,airborne,38.99411370134578,-47.32583836380234,20.905742106766343,0
0.8900000000000006,0,20.0,airborne,38.4620648770522,-57.124844423724305,20.905742106766343,0
0.9000000000000006,0,20.0,airborne,37.83200115896969,-66.92786004355989,20.905742106766343,0
0.9100000000000006,0,20.0,airborne,37.103888212553215,-76.73393026667912,20.905742106766343,0
0.9200000000000006,0,20.0,airborne,36.27770086514739,-86.5421737530903,20.905742106766343,0
0.9300000000000006,0,20.0,airborne,35.35342200478662,-96.35184065946565,20.905742106766343,0
0.9400000000000006,0,20.0,airborne,34.33104106604642,-106.16234148349591,20.905742106766343,0
0.9500000000000006,0,20.0,airborne,33.21055240864892,-115.97324681457944,20.905742106766343,0
0.9600000000000006,0,20.0,airborne,31.99195381950275,-125.78426841911379,20.905742106766343,0
0.9700000000000006,0,20.0,airborne,30.67524526261115,-135.5952316900211,20.905742106766343,0
0.9800000000000006,0,20.0,airborne,29.260427918361426,-145.4060465207112,20.905742106766343,0
0.9900000000000007,0,20.0,landing,27.91992854232057,-142.1651723411602,20.905742106766343,0
1.0000000000000007,0,20.0,landing,26.418566294295488,-155.5214386152829,20.905742106766343,0
1.0100000000000007,0,20.0,landing,24.785137866037985,-168.43529884146133,20.905742106766343,0
1.0200000000000007,0,20.0,landing,23.028089236996603,-180.43818214700082,20.905742106766343,0
1.0300000000000007,0,20.0,landing,21.15750004635093,-190.98823326241734,20.905742106766343,1
1.0400000000000007,0,20.0,stand,19.17686690736599,-194.5397508181567,20.905742106766343,1
1.0500000000000007,0,20.0,stand,17.50034665590684,-141.69326268427665,20.905742106766343,1
1.0600000000000007,0,20.0,stand,16.59502725509959,-56.148776586753094,20.905742106766343,1
1.0700000000000007,0,20.0,stand,16.498209919410154,19.533248612971313,20.905742106766343,1
1.0800000000000007,0,20.0,stand,17.082826523371484,82.33591324718778,20.905742106766343,1
1.0900000000000007,0,20.0,stand,18.183256115993267,125.54012690948497,20.905742106766343,1
1.1000000000000008,0,20.0,stand,19.499472671767233,132.33779333302996,20.905742106766343,1
1.1100000000000008,0,20.0,stand,20.766174865537575,122.56311361151255,20.905742106766343,0
1.1200000000000008,0,20.0,stand,21.9311049389927,112.44822999508138,20.905742106766343,0
1.1300000000000008,0,20.0,stand,22.99515089099203,102.38617004528676,20.905742106766343,0
1.1400000000000008,0,20.0,stand,23.961923667438384,92.62671687488698,20.905742106766343,0
1.1500000000000008,0,20.0,stand,24.828276616388507,82.64556842917995,20.905742106766343,0
1.1600000000000008,0,20.0,stand,25.59506853447723,72.70748421039933,20.905742106766343,0
1.1700000000000008,0,20.0,stand,26.26272492221956,62.80907669699427,20.905742106766343,0
1.1800000000000008,0,20.0,stand,26.834417975316892,53.16607267529635,20.905742106766343,0
1.1900000000000008,0,20.0,stand,27.306697768047666,43.26900803186414,20.905742106766343,0
1.2000000000000008,0,20.0,stand,27.680069017720673,33.38522572196998,20.905742106766343,0
1.2100000000000009,0,20.0,stand,27.95472181489242,23.521083040280953,20.905742106766343,0
1.2200000000000009,0,20.0,stand,28.13083434244929,13.673258567013328,20.905742106766343,0
1.2300000000000009,0,20.0,stand,28.208544226680836,3.8374554151799787,20.905742106766343,0
1.2400000000000009,0,20.0,stand,28.185122542511117,-6.208079491382047,20.905742106766343,0
1.2500000000000009,0,20.0,stand,28.064462428452703,-15.968857273126746,20.905742106766343,0
1.260000000000001,0,20.0,stand,27.846209431661496,-25.731051641895842,20.905742106766343,0
1.270000000000001,0,20.0,stand,27.530263938495313,-35.50521420563005,20.905742106766343,0
1.280000000000001,0,20.0,stand,27.116505673625518,-45.29094301564084,20.905742106766343,0
1.290000000000001,0,20.0,stand,26.60483470298059,-55.08551367701513,20.905742106766343,0
1.300000000000001,0,20.0,stand,25.995179354780646,-64.88621583792731,20.905742106766343,0
1.310000000000001,0,20.0,stand,25.287493890922043,-74.68958993448578,20.905742106766343,0
1.320000000000001,0,20.0,stand,24.481760220479735,-84.49650184488732,20.905742106766343,0
1.330000000000001,0,20.0,stand,23.580791882449855,-94.07862553123915,20.905742106766343,0
1.340000000000001,0,20.0,stand,22.580864350116965,-103.93831738999799,20.905742106766343,0
1.350000000000001,0,20.0,stand,21.47949638184776,-114.01585258051969,20.905742106766343,0
1.360000000000001,0,20.0,stand,20.29319604872591,-120.912869916091,20.905742106766343,1
1.370000000000001,0,20.0,stand,19.09699559642742,-116.58444037043276,20.905742106766343,1
1.380000000000001,0,20.0,stand,18.07807619649171,-88.22088377133619,20.905742106766343,1
1.390000000000001,0,20.0,stand,17.45981362049417,-43.01052296676473,20.905742106766343,1
1.400000000000001,0,20.0,stand,17.310046932128422,2.965362527444719,20.905742106766343,1
1.410000000000001,0,20.0,stand,17.586182514399358,43.12156951071644,20.905742106766343,1
1.420000000000001,0,20.0,stand,18.215241961401762,74.71616376284642,20.905742106766343,1
1.430000000000001,0,20.0,stand,19.086972873070167,93.34387519455191,20.905742106766343,1
1.440000000000001,0,20.0,stand,19.965190045864702,83.74611785467809,20.905742106766343,0
1.450000000000001,0,20.0,stand,20.742663387200135,73.74548427498647,20.905742106766343,0
1.460000000000001,0,20.0,stand,21.420225935098287,63.76910997841727,20.905742106766343,0
1.470000000000001,0,20.0,stand,21.998284095056377,53.83596689183444,20.905742106766343,0
1.480000000000001,0,20.0,stand,22.477249879572405,43.94155242338202,20.905742106766343,0
1.490000000000001,0,20.0,stand,22.857454767825708,34.07629186869836,20.905742106766343,0
1.500000000000001,0,20.0,stand,23.139130401095215,24.230503124711493,20.905742106766343,0
1.5100000000000011,0,20.0,stand,23.3224327579214,14.399067501838337,20.905742106766343,0
1.5200000000000011,0,20.0,stand,23.40747581777442,4.574962644737815,20.905742106766343,0
1.5300000000000011,0,20.0,stand,23.39430870195307,-5.243870526411571,20.905742106766343,0
1.5400000000000011,0,20.0,stand,23.282971497852568,-15.060099368469555,20.905742106766343,0
1.5500000000000012,0,20.0,stand,23.073477783900703,-24.875467496331492,20.905742106766343,0
1.5600000000000012,0,20.0,stand,22.765835000906726,-34.69002776247495,20.905742106766343,0
1.5700000000000012,0,20.0,stand,22.360051365757016,-44.50383729860345,20.905742106766343,0
1.5800000000000012,0,20.0,stand,21.856133641345778,-54.31696582300153,20.905742106766343,0
1.5900000000000012,0,20.0,stand,21.25408880365781,-64.12941405105089,20.905742106766343,0
1.6000000000000012,0,20.0,stand,20.571340518883872,-70.19777516563728,20.905742106766343,1
1.6100000000000012,0,20.0,stand,19.866598416713536,-69.76798823615901,20.905742106766343,1
1.6200000000000012,0,20.0,stand,19.206466387151945,-62.64705221093042,20.905742106766343,1
1.6300000000000012,0,20.0,stand,18.6639635121637,-46.9247460313111,20.905742106766343,1
1.6400000000000012,0,20.0,stand,18.34265603837394,-21.646601709677153,20.905742106766343,1
1.6500000000000012,0,20.0,stand,18.28194583166642,4.017872086344551,20.905742106766343,1
1.6600000000000013,0,20.0,stand,18.462346912138887,26.900988242931305,20.905742106766343,1
1.6700000000000013,0,20.0,stand,18.841591370053095,44.75951366358931,20.905742106766343,1
1.6800000000000013,0,20.0,stand,19.35618633080695,53.78729537853256,20.905742106766343,1
1.6900000000000013,0,20.0,stand,19.838111356398368,44.18778782766614,20.905742106766343,1
1.7000000000000013,0,20.0,stand,20.220668927552648,34.295654138595566,20.905742106766343,1
1.7100000000000013,0,20.0,stand,20.504239089051374,24.399907707289874,20.905742106766343,1
1.7200000000000013,0,20.0,stand,20.688957691262665,14.522528381130625,20.905742106766343,1
1.7300000000000013,0,20.0,stand,20.77501871241913,4.664085207071623,20.905742106766343,1
1.7400000000000013,0,20.0,stand,20.76287568745193,-5.096212290561478,20.905742106766343,1
1.7500000000000013,0,20.0,stand,20.655683776565034,-14.381054188710934,20.905742106766343,1
1.7600000000000013,0,20.0,stand,20.460332746667174,-22.835795341483955,20.905742106766343,1
1.7700000000000014,0,20.0,stand,20.191090421923814,-29.288871801635292,20.905742106766343,1
1.7800000000000014,0,20.0,stand,19.875930897545693,-32.347331868828135,20.905742106766343,1
1.7900000000000014,0,20.0,stand,19.565895667926352,-29.520763995338022,20.905742106766343,1
1.8000000000000014,0,20.0,stand,19.322269136522248,-20.54287814381694,20.905742106766343,1
1.8100000000000014,0,20.0,stand,19.18761740448324,-8.531443401302822,20.905742106766343,1
1.8200000000000014,0,20.0,stand,19.177223135554485,3.848870983599807,20.905742106766343,1
1.8300000000000014,0,20.0,stand,19.284253499084407,14.831193331464853,20.905742106766343,1
1.8400000000000014,0,20.0,stand,19.483764857482154,22.71096717179843,20.905742106766343,1
1.8500000000000014,0,20.0,stand,19.73270009043895,26.06841076060048,20.905742106766343,1
1.8600000000000014,0,20.0,stand,19.961295071473277,19.635767859714928,20.905742106766343,1
1.8700000000000014,0,20.0,stand,20.099974521922228,9.96328989257005,20.905742106766343,1
1.8800000000000014,0,20.0,stand,20.14072417490487,0.21333993215912372,20.905742106766343,1
1.8900000000000015,0,20.0,stand,20.088757937734332,-8.365111212176808,20.905742106766343,1
1.9000000000000015,0,20.0,stand,19.966482457484684,-14.410160882289622,20.905742106766343,1
1.9100000000000015,0,20.0,stand,19.803065507855877,-17.15604178344281,20.905742106766343,1
1.9200000000000015,0,20.0,stand,19.63351476269855,-16.366110573743935,20.905742106766343,1
1.9300000000000015,0,20.0,stand,19.490141211439514,-12.466876631911198,20.905742106766343,1
1.9400000000000015,0,20.0,stand,19.401884448646122,-6.165870189389838,20.905742106766343,1
1.9500000000000015,0,20.0,stand,19.38417704337338,1.219149086768471,20.905742106766343,1
1.9600000000000015,0,20.0,stand,19.440724456915127,8.528409476857906,20.905742106766343,1
1.9700000000000015,0,20.0,stand,19.5646352479196,14.772940993011725,20.905742106766343,1
1.9800000000000015,0,20.0,stand,19.741144064092506,19.303998154354307,20.905742106766343,1
1.9900000000000015,0,20.0,stand,19.94314030316202,19.589327092269805,20.905742106766343,1
2.0000000000000013,0,20.0,stand,20.11674833939589,15.701560388080626,20.905742106766343,1
2.010000000000001,0,20.0,stand,20.24570378913197,10.930632281062255,20.905742106766343,1
2.020000000000001,0,20.0,stand,20.32295069172951,5.511078183572526,20.905742106766343,1
2.0300000000000007,0,20.0,stand,20.343172562932246,-0.3288609584598059,20.905742106766343,1
2.0400000000000005,0,20.0,stand,20.30586132478279,-5.919871851985812,20.905742106766343,1
2.0500000000000003,0,20.0,stand,20.21758532807849,-10.611292267873322,20.905742106766343,1
2.06,0,20.0,stand,20.090087556222127,-13.975783115289858,20.905742106766343,1
2.07,0,20.0,stand,19.938524873499272,-15.673309993615137,20.905742106766343,1
2.0799999999999996,0,20.0,stand,19.785384286429224,-14.695514695983444,20.905742106766343,1
2.0899999999999994,0,20.0,stand,19.657942955156294,-11.15811909173435,20.905742106766343,1
2.099999999999999,0,20.0,stand,19.5768607062195,-5.909964355277302,20.905742106766343,1
2.109999999999999,0,20.0,stand,19.553249686996065,0.015472820763304251,20.905742106766343,1
2.1199999999999988,0,20.0,stand,19.58810622783611,5.727710116926021,20.905742106766343,1
2.1299999999999986,0,20.0,stand,19.67525469390838,10.547035100205065,20.905742106766343,1
2.1399999999999983,0,20.0,stand,19.80205280340945,13.782331518644265,20.905742106766343,1
2.149999999999998,0,20.0,stand,19.94655940558325,14.702649079690588,20.905742106766343,1
2.159999999999998,0,20.0,stand,20.0716944957401,10.871774594823256,20.905742106766343,1
2.1699999999999977,0,20.0,stand,20.153751620111006,6.351112569868751,20.905742106766343,1
2.1799999999999975,0,20.0,stand,20.187424684676845,1.3218978499955485,20.905742106766343,1
2.1899999999999973,0,20.0,stand,20.16916097713641,-3.9103696049537944,20.905742106766343,1
2.199999999999997,0,20.0,stand,20.100477930673218,-8.746214462920806,20.905742106766343,1
2.209999999999997,0,20.0,stand,19.99231876351978,-11.898815688211664,20.905742106766343,1
2.2199999999999966,0,20.0,stand,19.86654247974132,-12.724387573854443,20.905742106766343,1
2.2299999999999964,0,20.0,stand,19.745458233957393,-11.433416000556598,20.905742106766343,1
2.239999999999996,0,20.0,stand,19.649299011144567,-8.334974872333271,20.905742106766343,1
2.249999999999996,0,20.0,stand,19.590019889155123,-4.2199957495995655,20.905742106766343,1
2.259999999999996,0,20.0,stand,19.574903804441536,0.2996979033606984,20.905742106766343,1
2.2699999999999956,0,20.0,stand,19.60397125921731,4.576234367003981,20.905742106766343,1
2.2799999999999954,0,20.0,stand,19.6715691195304,8.079590274820097,20.905742106766343,1
2.289999999999995,0,20.0,stand,19.767154298882108,10.357628627160233,20.905742106766343,1
2.299999999999995,0,20.0,stand,19.874526938855308,10.466290027306892,20.905742106766343,1
2.3099999999999947,0,20.0,stand,19.964303175243124,7.383848856581709,20.905742106766343,1
2.3199999999999945,0,20.0,stand,20.007512101425878,2.1940907223111257,20.905742106766343,1
2.3299999999999943,0,20.0,stand,19.996282961999363,-3.3194145523286847,20.905742106766343,1
2.339999999999994,0,20.0,stand,19.932422553962436,-8.31014336478919,20.905742106766343,1
2.349999999999994,0,20.0,stand,19.82676353801581,-11.70766546872849,20.905742106766343,1
2.3599999999999937,0,20.0,stand,19.704239341053253,-12.25403292644177,20.905742106766343,1
2.3699999999999934,0,20.0,stand,19.59437605977778,-9.910258169889556,20.905742106766343,1
2.3799999999999932,0,20.0,stand,19.520304815481097,-5.562547266062843,20.905742106766343,1
2.389999999999993,0,20.0,stand,19.494868378294083,-0.5028744011768508,20.905742106766343,1
2.399999999999993,0,20.0,stand,19.518992548737227,4.346784346308268,20.905742106766343,1
2.4099999999999926,0,20.0,stand,19.58780529367493,8.448360713965538,20.905742106766343,1
2.4199999999999924,0,20.0,stand,19.690616840414325,11.300706965174685,20.905742106766343,1
2.429999999999992,0,20.0,stand,19.812201551663104,12.544570920821311,20.905742106766343,1
2.439999999999992,0,20.0,stand,19.937269607655566,12.255229441101207,20.905742106766343,1
2.4499999999999917,0,20.0,stand,20.037262662731226,7.917795801486904,20.905742106766343,1
2.4599999999999915,0,20.0,stand,20.08074315131371,2.0771051730748993,20.905742106766343,1
2.4699999999999913,0,20.0,stand,20.066454160589736,-3.7024962024377364,20.905742106766343,1
2.479999999999991,0,20.0,stand,19.999641849973752,-8.454420931419934,20.905742106766343,1
2.489999999999991,0,20.0,stand,19.89636994615668,-11.284843520492812,20.905742106766343,1
2.4999999999999907,0,20.0,stand,19.78024361167886,-11.412032740372771,20.905742106766343,1
2.5099999999999905,0,20.0,stand,19.67973165651816,-8.845846310047827,20.905742106766343,1
2.5199999999999902,0,20.0,stand,19.61487799098571,-4.58551940866248,20.905742106766343,1
2.52999999999999,0,20.0,stand,19.599214316286247,0.46424724999052003,20.905742106766343,1
2.53999999999999,0,20.0,stand,19.63298834449666,5.227771572824647,20.905742106766343,1
2.5499999999999896,0,20.0,stand,19.70897011456002,9.013229231329747,20.905742106766343,1
2.5599999999999894,0,20.0,stand,19.814679926450772,11.404430268007113,20.905742106766343,1
2.569999999999989,0,20.0,stand,19.933404190067623,11.710347814906843,20.905742106766343,1
2.579999999999989,0,20.0,stand,20.034378509177287,8.915421908878612,20.905742106766343,1
2.5899999999999888,0,20.0,stand,20.102283347727496,5.260094505589231,20.905742106766343,1
2.5999999999999885,0,20.0,stand,20.129084419252866,0.9039892469007228,20.905742106766343,1
2.6099999999999883,1,35.0,stand,20.114915372147284,-3.0522264584137893,0.0,1
2.619999999999988,1,35.0,stand,20.06472372977812,-6.14309184566256,0.01416904710558331,1
2.629999999999988,1,35.0,stand,19.993059406064468,-7.6165471762319745,0.06436068947474616,1
2.6399999999999877,1,35.0,stand,19.917049273568484,-7.369217694799389,0.13602501318839832,1
2.6499999999999875,1,35.0,stand,19.852813025713026,-5.620076993685998,0.21203514568438053,1
2.6599999999999873,1,35.0,stand,19.812506816643204,-2.8804334121039785,0.27627139353983976,1
2.669999999999987,1,35.0,stand,19.802190267319535,0.2025719186615288,0.3165776026096606,1
2.679999999999987,1,35.0,stand,19.82159334066701,3.038648549288578,0.3268941519333296,1
2.6899999999999866,1,35.0,stand,19.86595812404783,5.262941203126855,0.3074910785858531,1
2.6999999999999864,1,35.0,stand,19.92718002160867,6.5549182550078395,0.26312629520503783,1
2.709999999999986,1,35.0,stand,19.994614826277388,6.704668398210679,0.20190439764419532,1
2.719999999999986,1,35.0,stand,20.055990423300944,5.591707885474539,0.134469592975478,1
2.7299999999999858,1,35.0,stand,20.095828560436743,2.5276627829524654,0.07309399595192001,1
2.7399999999999856,1,35.0,stand,20.09723351056763,-1.442521208287732,0.033255858816122474,1
2.7499999999999853,1,35.0,stand,20.06090784553118,-4.977945969013288,0.031850908685235324,1
2.759999999999985,1,35.0,stand,19.996227512935825,-7.254338426764326,0.06817657372168717,1
2.769999999999985,1,35.0,stand,19.918348842864045,-7.924913824076965,0.1328569063170415,1
2.7799999999999847,1,35.0,stand,19.843410918032827,-7.004084082765363,0.2107355763888208,1
2.7899999999999845,1,35.0,stand,19.78602504119236,-4.749981041555821,0.2856735012200379,1
2.7999999999999843,1,35.0,stand,19.756262981133546,-1.737084882359232,0.34305937806050624,1
2.809999999999984,1,35.0,stand,19.756897690970774,1.3707479760698476,0.37282143811931956,1
2.819999999999984,1,35.0,stand,19.7889762947634,4.210370874114199,0.37218672828208954,1
2.8299999999999836,1,35.0,stand,19.84351341338446,6.150012743491943,0.34010812448946326,1
2.8399999999999834,1,35.0,stand,19.911060899171147,7.002579171429316,0.2855710058684041,1
2.849999999999983,1,35.0,stand,19.979977884509545,6.653989077891518,0.21802352008171988,1
2.859999999999983,1,35.0,stand,20.03721598431248,4.810962504747783,0.1491065347433207,1
2.869999999999983,1,35.0,stand,20.066808201386227,1.6297852329679234,0.09186843494038699,1
2.8799999999999826,1,35.0,stand,20.062193285204017,-1.8221376733065429,0.06227621786663862,1
2.8899999999999824,1,35.0,stand,20.026108715396358,-4.681017249653693,0.0668911340488465,1
2.899999999999982,1,35.0,stand,19.967678625181374,-6.45418691264219,0.10297570385650878,1
2.909999999999982,1,35.0,stand,19.899173114230784,-6.9381078297626475,0.16140579407149247,1
2.9199999999999817,1,35.0,stand,19.83352988499287,-6.157707930751386,0.2299113050220819,1
2.9299999999999815,1,35.0,stand,19.782167671363716,-4.340008950113401,0.2955545342599952,1
2.9399999999999813,1,35.0,stand,19.752854405504763,-1.9538472642290312,0.3469167478891505,1
2.949999999999981,1,35.0,stand,19.748078490046854,0.48350890301849603,0.3762300137481023,1
2.959999999999981,1,35.0,stand,19.765982816465534,2.591105618979205,0.38100592920601306,1
2.9699999999999807,1,35.0,stand,19.801411853020383,4.081899316150101,0.36310160278733017,1
2.9799999999999804,1,35.0,stand,19.846964659700134,4.748439582863253,0.3276725662324842,1
2.9899999999999802,1,35.0,stand,19.893449593418747,4.44936327973615,0.28211975955273194,1
2.99999999999998,1,35.0,stand,19.929014225440948,2.8856240524209222,0.235634825834119,1
3.00999999999998,1,35.0,crouch,19.768206303757747,-16.967410704072183,0.235634825834119,0
3.0199999999999796,1,35.0,crouch,19.555345280089295,-24.097821192208045,0.235634825834119,0
3.0299999999999794,1,35.0,crouch,19.27095248988134,-31.455896228574154,0.235634825834119,0
3.039999999999979,1,35.0,crouch,18.908121372566384,-39.59242030184741,0.235634825834119,0
3.049999999999979,1,35.0,crouch,18.460382394398017,-48.28970565413705,0.235634825834119,0
3.0599999999999787,1,35.0,crouch,17.92324249374804,-57.371993391853515,0.235634825834119,0
3.0699999999999785,1,35.0,crouch,17.293655243981302,-66.71044188935036,0.235634825834119,0
3.0799999999999783,1,35.0,crouch,16.569834665626672,-76.1372831440068,0.235634825834119,0
3.089999999999978,1,35.0,crouch,15.815601229024148,-67.98738216028141,0.235634825834119,1
3.099999999999978,1,35.0,crouch,15.449371738815513,-16.35440068568589,0.235634825834119,1
3.1099999999999777,1,35.0,crouch,15.520046161544384,19.79021837817391,0.235634825834119,1
3.1199999999999775,1,35.0,crouch,15.815370684396695,32.93613256855396,0.235634825834119,1
3.1299999999999772,1,35.0,crouch,16.119453069071124,27.02806449066632,0.235634825834119,1
3.139999999999977,1,35.0,crouch,16.330544723031682,17.15804046898391,0.235634825834119,1
3.149999999999977,1,35.0,crouch,16.443144137486676,7.449346219211463,0.235634825834119,1
3.1599999999999766,1,35.0,crouch,16.468151993424783,-0.5258760651927806,0.235634825834119,1
3.1699999999999764,1,35.0,crouch,16.427906906649206,-5.91873440748563,0.235634825834119,1
3.179999999999976,1,35.0,crouch,16.35992696352803,-6.54762008855469,0.235634825834119,1
3.189999999999976,1,35.0,crouch,16.318991051654173,-2.1523324856648296,0.235634825834119,1
3.1999999999999758,1,35.0,crouch,16.32025252504683,1.1787691921625627,0.235634825834119,1
3.2099999999999755,1,35.0,takeoff,17.270871378213513,172.09533119425714,0.235634825834119,1
3.2199999999999753,1,35.0,takeoff,19.46315666306654,242.73414546183116,0.235634825834119,1
3.229999999999975,1,35.0,takeoff,22.05266113432853,255.37271902345591,2.1592115409097863,1
3.239999999999975,1,35.0,takeoff,24.497974131762142,239.55559973040184,4.604524538343396,0
3.2499999999999747,1,35.0,takeoff,26.813030697060743,226.37635745127068,6.9195811036419945,0
3.2599999999999745,1,35.0,takeoff,29.007766901317545,214.7946681522596,9.114317307898798,0
3.2699999999999743,1,35.0,takeoff,31.088079485429198,203.59285670454165,11.194629892010452,0
3.279999999999974,1,35.0,takeoff,33.059403972270964,192.87984221909912,13.165954378852215,0
3.289999999999974,1,35.0,takeoff,34.92568560170137,182.49443509100828,15.03223600828262,0
3.2999999999999736,1,35.0,takeoff,36.68941270789413,172.3128216268023,16.795963114475384,0
3.3099999999999734,1,35.0,takeoff,38.35214418698148,162.26033690884717,18.458694593562733,0
3.319999999999973,1,35.0,takeoff,39.91487877931371,152.29108973925005,20.021429185894966,0
3.329999999999973,1,35.0,airborne,40.85452679908783,58.12341939228065,20.961077205669078,0
3.3399999999999728,1,35.0,airborne,41.96671463925789,146.46199602873904,22.073265045839143,0
3.3499999999999726,1,35.0,airborne,42.86857799055034,52.475721610894276,22.9751283971316,0
3.3599999999999723,1,35.0,airborne,44.07205472042165,114.45395217872107,24.178605127002896,0
3.369999999999972,1,35.0,airborne,45.147853140170746,103.22646385277827,25.254403546752002,0
3.379999999999972,1,35.0,airborne,46.11905933869597,93.11297083888806,26.22560974527722,0
3.3899999999999717,1,35.0,airborne,46.990987460661614,83.26008074934063,27.09753786724287,0
3.3999999999999715,1,35.0,airborne,47.76476319282863,73.45799255695384,27.871313599409888,0
3.4099999999999713,1,35.0,airborne,48.44056440050712,63.66133348276002,28.54711480708837,0
3.419999999999971,1,35.0,airborne,49.01837731816449,53.860914440611786,29.124927724745742,0
3.429999999999971,1,35.0,airborne,49.498170991983976,44.05797250154516,29.604721398565225,0
3.4399999999999706,1,35.0,airborne,49.87991958850767,34.25246790680362,29.986469995088918,0
3.4499999999999704,1,35.0,airborne,50.16360354779669,24.445661889257185,30.270153954377943,0
3.45999999999997,1,35.0,airborne,50.34921677291191,14.638347351833914,30.455767179493165,0
3.46999999999997,1,35.0,airborne,50.43675318145168,4.830423389617964,30.543303588032934,0
3.47999999999997,1,35.0,airborne,50.426206868071255,-4.978073336438438,30.543303588032934,0
3.4899999999999696,1,35.0,airborne,50.31757253062917,-14.787067371572796,30.543303588032934,0
3.4999999999999694,1,35.0,airborne,50.11084577943903,-24.596459777592234,30.543303588032934,0
3.509999999999969,1,35.0,airborne,49.806023250277335,-34.406147889385565,30.543303588032934,0
3.519999999999969,1,35.0,airborne,49.4031025549427,-44.216038795073,30.543303588032934,0
3.5299999999999687,1,35.0,airborne,48.90208213830176,-54.026056120364096,30.543303588032934,0
3.5399999999999685,1,35.0,airborne,48.30296109844882,-63.83614191841554,30.543303588032934,0
3.5499999999999683,1,35.0,airborne,47.60573900752311,-73.64625552522529,30.543303588032934,0
3.559999999999968,1,35.0,airborne,46.81041575440101,-83.45637084119465,30.543303588032934,0
3.569999999999968,1,35.0,airborne,45.91699141855813,-93.26647305682654,30.543303588032934,0
3.5799999999999677,1,35.0,airborne,44.925466176558416,-103.07655546131791,30.543303588032934,0
3.5899999999999674,1,35.0,airborne,43.835840238057315,-112.8866166818685,30.543303588032934,0
3.5999999999999672,1,35.0,airborne,42.64811380602287,-122.6966584964836,30.543303588032934,0
3.609999999999967,1,35.0,airborne,41.36228705529431,-132.50668423106507,30.543303588032934,0
3.619999999999967,1,35.0,airborne,39.97836012398018,-142.3166976764342,30.543303588032934,0
3.6299999999999666,1,35.0,airborne,38.496333113073504,-152.1267024266436,30.543303588032934,0
3.6399999999999664,1,35.0,airborne,36.91620609070882,-161.93670153264097,30.543303588032934,0
3.649999999999966,1,35.0,airborne,35.2379790985021,-171.7466973740336,30.543303588032934,0
3.659999999999966,1,35.0,airborne,33.46165215829148,-181.55669166827903,30.543303588032934,0
3.6699999999999657,1,35.0,airborne,31.587225278289782,-191.36668555562127,30.543303588032934,0
3.6799999999999655,1,35.0,airborne,29.6146984581667,-201.17667971614927,30.543303588032934,0
3.6899999999999653,1,35.0,landing,27.716343671054716,-197.95543651539174,30.543303588032934,0
3.699999999999965,1,35.0,landing,25.657033048307348,-211.31854561869682,30.543303588032934,0
3.709999999999965,1,35.0,landing,23.462435644134803,-224.36930764446842,30.543303588032934,0
3.7199999999999647,1,35.0,landing,21.146340015848068,-236.32915119627307,30.543303588032934,0
3.7299999999999645,1,35.0,landing,18.79008216548808,-229.64736046367915,30.543303588032934,1
3.7399999999999642,1,35.0,stand,16.662171400411356,-183.87636957667198,30.543303588032934,1
3.749999999999964,1,35.0,stand,15.467468992977935,-75.29003345080619,30.543303588032934,1
3.759999999999964,1,35.0,stand,15.281341365050984,16.528303499345743,30.543303588032934,1
3.7699999999999636,1,35.0,stand,15.904570153460876,90.34434947748413,30.543303588032934,1
3.7799999999999634,1,35.0,stand,17.13466555961579,141.30018810135385,30.543303588032934,1
3.789999999999963,1,35.0,stand,18.705380479157476,164.34223788152295,30.543303588032934,1
3.799999999999963,1,35.0,stand,20.330820661891185,158.79206773179843,30.543303588032934,0
3.8099999999999627,1,35.0,stand,21.85775332182973,148.63224407807306,30.543303588032934,0
3.8199999999999625,1,35.0,stand,23.283297647932404,138.51189628278016,30.543303588032934,0
3.8299999999999623,1,35.0,stand,24.605298720211934,128.25634121889874,30.543303588032934,0
3.839999999999962,1,35.0,stand,25.828383320064784,118.35394647466819,30.543303588032934,0
3.849999999999962,1,35.0,stand,26.95277698198147,108.499822041935,30.543303588032934,0
3.8599999999999617,1,35.0,stand,27.978755670822064,98.66510841052495,30.543303588032934,0
3.8699999999999615,1,35.0,stand,28.906454499441203,88.84068868065292,30.543303588032934,0
3.8799999999999613,1,35.0,stand,29.73594254490386,79.02136230624141,30.543303588032934,0
3.889999999999961,1,35.0,stand,30.46443676586782,68.9874324371349,30.543303588032934,0
3.899999999999961,1,35.0,stand,31.09577758704901,59.23468044900423,30.543303588032934,0
3.9099999999999606,1,35.0,stand,31.629584128653104,49.475762017473265,30.543303588032934,0
3.9199999999999604,1,35.0,stand,32.065714837806084,39.70283837482637,30.543303588032934,0
3.92999999999996,1,35.0,stand,32.404036543548806,29.916815446689167,30.543303588032934,0
3.93999999999996,1,35.0,stand,32.64443553835566,20.120905389597006,30.543303588032934,0
3.9499999999999598,1,35.0,stand,32.78683575263395,10.318808616323457,30.543303588032934,0
3.9599999999999596,1,35.0,stand,32.83119401958839,0.5144057675545627,30.543303588032934,0
3.9699999999999593,1,35.0,stand,32.77749628544107,-9.2931208925324,30.543303588032934,0
3.979999999999959,1,35.0,stand,32.625714338250724,-19.101592133555805,30.543303588032934,0
3.989999999999959,1,35.0,stand,32.37584181259473,-28.91121240176465,30.543303588032934,0
3.9999999999999587,1,35.0,stand,32.02786556253774,-38.72202176714982,30.543303588032934,0
4.009999999999959,1,35.0,stand,31.584637027081808,-48.30501236755057,30.543303588032934,0
4.019999999999959,1,35.0,stand,31.042439455521976,-58.16564401222496,30.543303588032934,0
4.0299999999999585,1,35.0,stand,30.401611025784103,-68.02633740425809,30.543303588032934,0
4.039999999999958,1,35.0,stand,29.662239593317423,-77.87613451095181,30.543303588032934,0
4.049999999999958,1,35.0,stand,28.824438491183468,-87.71471899840428,30.543303588032934,0
4.059999999999958,1,35.0,stand,27.88830773577413,-97.5443108068882,30.543303588032934,0
4.069999999999958,1,35.0,stand,26.853921046702634,-107.36753082398955,30.543303588032934,0
4.079999999999957,1,35.0,stand,25.721330187921776,-117.18630691104572,30.543303588032934,0
4.089999999999957,1,35.0,stand,24.490570261375776,-127.00214043266828,30.543303588032934,0
4.099999999999957,1,35.0,stand,23.164522920478714,-136.58768353396997,30.543303588032934,0
4.109999999999957,1,35.0,stand,21.739490598874507,-146.4495887036971,30.543303588032934,0
4.119999999999957,1,35.0,stand,20.224494576029635,-154.14194720395173,30.543303588032934,1
4.129999999999956,1,35.0,stand,18.697419503386715,-147.1118204669613,30.543303588032934,1
4.139999999999956,1,35.0,stand,17.492032745887016,-98.74943383874368,30.543303588032934,1
4.149999999999956,1,35.0,stand,16.887501360476524,-34.71169819725712,30.543303588032934,1
4.159999999999956,1,35.0,stand,16.893727374165696,22.90754295234217,30.543303588032934,1
4.1699999999999555,1,35.0,stand,17.417341160999495,70.37503414026568,30.543303588032934,1
4.179999999999955,1,35.0,stand,18.330974773032757,103.0277406830824,30.543303588032934,1
4.189999999999955,1,35.0,stand,19.44248920418996,111.88791545441387,30.543303588032934,0
4.199999999999955,1,35.0,stand,20.498366865597,101.51984623370569,30.543303588032934,0
4.209999999999955,1,35.0,stand,21.452895928326097,91.41391453724906,30.543303588032934,0
4.2199999999999545,1,35.0,stand,22.306715465739344,81.36998835303139,30.543303588032934,0
4.229999999999954,1,35.0,stand,23.057638817557226,71.17222058485531,30.543303588032934,0
4.239999999999954,1,35.0,stand,23.710157602097745,61.31349814844026,30.543303588032934,0
4.249999999999954,1,35.0,stand,24.264330434749397,51.488687180693105,30.543303588032934,0
4.259999999999954,1,35.0,stand,24.720327459985935,41.67452161571698,30.543303588032934,0
4.269999999999953,1,35.0,stand,25.078207461039092,31.863857338968536,30.543303588032934,0
4.279999999999953,1,35.0,stand,25.33798578645149,22.053811003299373,30.543303588032934,0
4.289999999999953,1,35.0,stand,25.499662116273097,12.243427968359269,30.543303588032934,0
4.299999999999953,1,35.0,stand,25.56323363419673,2.4338740434509982,30.543303588032934,0
4.3099999999999525,1,35.0,stand,25.528708207879454,-7.377236608028389,30.543303588032934,0
4.319999999999952,1,35.0,stand,25.396069116327702,-17.18823614446775,30.543303588032934,0
4.329999999999952,1,35.0,stand,25.165319544945696,-26.999533250311416,30.543303588032934,0
4.339999999999952,1,35.0,stand,24.836453493011692,-36.81135484261471,30.543303588032934,0
4.349999999999952,1,35.0,stand,24.409469328227065,-46.62307059356244,30.543303588032934,0
4.3599999999999515,1,35.0,stand,23.8843703749625,-56.43439232936869,30.543303588032934,0
4.369999999999951,1,35.0,stand,23.261160748862046,-66.24528665641333,30.543303588032934,0
4.379999999999951,1,35.0,stand,22.539844386064807,-76.05583511776808,30.543303588032934,0
4.389999999999951,1,35.0,stand,21.720423827887085,-85.86618353695596,30.543303588032934,0
4.399999999999951,1,35.0,stand,20.81160412964884,-93.78960260371275,30.543303588032934,1
4.40999999999995,1,35.0,stand,19.845751428923585,-97.6857080947382,30.543303588032934,1
4.41999999999995,1,35.0,stand,18.91001568583991,-87.70955352064999,30.543303588032934,1
4.42999999999995,1,35.0,stand,18.207244357951826,-56.49760252166342,30.543303588032934,1
4.43999999999995,1,35.0,stand,17.880968279496827,-16.933098537597008,30.543303588032934,1
4.4499999999999496,1,35.0,stand,17.928473024701567,18.535626883560294,30.543303588032934,1
4.459999999999949,1,35.0,stand,18.298093335807735,48.34856339755724,30.543303588032934,1
4.469999999999949,1,35.0,stand,18.917212998011426,69.56082509693726,30.543303588032934,1
4.479999999999949,1,35.0,stand,19.65169800933268,71.59811822533881,30.543303588032934,0
4.489999999999949,1,35.0,stand,20.306313045779703,61.44341908588703,30.543303588032934,1
4.4999999999999485,1,35.0,stand,20.86051757888681,51.410990267609016,30.543303588032934,1
4.509999999999948,1,35.0,stand,21.314698550582968,41.43004320292272,30.543303588032934,0
4.519999999999948,1,35.0,stand,21.66937917057309,31.499567168096014,30.543303588032934,0
4.529999999999948,1,35.0,stand,21.925006754752577,21.609472585495226,30.543303588032934,0
4.539999999999948,1,35.0,stand,22.081912819309736,11.747786095766365,30.543303588032934,0
4.549999999999947,1,35.0,stand,22.140323176126863,1.905274781514859,30.543303588032934,0
4.559999999999947,1,35.0,stand,22.10038827880832,-7.924683052916445,30.543303588032934,0
4.569999999999947,1,35.0,stand,21.962203558547643,-17.74688874580017,30.543303588032934,0
4.579999999999947,1,35.0,stand,21.725825644536677,-27.564610827172224,30.543303588032934,0
4.589999999999947,1,35.0,stand,21.394620825173895,-36.6483438629776,30.543303588032934,1
4.599999999999946,1,35.0,stand,20.98171326092241,-44.13717128258056,30.543303588032934,1
4.609999999999946,1,35.0,stand,20.50616367210113,-49.52300992564292,30.543303588032934,1
4.619999999999946,1,35.0,stand,19.992808449104537,-51.9324490835202,30.543303588032934,1
4.629999999999946,1,35.0,stand,19.4884000829658,-48.54071050265625,30.543303588032934,1
4.6399999999999455,1,35.0,stand,19.07128287126218,-35.989171421790935,30.543303588032934,1
4.649999999999945,1,35.0,stand,18.823685690391283,-16.818980632426868,30.543303588032934,1
4.659999999999945,1,35.0,stand,18.77334301421493,2.57034154473781,30.543303588032934,1
4.669999999999945,1,35.0,stand,18.904294535374227,19.761544664982996,30.543303588032934,1
4.679999999999945,1,35.0,stand,19.188652769774464,33.674616299677105,30.543303588032934,1
4.689999999999944,1,35.0,stand,19.581566623059448,41.79177425541234,30.543303588032934,1
4.699999999999944,1,35.0,stand,19.952566451160823,33.66209421950232,30.543303588032934,1
4.709999999999944,1,35.0,stand,20.22999271234608,23.754275972697307,30.543303588032934,1
4.719999999999944,1,35.0,stand,20.407866999531592,13.813644422470356,30.543303588032934,1
4.729999999999944,1,35.0,stand,20.486533502304095,3.9064479022610414,30.543303588032934,1
4.739999999999943,1,35.0,stand,20.466605532221493,-5.885672385644525,30.543303588032934,1
4.749999999999943,1,35.0,stand,20.351867584224102,-15.07966302865773,30.543303588032934,1
4.759999999999943,1,35.0,stand,20.151723635248874,-23.114646811086427,30.543303588032934,1
4.769999999999943,1,35.0,stand,19.881582722049902,-29.20957663481838,30.543303588032934,1
4.7799999999999425,1,35.0,stand,19.57316911859299,-31.18446246714605,30.543303588032934,1
4.789999999999942,1,35.0,stand,19.28693757347839,-25.983445210876937,30.543303588032934,1
4.799999999999942,1,35.0,stand,19.08527686849476,-15.565024588427987,30.543303588032934,1
4.809999999999942,1,35.0,stand,19.005282119907264,-2.9099693877943826,30.543303588032934,1
4.819999999999942,1,35.0,stand,19.04969577488232,9.199546127470839,30.543303588032934,1
4.8299999999999415,1,35.0,stand,19.20686109093446,19.764990462822894,30.543303588032934,1
4.839999999999941,1,35.0,stand,19.453667271369195,27.41853167243574,30.543303588032934,1
4.849999999999941,1,35.0,stand,19.738639357736794,28.819063859712045,30.543303588032934,1
4.859999999999941,1,35.0,stand,20.027348191426363,28.730305395510094,30.543303588032934,1
4.869999999999941,1,35.0,stand,20.279763788191943,21.812575768433064,30.543303588032934,1
4.87999999999994,1,35.0,stand,20.440046197173427,12.072200813731584,30.543303588032934,1
4.88999999999994,1,35.0,stand,20.501371012994955,2.175895111259006,30.543303588032934,1
4.89999999999994,1,35.0,stand,20.46397315326155,-7.661371140655607,30.543303588032934,1
4.90999999999994,1,35.0,stand,20.330573295798086,-17.017906123143238,30.543303588032934,1
4.9199999999999395,1,35.0,stand,20.109771876395683,-25.269245362871334,30.543303588032934,1
4.929999999999939,1,35.0,stand,19.818287410281723,-31.190569143647085,30.543303588032934,1
4.939999999999939,1,35.0,stand,19.493038664961354,-32.796369034812585,30.543303588032934,1
4.949999999999939,1,35.0,stand,19.192114894193757,-27.31444892851379,30.543303588032934,1
4.959999999999939,1,35.0,stand,18.98393179926124,-15.788192154754968,30.543303588032934,1
4.9699999999999385,1,35.0,stand,18.908154895479065,-2.205270975826034,30.543303588032934,1
4.979999999999938,1,35.0,stand,18.96205840330142,10.254501556492036,30.543303588032934,1
4.989999999999938,1,35.0,stand,19.132137939427857,20.995410635790186,30.543303588032934,1
4.999999999999938,1,35.0,stand,19.390752938465095,28.550019147813,30.543303588032934,1
5.009999999999938,1,35.0,stand,19.696673536670747,30.99775640134662,30.543303588032934,1
5.019999999999937,1,35.0,stand,20.005309113761097,30.600145954478226,30.543303588032934,1
5.029999999999937,1,35.0,stand,20.275315666656386,23.521253155004928,30.543303588032934,1
5.039999999999937,1,35.0,stand,20.452115426335524,13.7101200235214,30.543303588032934,1
5.049999999999937,1,35.0,stand,20.529727097156304,3.798968155226955,30.543303588032934,1
5.0599999999999365,1,35.0,stand,20.508458726962925,-6.0598893025409435,30.543303588032934,1
5.069999999999936,1,35.0,stand,20.39067697090035,-15.493459291160116,30.543303588032934,1
5.079999999999936,1,35.0,stand,20.184848193234362,-23.664614061714715,30.543303588032934,1
5.089999999999936,1,35.0,stand,19.915411695363748,-28.663333307343013,30.543303588032934,1
5.099999999999936,1,35.0,stand,19.61726428342007,-30.09282409740292,30.543303588032934,1
5.1099999999999355,1,35.0,stand,19.33005158933406,-26.88330500815462,30.543303588032934,1
5.119999999999935,1,35.0,stand,19.112825954058362,-17.734595802018948,30.543303588032934,1
5.129999999999935,1,35.0,stand,19.006279212271078,-5.727778318279222,30.543303588032934,1
5.139999999999935,1,35.0,stand,19.022671642594343,6.465195073419862,30.543303588032934,1
5.149999999999935,1,35.0,stand,19.15477650717769,17.469368401174563,30.543303588032934,1
5.159999999999934,1,35.0,stand,19.383900626487698,26.153440927172156,30.543303588032934,1
5.169999999999934,1,35.0,stand,19.67085249198672,29.112707010705464,30.543303588032934,1
5.179999999999934,1,35.0,stand,19.960283835137812,28.680818083899663,30.543303588032934,1
5.189999999999934,1,35.0,stand,20.222484048900196,23.127023779976078,30.543303588032934,1
5.199999999999934,1,35.0,stand,20.397161876276776,13.539454853847522,30.543303588032934,1
5.209999999999933,2,50.0,stand,20.470207176563406,3.4107791876609976,0.0,1
5.219999999999933,2,50.0,stand,20.4454218696582,-6.386119692602882,-0.07304530028663103,1
5.229999999999933,2,50.0,stand,20.32476607002261,-15.755074679764874,-0.04825999338142484,1
5.239999999999933,2,50.0,stand,20.11668290806398,-23.870397300343086,0.0723958062541663,1
5.2499999999999325,2,50.0,stand,19.845157665992446,-28.888495832821793,0.2804789682127967,1
5.259999999999932,2,50.0,stand,19.549273725163236,-29.08476295453039,0.552004210284332,1
5.269999999999932,2,50.0,stand,19.293400179726007,-22.537972423739273,0.8478881511135405,1
5.279999999999932,2,50.0,stand,19.129447659969642,-11.91791489457663,1.1037616965507702,1
5.289999999999932,2,50.0,stand,19.08300865099792,0.22107065480427673,1.2677142163071338,1
5.299999999999931,2,50.0,stand,19.15516071270061,11.72556608872907,1.3141532252788553,1
5.309999999999931,2,50.0,stand,19.33258199180463,21.409405424172455,1.2420011635761647,1
5.319999999999931,2,50.0,stand,19.588322009354616,27.465801164589948,1.0645798844721444,1
5.329999999999931,2,50.0,stand,19.86006500915497,26.862519336329054,0.8088398669221591,1
5.339999999999931,2,50.0,stand,20.120344096440455,25.32665980719871,0.5370968671218057,1
5.34999999999993,2,50.0,stand,20.35161906074337,20.419188556775147,0.27681777983631917,1
5.35999999999993,2,50.0,stand,20.50035212458646,10.99813790479869,0.04554281553340589,1
5.36999999999993,2,50.0,stand,20.550902107225337,1.098324923554714,-0.10319024830968415,1
5.37999999999993,2,50.0,stand,20.502739103551548,-8.735510162786968,-0.1537402309485597,1
5.3899999999999295,2,50.0,stand,20.35867736520914,-18.08035061662326,-0.10557722727477237,1
5.399999999999929,2,50.0,stand,20.12716341330418,-26.353095225213043,0.038484511067635174,1
5.409999999999929,2,50.0,stand,19.822319175813515,-32.16308058864021,0.26999846297259544,1
5.419999999999929,2,50.0,stand,19.508752416329514,-29.833819250650993,0.57484270046326,1
5.429999999999929,2,50.0,stand,19.256557618610845,-21.482890036723713,0.888409459947262,1
5.4399999999999284,2,50.0,stand,19.111969693465642,-9.501542774394753,1.140604257665931,1
5.449999999999928,2,50.0,stand,19.09363422917493,3.2278910565330414,1.285192182811132,1
5.459999999999928,2,50.0,stand,19.197328603156873,14.92481179476593,1.3035276471018458,1
5.469999999999928,2,50.0,stand,19.40534185561885,24.325590144281232,1.1998332731199046,1
5.479999999999928,2,50.0,stand,19.682875771483378,28.77717482335277,0.991820020657927,1
5.489999999999927,2,50.0,stand,19.963571078162836,27.499188393521745,0.714286104793399,1
5.499999999999927,2,50.0,stand,20.225690174407035,25.184694826451704,0.4335907981139392,1
5.509999999999927,2,50.0,stand,20.425223075323597,16.272624618606066,0.17147170186974092,1
5.519999999999927,2,50.0,stand,20.52877077055554,6.391961275274702,-0.02806119904682214,1
5.5299999999999265,2,50.0,stand,20.533358384259593,-3.4930905995990984,-0.13160889427876465,1
5.539999999999926,2,50.0,stand,20.440132623074643,-13.141081663075937,-0.13619650798281646,1
5.549999999999926,2,50.0,stand,20.25484245420058,-21.92647874524257,-0.04297074679786572,1
5.559999999999926,2,50.0,stand,19.99596026033573,-28.091119230947903,0.1423194220761953,1
5.569999999999926,2,50.0,stand,19.702807228930233,-29.365216786124016,0.4012016159410464,1
5.5799999999999255,2,50.0,stand,19.4337479247332,-24.38108149216406,0.6943546473465428,1
5.589999999999925,2,50.0,stand,19.24648543831306,-14.528613367857535,0.9634139515435763,1
5.599999999999925,2,50.0,stand,19.171574465716603,-2.7172943118409485,1.1506764379637158,1
5.609999999999925,2,50.0,crouch,18.9713869953348,-20.22016120406042,1.1506764379637158,1
5.619999999999925,2,50.0,crouch,18.741618054218502,-25.607929943728113,1.1506764379637158,0
5.629999999999924,2,50.0,crouch,18.441084897309125,-33.10432196432813,1.1506764379637158,0
5.639999999999924,2,50.0,crouch,18.061142607242957,-41.340634306741286,1.1506764379637158,0
5.649999999999924,2,50.0,crouch,17.595509529470746,-50.10380958133383,1.1506764379637158,0
5.659999999999924,2,50.0,crouch,17.040899289001466,-58.87524160189699,1.1506764379637158,1
5.6699999999999235,2,50.0,crouch,16.425122691920333,-60.419030718213484,1.1506764379637158,1
5.679999999999923,2,50.0,crouch,16.024273476895846,-25.361465534048655,1.1506764379637158,1
5.689999999999923,2,50.0,crouch,15.983704089296836,8.804564179845666,1.1506764379637158,1
5.699999999999923,2,50.0,crouch,16.201661750679293,28.043698571960917,1.1506764379637158,1
5.709999999999923,2,50.0,crouch,16.50504227730247,29.63349085920418,1.1506764379637158,1
5.7199999999999225,2,50.0,crouch,16.747002258063105,20.28049140992302,1.1506764379637158,1
5.729999999999922,2,50.0,crouch,16.890607261753058,10.404398641117865,1.1506764379637158,1
5.739999999999922,2,50.0,crouch,16.935746854320076,0.5898026967219965,1.1506764379637158,0
5.749999999999922,2,50.0,crouch,16.882788906592133,-9.21954905439315,1.1506764379637158,0
5.759999999999922,2,50.0,crouch,16.731731890039985,-19.02997007618749,1.1506764379637158,0
5.769999999999921,2,50.0,crouch,16.490897671116763,-26.34545770676838,1.1506764379637158,1
5.779999999999921,2,50.0,crouch,16.229426730779647,-24.158304302050745,1.1506764379637158,1
5.789999999999921,2,50.0,crouch,16.08407132632531,-7.29982159097709,1.1506764379637158,1
5.799999999999921,2,50.0,crouch,16.096210022450762,5.656823353310559,1.1506764379637158,1
5.809999999999921,2,50.0,takeoff,17.21579292860772,187.26629909376103,1.1506764379637158,1
5.81999999999992,2,50.0,takeoff,19.706405031567915,287.29694566879454,1.1506764379637158,1
5.82999999999992,2,50.0,takeoff,23.11744242874942,348.2125404689275,3.870956990436361,1
5.83999999999992,2,50.0,takeoff,26.373284149314983,314.18232977516595,7.126798711001925,0
5.84999999999992,2,50.0,takeoff,29.476776764570367,304.8231395724032,10.230291326257307,0
5.8599999999999195,2,50.0,takeoff,32.437025106069626,291.0312293124948,13.190539667756568,0
5.869999999999919,2,50.0,takeoff,35.27820836721039,279.4716153282146,16.03172292889733,0
5.879999999999919,2,50.0,takeoff,38.009719247510645,268.7734570548511,18.763233809197587,0
5.889999999999919,2,50.0,takeoff,40.633877480642845,258.21971744802033,21.387392042329783,0
5.899999999999919,2,50.0,takeoff,43.1541660165082,247.9298694157772,23.90768057819514,0
5.909999999999918,2,50.0,takeoff,45.572639229818755,237.8099557521379,26.326153791505696,0
5.919999999999918,2,50.0,takeoff,47.89059280263072,227.7968929619903,28.644107364317662,0
5.929999999999918,2,50.0,airborne,49.58599725034394,133.75424964924642,30.339511812030878,0
5.939999999999918,2,50.0,airborne,51.453684120435014,221.94603890862274,32.207198682121955,0
5.949999999999918,2,50.0,airborne,53.111465068861776,128.1581562706104,33.86497963054872,0
5.959999999999917,2,50.0,airborne,54.90698384627694,213.63893346939423,35.66049840796388,0
5.969999999999917,2,50.0,airborne,56.4677489544823,117.60153744753924,37.22126351616924,0
5.979999999999917,2,50.0,airborne,58.20576481807216,178.09552972138246,38.959279379759096,0
5.989999999999917,2,50.0,airborne,59.87382656282595,162.22537427014413,40.62734112451289,0
5.9999999999999165,2,50.0,airborne,61.43021631604633,151.28139602800778,42.18373087773327,0
6.009999999999916,2,50.0,airborne,62.879130969465066,140.6747470159783,43.63264553115201,0
6.019999999999916,2,50.0,airborne,64.22369060428925,130.33969541631998,44.977205165976194,0
6.029999999999916,2,50.0,airborne,65.46605436457027,120.18702332486646,46.21956892625721,0
6.039999999999916,2,50.0,airborne,66.60765059676869,110.15413339770726,47.361165158455634,0
6.0499999999999154,2,50.0,airborne,67.64941225490992,100.19911324930834,48.40292681659685,0
6.059999999999915,2,50.0,airborne,68.59194495223375,90.29478577185237,49.345459513920694,0
6.069999999999915,2,50.0,airborne,69.43564982810896,80.42451501680584,50.189164389795906,0
6.079999999999915,2,50.0,airborne,70.18078592626416,70.57520707073415,50.93430048795111,0
6.089999999999915,2,50.0,airborne,70.82751353014531,60.739216325973324,51.58102809183225,0
6.099999999999914,2,50.0,airborne,71.37593680609949,50.91201377608998,52.12945136778644,0
6.109999999999914,2,50.0,airborne,71.82612098057423,41.089787198865295,52.57963554226117,0
6.119999999999914,2,50.0,airborne,72.1781015863395,31.27063273455006,52.931616148026436,0
6.129999999999914,2,50.0,airborne,72.4319072669506,21.454190143237025,53.185421828637544,0
6.1399999999999135,2,50.0,airborne,72.58756239314198,11.639994216338437,53.34107695482893,0
6.149999999999913,2,50.0,airborne,72.64508645257285,1.8275471717912952,53.398601014259796,0
6.159999999999913,2,50.0,airborne,72.60449401555321,-7.983631732991609,53.398601014259796,0
6.169999999999913,2,50.0,airborne,72.46579518400016,-17.793962240330043,53.398601014259796,0
6.179999999999913,2,50.0,airborne,72.22899635350568,-27.60378067882555,53.398601014259796,0
6.1899999999999125,2,50.0,airborne,71.89410108100262,-37.413336429287774,53.398601014259796,0
6.199999999999912,2,50.0,airborne,71.46111091105118,-47.222800257360184,53.398601014259796,0
6.209999999999912,2,50.0,airborne,70.93002607989575,-57.032278441174846,53.398601014259796,0
6.219999999999912,2,50.0,airborne,70.30084606623448,-66.84182845475064,53.398601014259796,0
6.229999999999912,2,50.0,airborne,69.57356998981965,-76.65147362377336,53.398601014259796,0
6.239999999999911,2,50.0,airborne,68.74819687694058,-86.4612154319941,53.398601014259796,0
6.249999999999911,2,50.0,airborne,67.82472581955243,-96.27104302540519,53.398601014259796,0
6.259999999999911,2,50.0,airborne,66.80315605586839,-106.08094000176764,53.398601014259796,0
6.269999999999911,2,50.0,airborne,65.68348699744416,-115.8908888638607,53.398601014259796,0
6.2799999999999105,2,50.0,airborne,64.4657182231903,-125.70087363096887,53.398601014259796,0
6.28999999999991,2,50.0,airborne,63.14984945570756,-135.51088110777292,53.398601014259796,0
6.29999999999991,2,50.0,airborne,61.73588053066311,-145.32090125174963,53.398601014259796,0
6.30999999999991,2,50.0,airborne,60.22381136601768,-155.13092699423686,53.398601014259796,0
6.31999999999991,2,50.0,airborne,58.6136419349119,-164.94095377928025,53.398601014259796,0
6.3299999999999095,2,50.0,airborne,56.90537224388501,-174.750979001573,53.398601014259796,0
6.339999999999909,2,50.0,airborne,55.099002316707946,-184.56100145665124,53.398601014259796,0
6.349999999999909,2,50.0,airborne,53.1945321833048,-194.37102086480894,53.398601014259796,0
6.359999999999909,2,50.0,airborne,51.19196187285064,-204.181037493949,53.398601014259796,0
6.369999999999909,2,50.0,airborne,49.09129141003043,-213.99105188334894,53.398601014259796,0
6.379999999999908,2,50.0,airborne,46.89252081350972,-223.8010646571529,53.398601014259796,0
6.389999999999908,2,50.0,airborne,44.595650095820176,-233.61107641044146,53.398601014259796,0
6.399999999999908,2,50.0,airborne,42.20067926404488,-243.42108764950464,53.398601014259796,0
6.409999999999908,2,50.0,airborne,39.70760832086408,-253.2310987695019,53.398601014259796,0
6.419999999999908,2,50.0,airborne,37.11643726567377,-263.04111005560793,53.398601014259796,0
6.429999999999907,2,50.0,airborne,34.427166095608115,-272.8511216970587,53.398601014259796,0
6.439999999999907,2,50.0,airborne,31.639794806383982,-282.6611338066461,53.398601014259796,0
6.449999999999907,2,50.0,airborne,28.754323392943686,-292.4711464408559,53.398601014259796,0
6.459999999999907,2,50.0,landing,25.93823662490415,-289.60657457832394,53.398601014259796,0
6.4699999999999065,2,50.0,landing,22.963019364679457,-302.86743553428005,53.398601014259796,0
6.479999999999906,2,50.0,landing,19.860971675656756,-313.9099775527014,53.398601014259796,1
6.489999999999906,2,50.0,stand,16.746222556376427,-291.1103865828525,53.398601014259796,1
6.499999999999906,2,50.0,stand,14.635814835749587,-144.09469001890426,53.398601014259796,1
6.509999999999906,2,50.0,stand,14.032269936364058,-12.656603134974837,53.398601014259796,1
6.519999999999905,2,50.0,stand,14.512884837228619,85.4810609417445,53.398601014259796,1
6.529999999999905,2,50.0,stand,15.82058578832436,156.99255890980518,53.398601014259796,1
6.539999999999905,2,50.0,stand,17.649447220480294,195.03373999845402,53.398601014259796,1
6.549999999999905,2,50.0,stand,19.643609307849573,199.08770233802932,53.398601014259796,1
6.559999999999905,2,50.0,stand,21.576725027287402,189.1882381549124,53.398601014259796,0
6.569999999999904,2,50.0,stand,23.40714231545516,178.95472634605667,53.398601014259796,0
6.579999999999904,2,50.0,stand,25.13577711053916,168.81651434599928,53.398601014259796,0
6.589999999999904,2,50.0,stand,26.763633166712154,158.77708524605887,53.398601014259796,0
6.599999999999904,2,50.0,stand,28.288712518150096,148.59608313691496,53.398601014259796,0
6.6099999999999035,2,50.0,stand,29.71557953463057,138.75462640105243,53.398601014259796,0
6.619999999999903,2,50.0,stand,31.04423472745123,128.94112321481535,53.398601014259796,0
6.629999999999903,2,50.0,stand,32.27480284839525,119.13417666000234,53.398601014259796,0
6.639999999999903,2,50.0,stand,33.40730309406943,109.32706968505073,53.398601014259796,0
6.649999999999903,2,50.0,stand,34.44172320296512,99.51846775556686,53.398601014259796,0
6.659999999999902,2,50.0,stand,35.37804897657098,89.70843029321524,53.398601014259796,0
6.669999999999902,2,50.0,stand,36.2162686783961,79.89850001387838,53.398601014259796,0
6.679999999999902,2,50.0,stand,36.95638722122752,70.08702094702066,53.398601014259796,0
6.689999999999902,2,50.0,stand,37.59838827732821,60.27561148956819,53.398601014259796,0
6.699999999999902,2,50.0,stand,38.1422751105664,50.463997156102124,53.398601014259796,0
6.709999999999901,2,50.0,stand,38.59086239234044,40.876483599302546,53.398601014259796,0
6.719999999999901,2,50.0,stand,38.94047342458875,31.014959478445746,53.398601014259796,0
6.729999999999901,2,50.0,stand,39.19145003407905,21.154182044686625,53.398601014259796,0
6.739999999999901,2,50.0,stand,39.343886203130694,11.30484418583271,53.398601014259796,0
6.7499999999999005,2,50.0,stand,39.39789862405069,1.4668871217381276,53.398601014259796,0
6.7599999999999,2,50.0,stand,39.35358776597044,-8.362056901525774,53.398601014259796,0
6.7699999999999,2,50.0,stand,39.208217806257856,-18.401608060458955,53.398601014259796,0
6.7799999999999,2,50.0,stand,38.96564033022318,-28.159531326972235,53.398601014259796,0
6.7899999999999,2,50.0,stand,38.625493059511165,-37.919733200450736,53.398601014259796,0
6.7999999999998995,2,50.0,stand,38.18767001347862,-47.6924148946752,53.398601014259796,0
6.809999999999899,2,50.0,stand,37.65204625972016,-57.47710499590776,53.398601014259796,0
6.819999999999899,2,50.0,stand,37.01851809166941,-67.27097496206905,53.398601014259796,0
6.829999999999899,2,50.0,stand,36.28701120029982,-77.07118819703726,53.398601014259796,0
6.839999999999899,2,50.0,stand,35.45747820753702,-86.874207606117,53.398601014259796,0
6.849999999999898,2,50.0,stand,34.52990001478712,-96.68085382705596,53.398601014259796,0
6.859999999999898,2,50.0,stand,33.50424372786152,-106.48887007394056,53.398601014259796,0
6.869999999999898,2,50.0,stand,32.38049984378479,-116.2982751006534,53.398601014259796,0
6.879999999999898,2,50.0,stand,31.158653687822348,-126.10897062172897,53.398601014259796,0
6.8899999999998975,2,50.0,stand,29.838696777971563,-135.9201933638534,53.398601014259796,0
6.899999999999897,2,50.0,stand,28.420626964213813,-145.73150790928764,53.398601014259796,0
6.909999999999897,2,50.0,stand,26.904444420589407,-155.54273173206565,53.398601014259796,0
6.919999999999897,2,50.0,stand,25.290150507184737,-165.35381643595582,53.398601014259796,0
6.929999999999897,2,50.0,stand,23.577746357876272,-175.16480256053023,53.398601014259796,0
6.9399999999998965,2,50.0,stand,21.767232786395976,-184.97571986842962,53.398601014259796,0
6.949999999999896,2,50.0,stand,19.872874845565253,-190.7517890701811,53.398601014259796,1
6.959999999999896,2,50.0,stand,18.055300869222656,-168.20572968882308,53.398601014259796,1
6.969999999999896,2,50.0,stand,16.763173142873327,-98.76983992458364,53.398601014259796,1
6.979999999999896,2,50.0,stand,16.266218300253072,-18.950837691248303,53.398601014259796,1
6.989999999999895,2,50.0,stand,16.48424795363546,47.2862841703181,53.398601014259796,1
6.999999999999895,2,50.0,stand,17.27907991285249,98.68692588011922,53.398601014259796,1
7.009999999999895,2,50.0,stand,18.473248848846925,130.19319286732002,53.398601014259796,1
7.019999999999895,2,50.0,stand,19.799076156280094,129.1809101818991,53.398601014259796,0
7.0299999999998946,2,50.0,stand,21.03262731958114,119.23165685291312,53.398601014259796,0
7.039999999999894,2,50.0,stand,22.1637704788406,109.04416874702316,53.398601014259796,0
7.049999999999894,2,50.0,stand,23.193502977619094,98.93837399566407,53.398601014259796,0
7.059999999999894,2,50.0,stand,24.1227195745011,88.92139690098453,53.398601014259796,0
7.069999999999894,2,50.0,stand,24.95220807858415,78.97510157927687,53.398601014259796,0
7.0799999999998935,2,50.0,stand,25.682545160032983,69.07796395384595,53.398601014259796,0
7.089999999999893,2,50.0,stand,26.314109649543887,59.212054485165645,53.398601014259796,0
7.099999999999893,2,50.0,stand,26.847141710989046,49.366073193555906,53.398601014259796,0
7.109999999999893,2,50.0,stand,27.28179484333951,39.53278586691136,53.398601014259796,0
7.119999999999893,2,50.0,stand,27.618165053829703,29.707295854162354,53.398601014259796,0
7.129999999999892,2,50.0,stand,27.856309737572133,19.886370009810225,53.398601014259796,0
7.139999999999892,2,50.0,stand,27.996262898406037,10.068250731884376,53.398601014259796,0
7.149999999999892,2,50.0,stand,28.038046605309606,0.2519803497156456,53.398601014259796,0
7.159999999999892,2,50.0,stand,27.981675511977365,-9.56302483605265,53.398601014259796,0
7.169999999999892,2,50.0,stand,27.827160539291235,-19.37702507981215,53.398601014259796,0
7.179999999999891,2,50.0,stand,27.574575698457583,-29.175464775227443,53.398601014259796,0
7.189999999999891,2,50.0,stand,27.226876472705836,-38.74921852310376,53.398601014259796,0
7.199999999999891,2,50.0,stand,26.780264502048684,-48.60566577732674,53.398601014259796,0
7.209999999999891,2,50.0,stand,26.23504062533221,-58.46580635366112,53.398601014259796,0
7.2199999999998905,2,50.0,stand,25.591273244479478,-68.31580202706353,53.398601014259796,0
7.22999999999989,2,50.0,stand,24.849074157990742,-78.15460463626555,53.398601014259796,0
7.23999999999989,2,50.0,stand,24.00854258343204,-87.98456804060577,53.398601014259796,0
7.24999999999989,2,50.0,stand,23.06975202743971,-97.80713196920627,53.398601014259796,0
7.25999999999989,2,50.0,stand,22.03276430319337,-107.62641034425842,53.398601014259796,0
7.269999999999889,2,50.0,stand,20.899100108472723,-116.8840189991079,53.398601014259796,1
7.279999999999889,2,50.0,stand,19.714196323844074,-118.1467489862945,53.398601014259796,1
7.289999999999889,2,50.0,stand,18.610809757253016,-101.14547390239923,53.398601014259796,1
7.299999999999889,2,50.0,stand,17.830703261206732,-60.6335687713031,53.398601014259796,1
7.309999999999889,2,50.0,stand,17.507102545024626,-13.755733403788717,53.398601014259796,1
7.319999999999888,2,50.0,stand,17.631198678282953,29.14763297814519,53.398601014259796,1
7.329999999999888,2,50.0,stand,18.14529382741748,64.97023887524792,53.398601014259796,1
7.339999999999888,2,50.0,stand,18.95222378675238,89.43337314658557,53.398601014259796,1
7.349999999999888,2,50.0,stand,19.858272393842153,87.03718072720177,53.398601014259796,0
7.3599999999998875,2,50.0,stand,20.668078794525755,76.94767440268325,53.398601014259796,0
7.369999999999887,2,50.0,stand,21.377143411866932,66.88679417320454,53.398601014259796,0
7.379999999999887,2,50.0,stand,21.985969449199782,56.888086321356,53.398601014259796,0
7.389999999999887,2,50.0,stand,22.495161393656048,46.94688198967443,53.398601014259796,0
7.399999999999887,2,50.0,stand,22.902377517713816,36.83191783238875,53.398601014259796,0
7.4099999999998865,2,50.0,stand,23.21185638577935,27.030261531166733,53.398601014259796,0
7.419999999999886,2,50.0,stand,23.42342920260346,17.24208259884554,53.398601014259796,0
7.429999999999886,2,50.0,stand,23.537109065281474,7.451150919592013,53.398601014259796,0
7.439999999999886,2,50.0,stand,23.55284251173342,-2.346007736964371,53.398601014259796,0
7.449999999999886,2,50.0,stand,23.470571558942915,-12.148389498076156,53.398601014259796,0
7.459999999999885,2,50.0,stand,23.290253214605507,-21.954575891186735,53.398601014259796,0
7.469999999999885,2,50.0,stand,23.011858900702236,-31.762002401704866,53.398601014259796,0
7.479999999999885,2,50.0,stand,22.63538255361275,-41.571889579305115,53.398601014259796,0
7.489999999999885,2,50.0,stand,22.16080092013636,-51.38229895804083,53.398601014259796,0
7.4999999999998845,2,50.0,stand,21.58811234220838,-61.19334712666532,53.398601014259796,0
7.509999999999884,2,50.0,stand,20.919758236752568,-70.27345541282436,53.398601014259796,1
7.519999999999884,2,50.0,stand,20.183608719507514,-74.27886032943454,53.398601014259796,1
7.529999999999884,2,50.0,stand,19.474883180182196,-67.21118464604558,53.398601014259796,1
7.539999999999884,2,50.0,stand,18.89773961429708,-49.90994645646193,53.398601014259796,1
7.5499999999998835,2,50.0,stand,18.54662895557395,-24.66259695467,53.398601014259796,1
7.559999999999883,2,50.0,stand,18.462406869693492,2.3489460209694646,53.398601014259796,1
7.569999999999883,2,50.0,stand,18.64158627343461,27.653012064215304,53.398601014259796,1
7.579999999999883,2,50.0,stand,19.04530919503096,48.03326316233997,53.398601014259796,1
7.589999999999883,2,50.0,stand,19.608141021289757,59.35848827290467,53.398601014259796,1
7.599999999999882,2,50.0,stand,20.143970745296876,49.51141284131625,53.398601014259796,1
7.609999999999882,2,50.0,stand,20.578976627971045,39.49294399209821,53.398601014259796,1
7.619999999999882,2,50.0,stand,20.91395763275405,29.508066245172763,53.398601014259796,1
7.629999999999882,2,50.0,stand,21.14937853886437,19.570776112269947,53.398601014259796,1
7.6399999999998816,2,50.0,stand,21.285675859580177,9.673719814004272,53.398601014259796,1
7.649999999999881,2,50.0,stand,21.32319519534325,-0.19053181471636976,53.398601014259796,1
7.659999999999881,2,50.0,stand,21.263047464181007,-9.840594085649688,53.398601014259796,1
7.669999999999881,2,50.0,stand,21.109776741589002,-18.879751246115212,53.398601014259796,1
7.679999999999881,2,50.0,stand,20.871652496426965,-26.943978966383526,53.398601014259796,1
7.6899999999998805,2,50.0,stand,20.566834521560992,-32.36194975632195,53.398601014259796,1
7.69999999999988,2,50.0,stand,20.229097561797257,-34.23856861711887,53.398601014259796,1
7.70999999999988,2,50.0,stand,19.89618596216421,-31.955569387472504,53.398601014259796,1
7.71999999999988,2,50.0,stand,19.616589014871376,-24.736836129378336,53.398601014259796,1
7.72999999999988,2,50.0,stand,19.43055906549473,-14.183753570101928,53.398601014259796,1
7.739999999999879,2,50.0,stand,19.360627561253352,-2.132886397880933,53.398601014259796,1
7.749999999999879,2,50.0,stand,19.411374980622835,9.784141742882161,53.398601014259796,1
7.759999999999879,2,50.0,stand,19.57401735636395,20.311187221961195,53.398601014259796,1
7.769999999999879,2,50.0,stand,19.82366391230036,27.78874521598924,53.398601014259796,1
7.779999999999879,2,50.0,stand,20.105448199319518,25.77895237984312,53.398601014259796,1
7.789999999999878,2,50.0,stand,20.30845097913227,16.394028540838534,53.398601014259796,1
7.799999999999878,2,50.0,stand,20.413025382166136,6.502537754172964,53.398601014259796,1
