time_s,phase,core_height_cm,vertical_speed_cm_s,ground_contact
1.000000000000000021e-02,0.000000000000000000e+00,1.956500646719588232e+01,-1.121184909362668414e+01,0.000000000000000000e+00
2.000000000000000042e-02,0.000000000000000000e+00,1.941026293533413138e+01,-1.825214182683147612e+01,0.000000000000000000e+00
2.999999999999999889e-02,0.000000000000000000e+00,1.918478208710498123e+01,-2.553509115192430556e+01,0.000000000000000000e+00
4.000000000000000083e-02,0.000000000000000000e+00,1.888131793055220342e+01,-3.364550322359809797e+01,0.000000000000000000e+00
5.000000000000000278e-02,0.000000000000000000e+00,1.849321044085390398e+01,-4.231688239124103745e+01,0.000000000000000000e+00
6.000000000000000472e-02,0.000000000000000000e+00,1.801591547512914460e+01,-5.138060283150029051e+01,0.000000000000000000e+00
6.999999999999999278e-02,0.000000000000000000e+00,1.744632388519867661e+01,-6.070509814470920418e+01,0.000000000000000000e+00
8.000000000000000167e-02,0.000000000000000000e+00,1.678264139098378394e+01,-7.012266164098828369e+01,0.000000000000000000e+00
8.999999999999999667e-02,0.000000000000000000e+00,1.606568197955070687e+01,-6.754563791017467622e+01,1.000000000000000000e+00
9.999999999999999167e-02,0.000000000000000000e+00,1.564647513090232067e+01,-2.167682693897358703e+01,1.000000000000000000e+00
1.100000000000000006e-01,0.000000000000000000e+00,1.567644539819632499e+01,1.625451397670430609e+01,1.000000000000000000e+00
1.199999999999999956e-01,0.000000000000000000e+00,1.593583977980797073e+01,2.914268603297808369e+01,1.000000000000000000e+00
1.300000000000000044e-01,0.000000000000000000e+00,1.619927821452740346e+01,2.293683815191484143e+01,1.000000000000000000e+00
1.400000000000000133e-01,0.000000000000000000e+00,1.636943024295220539e+01,1.306320555190911215e+01,1.000000000000000000e+00
1.500000000000000222e-01,0.000000000000000000e+00,1.644125275172418199e+01,3.410283268475543306e+00,1.000000000000000000e+00
1.600000000000000033e-01,0.000000000000000000e+00,1.643428407192410035e+01,-3.005781177773706681e+00,1.000000000000000000e+00
1.700000000000000122e-01,0.000000000000000000e+00,1.638507130429262659e+01,-5.573832879578033861e+00,1.000000000000000000e+00
1.800000000000000211e-01,0.000000000000000000e+00,1.634221828544643529e+01,-2.710918884352791380e+00,1.000000000000000000e+00
1.900000000000000022e-01,0.000000000000000000e+00,1.634502795125187546e+01,1.993634746959070059e+00,1.000000000000000000e+00
2.000000000000000111e-01,0.000000000000000000e+00,1.637238024377179357e+01,2.554221105116511570e+00,1.000000000000000000e+00
2.100000000000000200e-01,1.000000000000000000e+00,1.739819706969890234e+01,1.746775939521860153e+02,1.000000000000000000e+00
2.200000000000000011e-01,1.000000000000000000e+00,1.983253551281513793e+01,2.809368411389565381e+02,1.000000000000000000e+00
2.300000000000000100e-01,1.000000000000000000e+00,2.320572812699336396e+01,3.492094031560119447e+02,1.000000000000000000e+00
2.400000000000000189e-01,1.000000000000000000e+00,2.643532341594074353e+01,3.079714117439770575e+02,1.000000000000000000e+00
2.500000000000000000e-01,1.000000000000000000e+00,2.951987981172248965e+01,3.032091410186430949e+02,0.000000000000000000e+00
2.600000000000000089e-01,1.000000000000000000e+00,3.243226839166179332e+01,2.853912884891396970e+02,0.000000000000000000e+00
2.700000000000000178e-01,1.000000000000000000e+00,3.523438939163484918e+01,2.762826903719939082e+02,0.000000000000000000e+00
2.800000000000000266e-01,1.000000000000000000e+00,3.792224555079921089e+01,2.638306782885782127e+02,0.000000000000000000e+00
2.900000000000000355e-01,1.000000000000000000e+00,4.050576341686204529e+01,2.547291062088407330e+02,0.000000000000000000e+00
2.999999999999999889e-01,1.000000000000000000e+00,4.298178455031711565e+01,2.428856144731608708e+02,0.000000000000000000e+00
3.099999999999999978e-01,1.000000000000000000e+00,4.535818659985866219e+01,2.341590384965543592e+02,0.000000000000000000e+00
3.200000000000000067e-01,1.000000000000000000e+00,4.763074253209932607e+01,2.226697795457275788e+02,0.000000000000000000e+00
3.300000000000000155e-01,2.000000000000000000e+00,4.927745355748357525e+01,1.292155482060660461e+02,0.000000000000000000e+00
3.400000000000000244e-01,2.000000000000000000e+00,5.109760133556990525e+01,2.170870435249764228e+02,0.000000000000000000e+00
3.500000000000000333e-01,2.000000000000000000e+00,5.270991660587196748e+01,1.237970221536557744e+02,0.000000000000000000e+00
3.600000000000000422e-01,2.000000000000000000e+00,5.446010352347295935e+01,2.090025210071881077e+02,0.000000000000000000e+00
3.699999999999999956e-01,2.000000000000000000e+00,5.597672536549877975e+01,1.133183742243399053e+02,0.000000000000000000e+00
3.800000000000000044e-01,2.000000000000000000e+00,5.761008288678500833e+01,1.965669609214450020e+02,0.000000000000000000e+00
3.900000000000000133e-01,2.000000000000000000e+00,5.917891646846361908e+01,1.591994306003690838e+02,0.000000000000000000e+00
4.000000000000000222e-01,2.000000000000000000e+00,6.070037498466926706e+01,1.475133364302912184e+02,0.000000000000000000e+00
4.100000000000000311e-01,2.000000000000000000e+00,6.211260898572824374e+01,1.371067061668149165e+02,0.000000000000000000e+00
4.200000000000000400e-01,2.000000000000000000e+00,6.341707625529857495e+01,1.260310373168208571e+02,0.000000000000000000e+00
4.299999999999999933e-01,2.000000000000000000e+00,6.461892332464528010e+01,1.163315635959713603e+02,0.000000000000000000e+00
4.400000000000000022e-01,2.000000000000000000e+00,6.571776945030720185e+01,1.055880852076513037e+02,0.000000000000000000e+00
4.500000000000000111e-01,2.000000000000000000e+00,6.671743701719049113e+01,9.624733797499652610e+01,0.000000000000000000e+00
4.600000000000000200e-01,2.000000000000000000e+00,6.761607701266855486e+01,8.559925052553826674e+01,0.000000000000000000e+00
4.700000000000000289e-01,2.000000000000000000e+00,6.841709080934114695e+01,7.645770854495452795e+01,0.000000000000000000e+00
4.800000000000000377e-01,2.000000000000000000e+00,6.911781337634043609e+01,6.580177986913325583e+01,0.000000000000000000e+00
4.899999999999999911e-01,2.000000000000000000e+00,6.972165932375604314e+01,5.679171163051310600e+01,0.000000000000000000e+00
5.000000000000000000e-01,2.000000000000000000e+00,7.022542473416963560e+01,4.608463320022070775e+01,0.000000000000000000e+00
5.100000000000000089e-01,2.000000000000000000e+00,7.063272577261564322e+01,3.717766832863300408e+01,0.000000000000000000e+00
5.200000000000000178e-01,2.000000000000000000e+00,7.093994212205684846e+01,2.640183131421563445e+01,0.000000000000000000e+00
5.300000000000000266e-01,2.000000000000000000e+00,7.115095824373457845e+01,1.758468918789855095e+01,0.000000000000000000e+00
5.400000000000000355e-01,2.000000000000000000e+00,7.126179009841590073e+01,6.732924800667521303e+00,0.000000000000000000e+00
5.500000000000000444e-01,2.000000000000000000e+00,7.127662375894895774e+01,-2.000139302751837711e+00,0.000000000000000000e+00
5.600000000000000533e-01,2.000000000000000000e+00,7.119113841220671191e+01,-1.293001241776861399e+01,0.000000000000000000e+00
5.700000000000000622e-01,2.000000000000000000e+00,7.100983178569212839e+01,-2.158182229779578520e+01,0.000000000000000000e+00
5.800000000000000711e-01,2.000000000000000000e+00,7.072805778177820457e+01,-3.259020916345754415e+01,0.000000000000000000e+00
5.899999999999999689e-01,2.000000000000000000e+00,7.035062764982346550e+01,-4.116249282690764488e+01,0.000000000000000000e+00
5.999999999999999778e-01,2.000000000000000000e+00,6.987257698418008545e+01,-5.224904419479290141e+01,0.000000000000000000e+00
6.099999999999999867e-01,2.000000000000000000e+00,6.929902907876382301e+01,-6.074310517056969871e+01,0.000000000000000000e+00
6.199999999999999956e-01,2.000000000000000000e+00,6.862470644418078791e+01,-7.190711143420507767e+01,0.000000000000000000e+00
6.300000000000000044e-01,2.000000000000000000e+00,6.785504163291115276e+01,-8.032408513821054896e+01,0.000000000000000000e+00
6.400000000000000133e-01,2.000000000000000000e+00,6.698444872520732929e+01,-9.156463397987131714e+01,0.000000000000000000e+00
6.500000000000000222e-01,2.000000000000000000e+00,6.601866598865726132e+01,-9.990560396558912259e+01,0.000000000000000000e+00
6.600000000000000311e-01,2.000000000000000000e+00,6.495180353167869214e+01,-1.112216636201438718e+02,0.000000000000000000e+00
6.700000000000000400e-01,2.000000000000000000e+00,6.378990130211045084e+01,-1.194877212030369833e+02,0.000000000000000000e+00
6.800000000000000488e-01,2.000000000000000000e+00,6.252676989799106622e+01,-1.308781829157775860e+02,0.000000000000000000e+00
6.900000000000000577e-01,2.000000000000000000e+00,6.116874657143387140e+01,-1.390704556509605538e+02,0.000000000000000000e+00
7.000000000000000666e-01,2.000000000000000000e+00,5.970934698348359859e+01,-1.505341533775148832e+02,0.000000000000000000e+00
7.100000000000000755e-01,2.000000000000000000e+00,5.815520105631259895e+01,-1.586538165688409379e+02,0.000000000000000000e+00
7.199999999999999734e-01,2.000000000000000000e+00,5.649953425397905704e+01,-1.701895348698188570e+02,0.000000000000000000e+00
7.299999999999999822e-01,2.000000000000000000e+00,5.474926431812341576e+01,-1.782378147403029800e+02,0.000000000000000000e+00
7.399999999999999911e-01,2.000000000000000000e+00,5.289733144512468499e+01,-1.898442913502816793e+02,0.000000000000000000e+00
7.500000000000000000e-01,2.000000000000000000e+00,5.095093614815625926e+01,-1.978224647312055993e+02,0.000000000000000000e+00
7.600000000000000089e-01,2.000000000000000000e+00,4.890273848035082693e+01,-2.094983912254782297e+02,0.000000000000000000e+00
7.700000000000000178e-01,2.000000000000000000e+00,4.676021648920381324e+01,-2.174077841507234723e+02,0.000000000000000000e+00
7.800000000000000266e-01,2.000000000000000000e+00,4.451575540242075135e+01,-2.291518062423330377e+02,0.000000000000000000e+00
7.900000000000000355e-01,2.000000000000000000e+00,4.217710537920081038e+01,-2.369937924114716168e+02,0.000000000000000000e+00
8.000000000000000444e-01,2.000000000000000000e+00,3.973638232861771513e+01,-2.488045104046306335e+02,0.000000000000000000e+00
8.100000000000000533e-01,2.000000000000000000e+00,3.720160291645433404e+01,-2.565805097845490650e+02,0.000000000000000000e+00
8.200000000000000622e-01,2.000000000000000000e+00,3.456461942396501286e+01,-2.684564792693591926e+02,0.000000000000000000e+00
8.300000000000000711e-01,2.000000000000000000e+00,3.183370923904510974e+01,-2.761679568355677361e+02,0.000000000000000000e+00
8.400000000000000799e-01,3.000000000000000000e+00,2.917240053185845738e+01,-2.751015948722814528e+02,0.000000000000000000e+00
8.499999999999999778e-01,3.000000000000000000e+00,2.635484753537862446e+01,-2.862507675860206859e+02,0.000000000000000000e+00
8.599999999999999867e-01,3.000000000000000000e+00,2.340086281074624353e+01,-3.013858809098728671e+02,0.000000000000000000e+00
8.699999999999999956e-01,3.000000000000000000e+00,2.033052982011801646e+01,-3.100728116309571192e+02,1.000000000000000000e+00
8.800000000000000044e-01,3.000000000000000000e+00,1.735957342707548534e+01,-2.726957064264733503e+02,1.000000000000000000e+00
8.900000000000000133e-01,3.000000000000000000e+00,1.538276404361212890e+01,-1.409902705537529073e+02,1.000000000000000000e+00
9.000000000000000222e-01,3.000000000000000000e+00,1.475802785481036317e+01,-1.523831863673739662e+01,1.000000000000000000e+00
9.100000000000000311e-01,3.000000000000000000e+00,1.522111130233653675e+01,8.453005229556865174e+01,1.000000000000000000e+00
9.200000000000000400e-01,3.000000000000000000e+00,1.650581179969608314e+01,1.532963304975014864e+02,1.000000000000000000e+00
9.300000000000000488e-01,3.000000000000000000e+00,1.830708671784537955e+01,1.937846526747184157e+02,1.000000000000000000e+00
9.400000000000000577e-01,3.000000000000000000e+00,2.030000303408569451e+01,1.988685587362001854e+02,1.000000000000000000e+00
9.500000000000000666e-01,3.000000000000000000e+00,2.223758140540858363e+01,1.895451262542174788e+02,0.000000000000000000e+00
9.600000000000000755e-01,3.000000000000000000e+00,2.407160552188015146e+01,1.793122478416712511e+02,0.000000000000000000e+00
9.699999999999999734e-01,3.000000000000000000e+00,2.580364977370612323e+01,1.691460324257227796e+02,0.000000000000000000e+00
9.799999999999999822e-01,3.000000000000000000e+00,2.743464826039716442e+01,1.590821570834391423e+02,0.000000000000000000e+00
9.899999999999999911e-01,3.000000000000000000e+00,2.896553684433078502e+01,1.491025752797056327e+02,0.000000000000000000e+00
1.000000000000000000e+00,3.000000000000000000e+00,3.039700322926511689e+01,1.391824702804185563e+02,0.000000000000000000e+00
1.010000000000000009e+00,3.000000000000000000e+00,3.172951965669212981e+01,1.293020272404455397e+02,0.000000000000000000e+00
1.020000000000000018e+00,3.000000000000000000e+00,3.296339618688786288e+01,1.194474052156137418e+02,0.000000000000000000e+00
1.030000000000000027e+00,3.000000000000000000e+00,3.409882775762118712e+01,1.096086286289684892e+02,0.000000000000000000e+00
1.040000000000000036e+00,3.000000000000000000e+00,3.513593430661288153e+01,9.977963911111940831e+01,0.000000000000000000e+00
1.050000000000000044e+00,3.000000000000000000e+00,3.607478758326274715e+01,8.995636810292110397e+01,0.000000000000000000e+00
1.060000000000000053e+00,3.000000000000000000e+00,3.691777595305538284e+01,8.032816854612929092e+01,0.000000000000000000e+00
1.070000000000000062e+00,3.000000000000000000e+00,3.765962305002678789e+01,7.029529410910487286e+01,0.000000000000000000e+00
1.080000000000000071e+00,3.000000000000000000e+00,3.830373058336430603e+01,6.049042283587727553e+01,0.000000000000000000e+00
1.090000000000000080e+00,3.000000000000000000e+00,3.884983777118257109e+01,5.069055474933875871e+01,0.000000000000000000e+00
1.100000000000000089e+00,3.000000000000000000e+00,3.929792767801414044e+01,4.088750682794118063e+01,0.000000000000000000e+00
1.110000000000000098e+00,3.000000000000000000e+00,3.965037455219027862e+01,3.127527576121998010e+01,0.000000000000000000e+00
1.120000000000000107e+00,3.000000000000000000e+00,3.990182516752511077e+01,2.125862005876998140e+01,0.000000000000000000e+00
1.130000000000000115e+00,3.000000000000000000e+00,4.005561293649475374e+01,1.146107799855844434e+01,0.000000000000000000e+00
1.140000000000000124e+00,3.000000000000000000e+00,4.011144838668508328e+01,1.664505446664249932e+00,0.000000000000000000e+00
1.150000000000000133e+00,3.000000000000000000e+00,4.006929786265626348e+01,-8.135700093594415705e+00,0.000000000000000000e+00
1.160000000000000142e+00,3.000000000000000000e+00,3.992911042685123135e+01,-1.794106509411954420e+01,0.000000000000000000e+00
1.169999999999999929e+00,3.000000000000000000e+00,3.969085393346540513e+01,-2.774908028207359578e+01,0.000000000000000000e+00
1.179999999999999938e+00,3.000000000000000000e+00,3.935450227919246657e+01,-3.755948683426059631e+01,0.000000000000000000e+00
1.189999999999999947e+00,3.000000000000000000e+00,3.891779115269229550e+01,-4.754011339114564549e+01,0.000000000000000000e+00
1.199999999999999956e+00,3.000000000000000000e+00,3.838384295348911479e+01,-5.729721209353546385e+01,0.000000000000000000e+00
1.209999999999999964e+00,3.000000000000000000e+00,3.775229129890786339e+01,-6.706223209672086227e+01,0.000000000000000000e+00
1.219999999999999973e+00,3.000000000000000000e+00,3.702300762020649216e+01,-7.684094505663155417e+01,0.000000000000000000e+00
1.229999999999999982e+00,3.000000000000000000e+00,3.619366129441387869e+01,-8.679648039196416676e+01,0.000000000000000000e+00
1.239999999999999991e+00,3.000000000000000000e+00,3.526722532288329148e+01,-9.654167635342555798e+01,0.000000000000000000e+00
1.250000000000000000e+00,3.000000000000000000e+00,3.424327591452554742e+01,-1.062994532315322544e+02,0.000000000000000000e+00
1.260000000000000009e+00,3.000000000000000000e+00,3.312164559908482175e+01,-1.160741821633034903e+02,0.000000000000000000e+00
1.270000000000000018e+00,3.000000000000000000e+00,3.190219059928996970e+01,-1.258614307094649121e+02,0.000000000000000000e+00
1.280000000000000027e+00,3.000000000000000000e+00,3.058479724282296885e+01,-1.356588262883649350e+02,0.000000000000000000e+00
1.290000000000000036e+00,3.000000000000000000e+00,2.916939341408524911e+01,-1.454621033836866673e+02,0.000000000000000000e+00
1.300000000000000044e+00,3.000000000000000000e+00,2.765825740078485140e+01,-1.550865902985969456e+02,0.000000000000000000e+00
1.310000000000000053e+00,3.000000000000000000e+00,2.604828866226351280e+01,-1.649395187423166931e+02,0.000000000000000000e+00
1.320000000000000062e+00,3.000000000000000000e+00,2.433976250821202569e+01,-1.747934432677504049e+02,0.000000000000000000e+00
1.330000000000000071e+00,3.000000000000000000e+00,2.253275582043546876e+01,-1.846374824115959541e+02,0.000000000000000000e+00
1.340000000000000080e+00,3.000000000000000000e+00,2.064754594757265238e+01,-1.898373874740271958e+02,1.000000000000000000e+00
1.350000000000000089e+00,3.000000000000000000e+00,1.887208105134029879e+01,-1.625467668822880114e+02,1.000000000000000000e+00
1.360000000000000098e+00,3.000000000000000000e+00,1.764353009399043515e+01,-9.203938891496305530e+01,1.000000000000000000e+00
1.370000000000000107e+00,3.000000000000000000e+00,1.719447899397942692e+01,-1.512080688395876749e+01,1.000000000000000000e+00
1.380000000000000115e+00,3.000000000000000000e+00,1.744191648119340243e+01,4.980858371578464983e+01,1.000000000000000000e+00
1.390000000000000124e+00,3.000000000000000000e+00,1.825690281515396407e+01,1.001685827951768033e+02,1.000000000000000000e+00
1.400000000000000133e+00,3.000000000000000000e+00,1.946882287682539570e+01,1.325876091077416845e+02,1.000000000000000000e+00
1.410000000000000142e+00,3.000000000000000000e+00,2.080753261943242194e+01,1.303522754377057709e+02,0.000000000000000000e+00
1.419999999999999929e+00,3.000000000000000000e+00,2.204951538174203662e+01,1.201035516898793816e+02,0.000000000000000000e+00
1.429999999999999938e+00,3.000000000000000000e+00,2.318930263379933621e+01,1.099074088276209835e+02,0.000000000000000000e+00
1.439999999999999947e+00,3.000000000000000000e+00,2.422535013660817427e+01,9.962873817379328045e+01,0.000000000000000000e+00
1.449999999999999956e+00,3.000000000000000000e+00,2.516183075080359899e+01,8.967371959886067145e+01,0.000000000000000000e+00
1.459999999999999964e+00,3.000000000000000000e+00,2.599918739956374480e+01,7.978241099520646173e+01,0.000000000000000000e+00
1.469999999999999973e+00,3.000000000000000000e+00,2.673783317620538824e+01,6.992252240399400876e+01,0.000000000000000000e+00
1.479999999999999982e+00,3.000000000000000000e+00,2.737799922555127097e+01,6.008118312745172318e+01,0.000000000000000000e+00
1.489999999999999991e+00,3.000000000000000000e+00,2.791982142874729433e+01,5.025066814843091834e+01,0.000000000000000000e+00
1.500000000000000000e+00,3.000000000000000000e+00,2.836337987488177248e+01,4.042662557229517262e+01,0.000000000000000000e+00
1.510000000000000009e+00,3.000000000000000000e+00,2.870872285043689232e+01,3.060647259973213608e+01,0.000000000000000000e+00
1.520000000000000018e+00,3.000000000000000000e+00,2.895588967301866035e+01,2.079011090222426361e+01,0.000000000000000000e+00
1.530000000000000027e+00,3.000000000000000000e+00,2.910489303368058955e+01,1.097411992142314752e+01,0.000000000000000000e+00
1.540000000000000036e+00,3.000000000000000000e+00,2.915348407630497007e+01,9.879133792530963021e-01,0.000000000000000000e+00
1.550000000000000044e+00,3.000000000000000000e+00,2.910478594698068378e+01,-8.773824492926820540e+00,0.000000000000000000e+00
1.560000000000000053e+00,3.000000000000000000e+00,2.895845522410633421e+01,-1.854092654597431533e+01,0.000000000000000000e+00
1.570000000000000062e+00,3.000000000000000000e+00,2.871437724175945405e+01,-2.832068635248883837e+01,0.000000000000000000e+00
1.580000000000000071e+00,3.000000000000000000e+00,2.837243348695783851e+01,-3.811141227546615085e+01,0.000000000000000000e+00
1.590000000000000080e+00,3.000000000000000000e+00,2.793253336064176295e+01,-4.790991760097622887e+01,0.000000000000000000e+00
1.600000000000000089e+00,3.000000000000000000e+00,2.739461570586230010e+01,-5.771354304880036068e+01,0.000000000000000000e+00
1.610000000000000098e+00,3.000000000000000000e+00,2.675864074008261184e+01,-6.752047974141966336e+01,0.000000000000000000e+00
1.620000000000000107e+00,3.000000000000000000e+00,2.602459097447444947e+01,-7.732843890707495405e+01,0.000000000000000000e+00
1.630000000000000115e+00,3.000000000000000000e+00,2.519244573429981315e+01,-8.713858973851519352e+01,0.000000000000000000e+00
1.640000000000000124e+00,3.000000000000000000e+00,2.426219608765789815e+01,-9.694934380047996569e+01,0.000000000000000000e+00
1.650000000000000133e+00,3.000000000000000000e+00,2.323383341322467643e+01,-1.067609834226783931e+02,0.000000000000000000e+00
1.660000000000000142e+00,3.000000000000000000e+00,2.210773080086133646e+01,-1.163831508605134673e+02,1.000000000000000000e+00
1.670000000000000151e+00,3.000000000000000000e+00,2.091232474438751510e+01,-1.196616757846302477e+02,1.000000000000000000e+00
1.679999999999999938e+00,3.000000000000000000e+00,1.978415827388483450e+01,-1.061499995072146447e+02,1.000000000000000000e+00
1.689999999999999947e+00,3.000000000000000000e+00,1.889197399382057085e+01,-7.551476783732010745e+01,1.000000000000000000e+00
1.699999999999999956e+00,3.000000000000000000e+00,1.841231115988192357e+01,-2.919140893599110953e+01,1.000000000000000000e+00
1.709999999999999964e+00,3.000000000000000000e+00,1.838291216719129650e+01,1.402934785557702924e+01,1.000000000000000000e+00
1.719999999999999973e+00,3.000000000000000000e+00,1.875456847954360384e+01,5.171353682826127596e+01,1.000000000000000000e+00
1.729999999999999982e+00,3.000000000000000000e+00,1.945609039820132935e+01,8.103096148118554254e+01,1.000000000000000000e+00
1.739999999999999991e+00,3.000000000000000000e+00,2.035995493709607729e+01,9.147596267733472075e+01,0.000000000000000000e+00
1.750000000000000000e+00,3.000000000000000000e+00,2.121179469212786017e+01,8.113685711973201364e+01,0.000000000000000000e+00
1.760000000000000009e+00,3.000000000000000000e+00,2.196271916102491417e+01,7.106682888902729189e+01,0.000000000000000000e+00
1.770000000000000018e+00,3.000000000000000000e+00,2.261323077724686925e+01,6.104886847785470394e+01,0.000000000000000000e+00
1.780000000000000027e+00,3.000000000000000000e+00,2.316392030909965172e+01,5.108971426131427052e+01,0.000000000000000000e+00
1.790000000000000036e+00,3.000000000000000000e+00,2.361759915515133201e+01,4.135735144101225558e+01,0.000000000000000000e+00
1.800000000000000044e+00,3.000000000000000000e+00,2.397164641142953556e+01,3.143863852231136846e+01,0.000000000000000000e+00
1.810000000000000053e+00,3.000000000000000000e+00,2.422665304488083393e+01,2.154587208686948685e+01,0.000000000000000000e+00
1.820000000000000062e+00,3.000000000000000000e+00,2.438289062815158914e+01,1.167864118604998680e+01,0.000000000000000000e+00
1.830000000000000071e+00,3.000000000000000000e+00,2.444057656779903098e+01,1.830730944988163911e+00,0.000000000000000000e+00
1.840000000000000080e+00,3.000000000000000000e+00,2.439986738836769220e+01,-8.003970139409599227e+00,0.000000000000000000e+00
1.850000000000000089e+00,3.000000000000000000e+00,2.425857465652708456e+01,-1.800566965902720540e+01,0.000000000000000000e+00
1.860000000000000098e+00,3.000000000000000000e+00,2.401988804293041113e+01,-2.777535204766336108e+01,0.000000000000000000e+00
1.870000000000000107e+00,3.000000000000000000e+00,2.368351563478740118e+01,-3.754648360308851096e+01,0.000000000000000000e+00
1.880000000000000115e+00,3.000000000000000000e+00,2.324936787133450622e+01,-4.732844159734337808e+01,0.000000000000000000e+00
1.890000000000000124e+00,3.000000000000000000e+00,2.271733956794099285e+01,-5.712022298390149189e+01,0.000000000000000000e+00
1.900000000000000133e+00,3.000000000000000000e+00,2.208760474325197976e+01,-6.679110393388153000e+01,1.000000000000000000e+00
1.910000000000000142e+00,3.000000000000000000e+00,2.138393023054793218e+01,-7.187397877466798946e+01,1.000000000000000000e+00
1.920000000000000151e+00,3.000000000000000000e+00,2.066869403787395854e+01,-7.039020896178902831e+01,1.000000000000000000e+00
1.929999999999999938e+00,3.000000000000000000e+00,2.002313800097474683e+01,-5.931439854140895562e+01,1.000000000000000000e+00
1.939999999999999947e+00,3.000000000000000000e+00,1.954457686382190573e+01,-3.882107554095702540e+01,1.000000000000000000e+00
1.949999999999999956e+00,3.000000000000000000e+00,1.931540332729122156e+01,-1.218039234367293489e+01,1.000000000000000000e+00
1.959999999999999964e+00,3.000000000000000000e+00,1.934930476367858887e+01,1.341474904881724228e+01,1.000000000000000000e+00
1.969999999999999973e+00,3.000000000000000000e+00,1.962159927666344927e+01,3.585736183060418369e+01,1.000000000000000000e+00
1.979999999999999982e+00,3.000000000000000000e+00,2.008857233208156856e+01,5.317099837002609064e+01,1.000000000000000000e+00
1.989999999999999991e+00,3.000000000000000000e+00,2.065729085165306600e+01,5.490587865388702227e+01,0.000000000000000000e+00
2.000000000000000000e+00,3.000000000000000000e+00,2.114532205397600961e+01,4.479916260943720374e+01,1.000000000000000000e+00
2.009999999999999787e+00,3.000000000000000000e+00,2.153325348532197125e+01,3.479406363534122448e+01,1.000000000000000000e+00
2.020000000000000018e+00,3.000000000000000000e+00,2.182139606752522454e+01,2.483411127934590112e+01,1.000000000000000000e+00
2.029999999999999805e+00,3.000000000000000000e+00,2.201021111951823528e+01,1.491842086981642979e+01,1.000000000000000000e+00
2.040000000000000036e+00,3.000000000000000000e+00,2.210008593268183574e+01,5.037441150784290222e+00,1.000000000000000000e+00
2.049999999999999822e+00,3.000000000000000000e+00,2.209175676804375144e+01,-4.703063216079694797e+00,1.000000000000000000e+00
2.059999999999999609e+00,3.000000000000000000e+00,2.198878336967889524e+01,-1.393664357317888935e+01,1.000000000000000000e+00
2.069999999999999840e+00,3.000000000000000000e+00,2.180036840280637733e+01,-2.180945435533639909e+01,1.000000000000000000e+00
2.079999999999999627e+00,3.000000000000000000e+00,2.154810036166841769e+01,-2.713628350766406072e+01,1.000000000000000000e+00
2.089999999999999858e+00,3.000000000000000000e+00,2.126010871721382856e+01,-2.948517496101761992e+01,1.000000000000000000e+00
2.099999999999999645e+00,3.000000000000000000e+00,2.096795704054589393e+01,-2.860005714462895554e+01,1.000000000000000000e+00
2.109999999999999876e+00,3.000000000000000000e+00,2.070370487339254950e+01,-2.458664848944453851e+01,1.000000000000000000e+00
2.119999999999999662e+00,3.000000000000000000e+00,2.049597243175055539e+01,-1.791483081943220412e+01,1.000000000000000000e+00
2.129999999999999893e+00,3.000000000000000000e+00,2.036752624383068877e+01,-9.254414805821433276e+00,1.000000000000000000e+00
2.139999999999999680e+00,3.000000000000000000e+00,2.033065300187464786e+01,3.084218315507792907e-01,1.000000000000000000e+00
2.149999999999999911e+00,3.000000000000000000e+00,2.039312373251326704e+01,1.014367391922141515e+01,1.000000000000000000e+00
2.159999999999999698e+00,3.000000000000000000e+00,2.054682897247617390e+01,1.885519807109056956e+01,1.000000000000000000e+00
2.169999999999999929e+00,3.000000000000000000e+00,2.077768323294192143e+01,2.503115000035361248e+01,1.000000000000000000e+00
2.179999999999999716e+00,3.000000000000000000e+00,2.102414577194047851e+01,2.331988497257768955e+01,1.000000000000000000e+00
2.189999999999999947e+00,3.000000000000000000e+00,2.120620406471555697e+01,1.458653396672820257e+01,1.000000000000000000e+00
2.199999999999999734e+00,3.000000000000000000e+00,2.129332699375074611e+01,4.754410472591017012e+00,1.000000000000000000e+00
2.209999999999999964e+00,3.000000000000000000e+00,2.128164503964768528e+01,-5.096996064413220395e+00,1.000000000000000000e+00
2.219999999999999751e+00,3.000000000000000000e+00,2.117508147209719738e+01,-1.417268182475200433e+01,1.000000000000000000e+00
2.229999999999999982e+00,3.000000000000000000e+00,2.098820380583753575e+01,-2.139929597463463296e+01,1.000000000000000000e+00
2.239999999999999769e+00,3.000000000000000000e+00,2.074423199310131594e+01,-2.599825257393951716e+01,1.000000000000000000e+00
2.250000000000000000e+00,3.000000000000000000e+00,2.047322195803350908e+01,-2.738339949005871787e+01,1.000000000000000000e+00
2.259999999999999787e+00,3.000000000000000000e+00,2.021536165378059025e+01,-2.417830775478313754e+01,1.000000000000000000e+00
2.270000000000000018e+00,3.000000000000000000e+00,2.001499266056191573e+01,-1.677577954030846641e+01,1.000000000000000000e+00
2.279999999999999805e+00,3.000000000000000000e+00,1.991062105798093995e+01,-5.954278557477634237e+00,1.000000000000000000e+00
2.290000000000000036e+00,3.000000000000000000e+00,1.992011589865294141e+01,5.479505761486322513e+00,1.000000000000000000e+00
2.299999999999999822e+00,3.000000000000000000e+00,2.003810840294367068e+01,1.580799603094042993e+01,1.000000000000000000e+00
2.310000000000000053e+00,3.000000000000000000e+00,2.024774860665516130e+01,2.406696442990759621e+01,1.000000000000000000e+00
2.319999999999999840e+00,3.000000000000000000e+00,2.050872304251725708e+01,2.670209927149526763e+01,1.000000000000000000e+00
2.329999999999999627e+00,3.000000000000000000e+00,2.078072992503317096e+01,2.740353363669398234e+01,1.000000000000000000e+00
2.339999999999999858e+00,3.000000000000000000e+00,2.105333502485803621e+01,2.699154685882560045e+01,1.000000000000000000e+00
2.349999999999999645e+00,3.000000000000000000e+00,2.128749205566720448e+01,1.996606682356079432e+01,1.000000000000000000e+00
2.359999999999999876e+00,3.000000000000000000e+00,2.142927291746210727e+01,1.022169615596402537e+01,1.000000000000000000e+00
2.369999999999999662e+00,3.000000000000000000e+00,2.147207991854144282e+01,3.231412828751289434e-01,1.000000000000000000e+00
2.379999999999999893e+00,3.000000000000000000e+00,2.141619712228967032e+01,-9.499571263328293824e+00,1.000000000000000000e+00
2.389999999999999680e+00,3.000000000000000000e+00,2.126487448017033799e+01,-1.876895363874047362e+01,1.000000000000000000e+00
2.399999999999999911e+00,3.000000000000000000e+00,2.102838756818720256e+01,-2.652458183689105908e+01,1.000000000000000000e+00
2.409999999999999698e+00,3.000000000000000000e+00,2.073552207415719906e+01,-3.063454069539847069e+01,1.000000000000000000e+00
2.419999999999999929e+00,3.000000000000000000e+00,2.042450195164538940e+01,-3.087880829621465395e+01,1.000000000000000000e+00
2.429999999999999716e+00,3.000000000000000000e+00,2.013577217482414028e+01,-2.686468875403379286e+01,1.000000000000000000e+00
2.439999999999999947e+00,3.000000000000000000e+00,1.992284300069628600e+01,-1.684360927554764231e+01,1.000000000000000000e+00
2.449999999999999734e+00,3.000000000000000000e+00,1.983154918985319881e+01,-3.907292070739117218e+00,1.000000000000000000e+00
2.459999999999999964e+00,3.000000000000000000e+00,1.986965779933851550e+01,8.889751519740919150e+00,1.000000000000000000e+00
2.469999999999999751e+00,3.000000000000000000e+00,2.003229951677813503e+01,2.072073339096514388e+01,1.000000000000000000e+00
2.479999999999999982e+00,3.000000000000000000e+00,2.029687479072768141e+01,2.991640505769489877e+01,1.000000000000000000e+00
2.489999999999999769e+00,3.000000000000000000e+00,2.063284028845512807e+01,3.465658262756236496e+01,1.000000000000000000e+00
2.500000000000000000e+00,3.000000000000000000e+00,2.097658039769838467e+01,3.400604282938982692e+01,1.000000000000000000e+00
2.509999999999999787e+00,3.000000000000000000e+00,2.126544008235026340e+01,2.521184866959364967e+01,1.000000000000000000e+00
2.520000000000000018e+00,3.000000000000000000e+00,2.145794339410027973e+01,1.527381275502308000e+01,1.000000000000000000e+00
2.529999999999999805e+00,3.000000000000000000e+00,2.154885989710987104e+01,5.184524442567810532e+00,1.000000000000000000e+00
2.540000000000000036e+00,3.000000000000000000e+00,2.154179342866436642e+01,-4.599905479741081216e+00,1.000000000000000000e+00
2.549999999999999822e+00,3.000000000000000000e+00,2.144140688906439607e+01,-1.346241274816662425e+01,1.000000000000000000e+00
2.560000000000000053e+00,3.000000000000000000e+00,2.126332713634833382e+01,-2.040577738994156931e+01,1.000000000000000000e+00
2.569999999999999840e+00,3.000000000000000000e+00,2.103087074009466662e+01,-2.474954915979980896e+01,1.000000000000000000e+00
2.579999999999999627e+00,3.000000000000000000e+00,2.077342176817775155e+01,-2.597250110260704403e+01,1.000000000000000000e+00
2.589999999999999858e+00,3.000000000000000000e+00,2.052521475689635722e+01,-2.339475840394771922e+01,1.000000000000000000e+00
2.599999999999999645e+00,3.000000000000000000e+00,2.032972931819534423e+01,-1.653314666784513065e+01,1.000000000000000000e+00
2.609999999999999876e+00,3.000000000000000000e+00,2.022083152827987007e+01,-6.810724405481725974e+00,1.000000000000000000e+00
2.619999999999999662e+00,3.000000000000000000e+00,2.021726231882031044e+01,3.940751766209897422e+00,1.000000000000000000e+00
2.629999999999999893e+00,3.000000000000000000e+00,2.031914005774879328e+01,1.422215535775839790e+01,1.000000000000000000e+00
2.639999999999999680e+00,3.000000000000000000e+00,2.051507217493603719e+01,2.287212856109875503e+01,1.000000000000000000e+00
2.649999999999999911e+00,3.000000000000000000e+00,2.078046784758310750e+01,2.793479210033697058e+01,1.000000000000000000e+00
2.659999999999999698e+00,3.000000000000000000e+00,2.105045336899515718e+01,2.606576207152176039e+01,1.000000000000000000e+00
2.669999999999999929e+00,3.000000000000000000e+00,2.127033338270931395e+01,1.840052276878160242e+01,1.000000000000000000e+00
2.679999999999999716e+00,3.000000000000000000e+00,2.139566902699117534e+01,8.568219379543567271e+00,1.000000000000000000e+00
2.689999999999999947e+00,3.000000000000000000e+00,2.142195883281512891e+01,-1.320340950194208052e+00,1.000000000000000000e+00
2.699999999999999734e+00,3.000000000000000000e+00,2.135142455618168356e+01,-1.073989616044474005e+01,1.000000000000000000e+00
2.709999999999999964e+00,3.000000000000000000e+00,2.119354320505325262e+01,-1.867401406641879547e+01,1.000000000000000000e+00
2.719999999999999751e+00,3.000000000000000000e+00,2.097573233431770490e+01,-2.323140663844228371e+01,1.000000000000000000e+00
2.729999999999999982e+00,3.000000000000000000e+00,2.073952249605056153e+01,-2.331829165722383124e+01,1.000000000000000000e+00
2.739999999999999769e+00,3.000000000000000000e+00,2.052853095488223900e+01,-1.892787299590475669e+01,1.000000000000000000e+00
2.750000000000000000e+00,3.000000000000000000e+00,2.038868433655575529e+01,-1.029227408492028140e+01,1.000000000000000000e+00
2.759999999999999787e+00,3.000000000000000000e+00,2.034782310168100494e+01,1.180659675192614194e-01,1.000000000000000000e+00
2.770000000000000018e+00,3.000000000000000000e+00,2.041026168132740182e+01,1.020102507716127782e+01,1.000000000000000000e+00
2.779999999999999805e+00,3.000000000000000000e+00,2.056499175786201050e+01,1.869510373899999323e+01,1.000000000000000000e+00
2.790000000000000036e+00,3.000000000000000000e+00,2.078942625456975435e+01,2.453289346417357919e+01,1.000000000000000000e+00
2.799999999999999822e+00,3.000000000000000000e+00,2.103858480709872936e+01,2.354462465534183835e+01,1.000000000000000000e+00
2.810000000000000053e+00,3.000000000000000000e+00,2.124501049022312671e+01,1.859522342016792607e+01,1.000000000000000000e+00
2.819999999999999840e+00,3.000000000000000000e+00,2.138340595749401274e+01,1.011585932686230116e+01,1.000000000000000000e+00
2.829999999999999627e+00,3.000000000000000000e+00,2.142589627314982792e+01,3.094112940186466432e-01,1.000000000000000000e+00
2.839999999999999858e+00,3.000000000000000000e+00,2.137161256848573032e+01,-9.125981522966013060e+00,1.000000000000000000e+00
2.849999999999999645e+00,3.000000000000000000e+00,2.123568232243838949e+01,-1.641853946732402036e+01,1.000000000000000000e+00
2.859999999999999876e+00,3.000000000000000000e+00,2.104338419485106826e+01,-2.050601736591758950e+01,1.000000000000000000e+00
2.869999999999999662e+00,3.000000000000000000e+00,2.083985188763549701e+01,-1.957962601930410784e+01,1.000000000000000000e+00
2.879999999999999893e+00,3.000000000000000000e+00,2.067277565781015625e+01,-1.432116179696738456e+01,1.000000000000000000e+00
2.889999999999999680e+00,3.000000000000000000e+00,2.057525712195886314e+01,-6.481486155029024587e+00,1.000000000000000000e+00
2.899999999999999911e+00,3.000000000000000000e+00,2.056244405211788617e+01,2.181042497462167162e+00,1.000000000000000000e+00
2.909999999999999698e+00,3.000000000000000000e+00,2.063318039135437942e+01,1.017152712258978298e+01,1.000000000000000000e+00
2.919999999999999929e+00,3.000000000000000000e+00,2.077439622172339639e+01,1.646825478121497710e+01,1.000000000000000000e+00
2.929999999999999716e+00,3.000000000000000000e+00,2.096059325087834324e+01,1.940232332653084057e+01,1.000000000000000000e+00
2.939999999999999947e+00,3.000000000000000000e+00,2.114587404898689016e+01,1.679267632631129814e+01,1.000000000000000000e+00
2.949999999999999734e+00,3.000000000000000000e+00,2.127677801037708605e+01,1.044421631998158695e+01,1.000000000000000000e+00
2.959999999999999964e+00,3.000000000000000000e+00,2.133792366221712200e+01,2.903187507369807907e+00,1.000000000000000000e+00
2.969999999999999751e+00,3.000000000000000000e+00,2.131261507597343652e+01,-6.044294421373177073e+00,1.000000000000000000e+00
2.979999999999999982e+00,3.000000000000000000e+00,2.120607326451357721e+01,-1.342342416907866820e+01,1.000000000000000000e+00
2.989999999999999769e+00,3.000000000000000000e+00,2.104170675674030377e+01,-1.801788531718783659e+01,1.000000000000000000e+00
3.000000000000000000e+00,3.000000000000000000e+00,2.085348393258146871e+01,-1.873633723786793226e+01,1.000000000000000000e+00
