time_s,jump_idx,requested_height_cm,phase,height_cm,vz_cm_s,vx_cm_s,measured_rise_cm,ground_contact
0.01,0,20.0,move,19.540193666867626,-0.974752692373751,17.334684886466604,0.0,1
0.02,0,20.0,move,19.644249136937518,27.602794579302735,6.492058579718643,0.1345871546019034,1
0.03,0,20.0,move,20.082508317006095,58.43552938925938,46.13682019147474,0.030531684532011938,1
0.04,0,20.0,move,20.602460058458483,48.184295549205856,23.600696388257035,-0.40772749553656396,0
0.05,0,20.0,move,21.046600391855105,40.506940470403464,31.960231718552244,-0.9276792369889514,0
0.060000000000000005,0,20.0,move,21.391801744358073,30.535172211894608,27.32805686964419,-1.371819570385574,0
0.07,0,20.0,move,21.64510825660313,21.324621232219638,28.008948588228254,-1.7170209228885402,1
0.08,0,20.0,move,21.82516411259859,15.246250225573057,25.882552540671355,-1.9703274351335982,1
0.09,0,20.0,move,21.956662448573923,10.949201568185812,35.24827623057751,-2.150383291129057,1
0.09999999999999999,0,20.0,move,22.04923189203006,7.682045410877302,35.32041680498782,-2.2818816271043927,1
0.10999999999999999,0,20.0,move,22.11329661523403,5.232850501443577,44.19087392160383,-2.3744510705605295,1
0.11999999999999998,0,20.0,move,22.152967346395954,2.531370612183682,49.02126916752426,-2.438515793764501,1
0.12999999999999998,0,20.0,move,22.132234057731353,-5.649785632118991,44.47912597509391,-2.478186524926423,1
0.13999999999999999,0,20.0,move,22.036843696237202,-13.10436994358206,53.177040614915214,-2.4574532362618196,1
0.15,0,20.0,move,21.85792781828987,-21.394317899766683,48.22430150201092,-2.36206287476767,1
0.16,0,20.0,move,21.580243694303082,-32.53410558687577,54.32104996174715,-2.183146996820337,1
0.17,0,20.0,move,21.20486377589922,-40.98126902643548,48.867131684226884,-1.9054628728335494,1
0.18000000000000002,0,20.0,move,20.72961292406725,-52.44500736279195,54.792009825634736,-1.5300829544296901,1
0.19000000000000003,0,20.0,move,20.161196771665878,-60.62792377020093,47.54241784300524,-1.0548321025977192,1
0.20000000000000004,0,20.0,move,19.533657663593715,-64.66416881626685,54.87383529166225,-0.48641595019634776,1
0.21000000000000005,0,20.0,move,18.911124369592848,-60.633479242371216,54.59071035120581,0.14112315787581653,1
0.22000000000000006,0,20.0,move,18.39340768782972,-45.8268670721687,68.82272294588168,0.763656451876682,1
0.23000000000000007,0,20.0,move,18.074341430465218,-22.75583522442873,75.16340151073885,1.2813731336398126,1
0.24000000000000007,0,20.0,move,17.995384624963613,0.8479429289439442,90.71324088802233,1.600439391004313,1
0.25000000000000006,0,20.0,move,18.14900255519871,23.349895098809718,96.05462858219092,1.6793961965059168,1
0.26000000000000006,0,20.0,move,18.394680972303828,23.482828206685003,100.04334072048033,1.525778266270822,1
0.2700000000000001,0,20.0,move,18.61600171123716,20.668091049227723,95.82056080786528,1.280099849165703,1
0.2800000000000001,0,20.0,move,18.800020048861015,14.892306050049864,103.4689543021855,1.0587791102323718,1
0.2900000000000001,0,20.0,move,18.928841365676156,11.404361621676063,94.34238690762291,0.8747607726085155,1
0.3000000000000001,0,20.0,move,19.029267523561632,7.213620667140512,108.3337890581031,0.7459394557933763,1
0.3100000000000001,0,20.0,move,19.078335367933267,3.1764602743979022,102.05780060450536,0.6455132979078987,1
0.3200000000000001,0,20.0,move,19.07331922859001,-3.7737893309106507,107.43009822842151,0.5964454535362651,1
0.3300000000000001,0,20.0,move,19.031497829715033,-5.047665821627752,102.78653453621615,0.6014615928795208,1
0.34000000000000014,0,20.0,move,18.93983300502935,-10.953857148596665,105.5416020823223,0.6432829917544985,1
0.35000000000000014,0,20.0,move,18.82811241765656,-12.351036828624363,105.8999872675599,0.7349478164401818,1
0.36000000000000015,0,20.0,move,18.715601357837457,-10.916729002267903,102.18061722711067,0.8466684038129724,1
0.37000000000000016,0,20.0,move,18.601607534282603,-13.173939072057639,109.98306188357492,0.9591794636320761,1
0.38000000000000017,0,20.0,move,18.478009813305057,-11.940748698747168,101.60465188226135,1.0731732871869264,1
0.3900000000000002,0,20.0,move,18.386455510647973,-9.568582116338956,114.34429546478329,1.196771008164474,1
0.4000000000000002,0,20.0,move,18.3174306565209,-6.566275603126415,113.00928256901545,1.2883253108215587,1
0.4100000000000002,0,20.0,move,18.2835311310692,-1.7172635025873129,114.04739966329964,1.3573501649486315,1
0.4200000000000002,0,20.0,move,18.306551300908406,3.3439527701128173,114.87166476169976,1.3912496904003313,1
0.4300000000000002,0,20.0,move,18.361394432236324,5.025906139451793,111.8215797758079,1.3682295205611235,1
0.4400000000000002,0,20.0,move,18.402083845742734,1.6284339486758892,118.47990846331928,1.3133863892332092,1
0.45000000000000023,0,20.0,move,18.408275967701712,-0.9286562314859264,116.99480472773371,1.2726969757267974,1
0.46000000000000024,0,20.0,move,18.407033223392013,-0.5927644233881835,112.74770632972164,1.2665048537678192,1
0.47000000000000025,0,20.0,move,18.40450345750312,-0.4553961376692459,117.36824674882156,1.2677475980775204,1
0.48000000000000026,0,20.0,move,18.404103897596162,-0.748523699068501,117.03474081177218,1.27027736396641,1
0.49000000000000027,0,20.0,move,18.386985153474225,-2.7931564147384345,116.3426496318223,1.270676923873368,1
0.5000000000000002,0,20.0,move,18.355625308325628,-3.650625486743354,116.7123551739962,1.2877956679953062,1
0.5100000000000002,0,20.0,move,18.301018177981977,-7.235859553768395,112.23417285960883,1.319155513143902,1
0.5200000000000002,0,20.0,move,18.213332241193893,-10.514109207701484,117.81501195234118,1.3737626434875554,1
0.5300000000000002,0,20.0,move,18.12558420997168,-7.61169599176896,112.68630785642064,1.4614485802756372,1
0.5400000000000003,0,20.0,move,18.07027398129858,-4.061001942790684,116.78372726290583,1.5491966114978495,1
0.5500000000000003,0,20.0,move,18.067134412537,1.789526598509731,116.40086555961034,1.6045068401709521,1
0.5600000000000003,0,20.0,move,18.131045018044677,8.680749851898288,116.90824527509933,1.6076464089325309,1
0.5700000000000003,0,20.0,move,18.246987792046333,11.826563891268272,112.82469138682683,1.5437358034248532,1
0.5800000000000003,0,20.0,move,18.355891024878474,7.602568354786461,118.20632132065087,1.4277930294231966,1
0.5900000000000003,0,20.0,move,18.39281095644746,0.8984556361372258,113.45055430900004,1.318889796591058,1
0.6000000000000003,0,20.0,move,18.360717456176406,-6.809740774481391,119.28130993285957,1.2819698650220728,1
0.6100000000000003,0,20.0,move,18.28103716362242,-8.714029389266761,115.01602705462814,1.314063365293125,1
0.6200000000000003,0,20.0,move,18.189202056147142,-8.645075716551244,120.2413780941205,1.393743657847113,1
0.6300000000000003,0,20.0,move,18.1344850345387,-3.9697121611585144,116.91408725772072,1.4855787653223902,1
0.6400000000000003,0,20.0,move,18.128492961192126,0.94060717108795,118.23772996738771,1.5402957869308342,1
0.6500000000000004,0,20.0,move,18.14608944910303,1.519661789262872,122.34651745142706,1.5462878602774066,1
0.6600000000000004,0,20.0,move,18.181589380639952,4.188830013064234,120.05484882392994,1.5286913723665,1
0.6700000000000004,0,20.0,move,18.243443152246975,6.967830559898686,118.84199340018566,1.4931914408295803,1
0.6800000000000004,0,20.0,move,18.308898177372928,5.646107237716317,118.25157159259176,1.431337669222557,1
0.6900000000000004,0,20.0,move,18.368194101884544,5.453598320403189,118.35521148507821,1.3658826440966028,1
0.7000000000000004,0,20.0,move,18.396743502722284,0.6758421353242766,114.38047432640414,1.3065867195849874,1
0.7100000000000004,0,20.0,move,18.394654114026636,-2.0867931375037396,120.06895933619259,1.2780373187472467,1
0.7200000000000004,0,20.0,move,18.3751782995405,-1.9759925313890467,115.61444057061503,1.2801267074428941,1
0.7300000000000004,0,20.0,move,18.35540252608571,-1.7456814452361986,120.42796313715269,1.2996025219290304,1
0.7400000000000004,0,20.0,move,18.361609426988394,1.6453981906099633,120.42716492754595,1.3193782953838191,1
0.7500000000000004,0,20.0,move,18.37983500060234,1.115531314032298,119.4691912359706,1.3131713944811385,1
0.7600000000000005,0,20.0,move,18.38989292249771,0.13091522308270326,115.0363337635011,1.294945820867191,1
0.7700000000000005,0,20.0,move,18.391042107601077,-1.121220811925132,115.69890886323996,1.2848878989718204,1
0.7800000000000005,0,20.0,move,18.36926773042139,-2.620691180171934,115.56921580421422,1.2837387138684542,1
0.7900000000000005,0,20.0,move,18.345869207971933,-2.2623317377013943,119.57633282258575,1.3055130910481383,1
0.8000000000000005,0,20.0,move,18.326883971587776,-2.541167325454121,118.99935599735329,1.3289116134975965,1
0.8100000000000005,0,20.0,move,18.302933053438196,-2.690258084024262,118.80826253312875,1.3478968498817552,1
0.8200000000000005,0,20.0,move,18.27445903237385,-4.665165833611484,119.05618105635232,1.371847768031334,1
0.8300000000000005,0,20.0,move,18.217776360138373,-6.635173635603294,118.54265547083915,1.4003217890956794,1
0.8400000000000005,0,20.0,move,18.165276843002474,-4.668532920084043,114.34028666751897,1.4570044613311572,1
0.8500000000000005,0,20.0,move,18.138724694168825,-2.604395071061728,115.79626344267223,1.5095039784670583,1
0.8600000000000005,0,20.0,move,18.141118083349454,1.634544899616119,117.78702493553116,1.5360561273007056,1
0.8700000000000006,0,20.0,move,18.19496845665406,6.896722028996239,122.3608689760902,1.5336627381200758,1
0.8800000000000006,0,20.0,move,18.291059957818383,10.125849402783784,121.30369674341948,1.479812364815472,1
0.8900000000000006,0,20.0,move,18.400242179416505,9.9699009647043,120.60288871983451,1.3837208636511473,1
0.9000000000000006,0,20.0,move,18.47142872478281,4.553739374400574,120.11190373395246,1.2745386420530247,1
0.9100000000000006,0,20.0,move,18.498322960759584,0.9217954991296761,119.8479259125842,1.2033520966867188,1
0.9200000000000006,0,20.0,move,18.4976133694468,-1.629502281123322,119.96133813397849,1.1764578607099478,1
0.9300000000000006,0,20.0,move,18.462275874743018,-5.372394193791324,120.08409783241616,1.1771674520227315,1
0.9400000000000006,0,20.0,move,18.42123176114171,-3.5801755604774943,116.56821838832676,1.212504946726514,1
0.9500000000000006,0,20.0,move,18.39797788386691,-2.2629507175129673,121.6528137562035,1.2535490603278243,1
0.9600000000000006,0,20.0,move,18.41274616739826,3.649163013861731,112.89306309076528,1.2768029376026195,1
0.9700000000000006,0,20.0,move,18.44424483335694,3.313967140797649,122.03684443289784,1.2620346540712701,1
0.9800000000000006,0,20.0,move,18.459925241451785,0.14243221523596653,120.78641422522219,1.230535988112591,1
0.9900000000000007,0,20.0,move,18.450782925361324,-1.9861699694602306,120.05141610168337,1.2148555800177459,1
1.0000000000000007,0,20.0,move,18.435511584830714,-1.6431402959861188,119.73707719737004,1.223997896108206,1
1.0100000000000007,0,20.0,move,18.428865003787845,-0.9266579655406478,115.25863212282037,1.239269236638818,1
1.0200000000000007,0,20.0,move,18.40971681693964,-3.574528931988215,120.51541091423019,1.2459158176816865,1
1.0300000000000007,0,20.0,move,18.38247031940664,-2.625379867240378,115.48651649379123,1.2650640045298922,1
1.0400000000000007,0,20.0,move,18.365174737190205,-2.072470148650021,120.84861149555705,1.2923105020628933,1
1.0500000000000007,0,20.0,move,18.369014445051032,0.813361917066938,121.10860895754934,1.3096060842793245,1
1.0600000000000007,0,20.0,move,18.391361275219477,2.13842088107036,121.03869484271767,1.305766376418499,1
1.0700000000000007,0,20.0,move,18.421363855640234,1.4803115610636577,121.64778148060935,1.283419546250053,1
1.0800000000000007,0,20.0,move,18.410265760317515,-3.0138674914495533,116.98560600030983,1.2534169658292988,1
1.0900000000000007,0,20.0,move,18.373710912553516,-5.63720486149994,123.00464855095146,1.2645150611520162,1
1.1000000000000008,0,20.0,move,18.316413592257984,-6.773104095709821,121.46649467347437,1.3010699089160167,1
1.1100000000000008,0,20.0,move,18.268739006538542,-4.26109564494516,116.98647651027055,1.358367229211549,1
1.1200000000000008,0,20.0,move,18.238442668319735,-3.227095248574675,122.45358687198167,1.406041814930989,1
1.1300000000000008,0,20.0,move,18.217236101236214,-2.1540959760733163,121.49211971015707,1.4363381531497965,1
1.1400000000000008,0,20.0,move,18.213097551359905,0.1677054583133668,121.0463996980637,1.457544720233317,1
1.1500000000000008,0,20.0,move,18.213250033185023,-2.12409368598348,121.0251200724016,1.461683270109626,1
1.1600000000000008,0,20.0,move,18.182915193127883,-4.608309502899738,120.67439404369674,1.4615307882845068,1
1.1700000000000008,0,20.0,move,18.142403202992067,-4.212875934336592,121.20942964961279,1.4918656283416487,1
1.1800000000000008,0,20.0,move,18.11776772896444,-1.9465771078706169,121.43700724095865,1.5323776184774651,1
1.1900000000000008,0,20.0,move,18.12003955319847,1.4949335427283772,118.35367172523532,1.5570130925050885,1
1.2000000000000008,0,20.0,move,18.165417079334897,4.34955226449061,124.67885420133894,1.5547412682710593,1
1.2100000000000009,0,20.0,move,18.204133339341443,3.7682443026506482,119.4139829828971,1.509363742134634,1
1.2200000000000009,0,20.0,move,18.2420681165851,3.749116536097874,123.26566988963643,1.4706474821280873,1
1.2300000000000009,0,20.0,move,18.266228844252232,1.2767720358328731,121.97404246978991,1.432712704884434,1
1.2400000000000009,0,20.0,move,18.288432250610605,2.227637955917533,117.0716446827671,1.4085519772172983,1
1.2500000000000009,0,20.0,move,18.321668363770797,3.6744633915172282,120.7278246292169,1.386348570858928,1
1.260000000000001,0,20.0,move,18.359041837870414,3.0261229161199616,120.06264262503447,1.3531124576987326,1
1.270000000000001,0,20.0,move,18.394987133190035,3.768688490946031,115.98111935373956,1.3157389835991156,1
1.280000000000001,0,20.0,move,18.39707469420834,-2.9382355481094584,122.51517890696032,1.2797936882794958,1
1.290000000000001,0,20.0,move,18.35499927169701,-4.902749502207574,117.3834480396032,1.2777061272611938,1
1.300000000000001,0,20.0,move,18.30359884647432,-5.930515958743777,122.17227253463459,1.3197815497725196,1
1.310000000000001,0,20.0,move,18.269584553618184,-2.7856226428040083,121.29602212952481,1.3711819749952114,1
1.320000000000001,0,20.0,move,18.272646934258553,1.945764566630099,121.01205343898387,1.405196267851347,1
1.330000000000001,0,20.0,move,18.341185776175166,9.492208115361278,118.11521049192064,1.4021338872109768,1
1.340000000000001,0,20.0,move,18.429353998478845,7.500766239127245,118.25522963582861,1.3335950452943668,1
1.350000000000001,0,20.0,move,18.478854579132374,2.4200899136899134,123.89862980492478,1.2454268229906862,1
1.360000000000001,0,20.0,move,18.49153038503836,0.37117728919714954,118.8375867152621,1.1959262423371557,1
1.370000000000001,0,20.0,move,18.486702616382495,-1.242159336669795,122.8028932051047,1.1832504364311713,1
1.380000000000001,0,20.0,move,18.470249849068065,-2.7863611202685727,121.66475115509536,1.188078205087037,1
1.390000000000001,0,20.0,move,18.434070392211474,-4.530554197101723,120.59198370901719,1.2045309724014657,1
1.400000000000001,0,20.0,move,18.400773736029123,-3.03449212939222,116.38656945071904,1.2407104292580573,1
1.410000000000001,0,20.0,dip,18.25318040608794,-20.11911154620785,99.99092099301193,1.2407104292580573,0
1.420000000000001,0,20.0,dip,18.067213572141974,-20.028067030044628,121.75024452236889,1.2407104292580573,0
1.430000000000001,0,20.0,dip,17.78045235233994,-33.98036748855373,106.47200677378237,1.2407104292580573,0
1.440000000000001,0,20.0,dip,17.40484095309024,-41.31364522911584,128.2328782350847,1.2407104292580573,0
1.450000000000001,0,20.0,dip,16.93200566274319,-51.293897426486815,113.30316000515354,1.2407104292580573,0
1.460000000000001,0,20.0,dip,16.377384750457576,-57.249551599477655,126.62581588287412,1.2407104292580573,1
1.470000000000001,0,20.0,dip,16.012821770699492,-15.24317896987939,115.71763447511876,1.2407104292580573,1
1.480000000000001,0,20.0,launch,16.652279027644177,116.97334488544122,174.10245256314215,1.2407104292580573,1
1.490000000000001,0,20.0,launch,18.1560395272244,168.21415144031394,136.67039326854336,1.2407104292580573,1
1.500000000000001,0,20.0,launch,19.9742762370743,185.99969130365798,147.5968367770201,1.540205844862827,1
1.5100000000000011,0,20.0,launch,21.87960594221249,192.2451009892407,139.1430686672615,3.4455355500010136,0
1.5200000000000011,0,20.0,launch,23.738747138600903,182.41040026639595,138.6874087637383,5.304676746389431,0
1.5300000000000011,0,20.0,launch,25.48498150365931,169.63070328709676,132.04498044610207,7.050911111447836,0
1.5400000000000011,0,20.0,launch,27.109868285429943,155.65927807848834,140.76751933870358,8.675797893218471,0
1.5500000000000012,0,20.0,launch,28.684318893713957,160.4764715488003,131.6818925844845,10.250248501502481,0
1.5600000000000012,0,20.0,launch,30.104230423847987,131.84573590830004,142.72092683911782,11.670160031636515,0
1.5700000000000012,0,20.0,launch,31.457418978438838,132.20869555972666,131.73027695052363,13.023348586227366,0
1.5800000000000012,0,20.0,launch,32.68434702177016,116.01266080791859,141.37001844720865,14.25027662955868,0
1.5900000000000012,0,20.0,launch,33.84361845635467,114.26835246925764,130.4992526077996,15.409548064143195,0
1.6000000000000012,0,20.0,launch,34.891800686431864,99.72001430282538,137.9099828563192,16.457730294220394,0
1.6100000000000012,0,20.0,airborne,35.553270443442834,50.09758828230013,87.6101422317843,17.119200051231363,0
1.6200000000000012,0,20.0,airborne,36.28651647104134,80.36997585065745,134.97739525742566,17.85244607882986,0
1.6300000000000012,0,20.0,airborne,36.99817756970431,68.14565980859632,134.03132673822643,18.564107177492836,0
1.6400000000000012,0,20.0,airborne,37.62566494221122,59.16113343287528,134.71141041570374,19.19159454999975,0
1.6500000000000012,0,20.0,airborne,38.16262708587819,50.018262837595394,135.4634590020826,19.728556693666718,0
1.6600000000000013,0,20.0,airborne,38.60667793543796,40.63499760100374,136.04833113100966,20.172607543226487,0
1.6700000000000013,0,20.0,airborne,38.955802696684074,31.07918439009556,136.46510641477013,20.521732304472604,0
1.6800000000000013,0,20.0,airborne,39.208673486792165,21.41452425592836,136.75260398955456,20.774603094580687,0
1.6900000000000013,0,20.0,airborne,39.36447755514937,11.68443239489255,136.94855492938893,20.930407162937893,0
1.7000000000000013,0,20.0,airborne,39.422734413122065,1.9160104012718504,137.0817181484449,20.988664020910587,0
1.7100000000000013,0,20.0,airborne,39.38316585500775,-7.874211869231268,137.17170284165567,20.988664020910587,0
1.7200000000000013,0,20.0,airborne,39.24561732917954,-17.676481445309477,137.23214032306961,20.988664020910587,0
1.7300000000000013,0,20.0,airborne,39.01000041855738,-27.485894417613878,137.2735675796924,20.988664020910587,0
1.7400000000000013,0,20.0,airborne,38.67626206806876,-37.29954373603507,137.3034053057933,20.988664020910587,0
1.7500000000000013,0,20.0,airborne,38.24437208533782,-47.11554010887941,137.32485447301644,20.988664020910587,0
1.7600000000000013,0,20.0,airborne,37.71431259803729,-56.933005028221054,137.3402508696148,20.988664020910587,0
1.7700000000000014,0,20.0,airborne,37.086075386310945,-66.7508633716526,137.3507604324572,20.988664020910587,0
1.7800000000000014,0,20.0,airborne,36.35966090972563,-76.56843511788122,137.35740496094644,20.988664020910587,0
1.7900000000000014,0,20.0,airborne,35.535074361945505,-86.38537176569928,137.36119115678943,20.988664020910587,0
1.8000000000000014,0,20.0,airborne,34.612322828757335,-96.20157875968368,137.36300350812482,20.988664020910587,0
1.8100000000000014,0,20.0,airborne,33.591413286759966,-106.01712538121708,137.3635431297864,20.988664020910587,0
1.8200000000000014,0,20.0,airborne,32.47235147087072,-115.83216264283574,137.36331291153564,20.988664020910587,0
1.8300000000000014,0,20.0,airborne,31.25514144668716,-125.64686134837626,137.3626362446307,20.988664020910587,0
1.8400000000000014,0,20.0,landing,30.24301430038845,-96.63241491028774,177.36367123228968,20.988664020910587,0
1.8500000000000014,0,20.0,landing,28.96458165608597,-135.9888870388453,142.83581749586173,20.988664020910587,0
1.8600000000000014,0,20.0,landing,27.516474364903846,-149.59941996841087,138.34846012192835,20.988664020910587,0
1.8700000000000014,0,20.0,landing,25.94534831253814,-162.41199517180922,142.22920675085973,20.988664020910587,0
1.8800000000000014,0,20.0,landing,24.27387854228293,-171.13848426528085,128.91920279381148,20.988664020910587,0
1.8900000000000015,0,20.0,landing,22.487468561265068,-182.66358618776792,143.1923135536072,20.988664020910587,1
1.9000000000000015,0,20.0,move,20.42025385737235,-204.05737663872992,125.66962444398828,20.988664020910587,1
1.9100000000000015,0,20.0,move,18.6842456286021,-153.42553676816289,148.054405014338,20.988664020910587,1
1.9200000000000015,0,20.0,move,17.375336272021013,-109.80352373026672,141.3650595435663,20.988664020910587,1
1.9300000000000015,0,20.0,move,16.719192836805888,-35.726508689707515,156.4420568780802,20.988664020910587,1
1.9400000000000015,0,20.0,move,16.723593378277794,24.359294533854282,144.08451281299654,20.988664020910587,1
1.9500000000000015,0,20.0,move,17.18250216466049,51.18333084412448,145.92565800731296,20.988664020910587,1
1.9600000000000015,0,20.0,move,17.78132946381072,61.47396305873832,142.58173997850497,20.988664020910587,1
1.9700000000000015,0,20.0,move,18.382812015650934,57.3694393033934,138.2989958084682,20.988664020910587,1
1.9800000000000015,0,20.0,move,18.89552149429219,46.921527511208204,142.6291679255006,20.988664020910587,0
1.9900000000000015,0,20.0,move,19.306034650523326,36.80153670719534,142.31365953465797,20.988664020910587,0
2.0000000000000013,0,20.0,move,19.61756243091804,26.873034846441346,142.4118823835838,20.988664020910587,0
2.010000000000001,0,20.0,move,19.829314740731885,16.922782206168062,142.40956181400185,20.988664020910587,0
2.020000000000001,0,20.0,move,19.947132878984743,8.080514086431808,137.62658755762303,20.988664020910587,0
2.0300000000000007,0,20.0,move,19.967116597860823,-2.393717100366748,142.48918087301473,20.988664020910587,0
2.0400000000000005,0,20.0,move,19.88408300426613,-12.520502838570147,142.47906212685484,20.988664020910587,0
2.0500000000000003,0,20.0,move,19.706102827193924,-22.04930395441039,141.46639878135286,20.988664020910587,0
2.06,0,20.0,move,19.429484576333593,-31.903993728105778,141.8967090639574,20.988664020910587,0
2.07,0,20.0,move,19.054699695722604,-41.431893707653074,142.41191828890226,20.988664020910587,1
2.0799999999999996,0,20.0,move,18.598838246368718,-48.503081799970325,143.5303894463276,20.988664020910587,1
2.0899999999999994,0,20.0,move,18.101099137255638,-49.773187368191635,140.30340800229447,20.988664020910587,1
2.099999999999999,0,20.0,move,17.64616994225713,-41.71732598741647,143.42649604834793,20.988664020910587,1
2.109999999999999,0,20.0,move,17.310131151664358,-28.178175650283205,142.60705409208302,20.988664020910587,1
2.1199999999999988,0,20.0,move,17.15212524950758,-7.761482789237902,143.32181160216345,20.988664020910587,1
2.1299999999999986,0,20.0,move,17.2093524968557,13.512625100839262,144.5897797462914,20.988664020910587,1
2.1399999999999983,0,20.0,move,17.426124662573226,25.113588111181034,143.95402283202867,20.988664020910587,1
2.149999999999998,0,20.0,move,17.732676306245658,33.679764825170565,143.19903695521177,20.988664020910587,1
2.159999999999998,0,20.0,move,18.081838342856408,33.469653718532804,142.4916912317763,20.988664020910587,1
2.1699999999999977,0,20.0,move,18.412260794951145,32.175857056478954,138.3944082191684,20.988664020910587,1
2.1799999999999975,0,20.0,move,18.711908024993747,28.327446100354752,142.4119551284035,20.988664020910587,1
2.1899999999999973,0,20.0,move,18.94043157629214,18.51722317870881,141.39904370693003,20.988664020910587,1
2.199999999999997,0,20.0,move,19.067952926436696,8.493892068603348,142.1383426984862,20.988664020910587,0
2.209999999999997,0,20.0,move,19.09559797694199,-1.2936658906321834,142.28959165184486,20.988664020910587,1
2.2199999999999966,0,20.0,move,19.033930257501623,-9.694853900520378,142.78970335322273,20.988664020910587,1
2.2299999999999964,0,20.0,move,18.895531786839094,-16.84787530336347,142.67076578239792,20.988664020910587,1
2.239999999999996,0,20.0,move,18.694434980561777,-22.45922773862682,142.25778380891188,20.988664020910587,1
2.249999999999996,0,20.0,move,18.465837164262798,-23.12590325724666,138.60381969687234,20.988664020910587,1
2.259999999999996,0,20.0,move,18.24818049983185,-20.573176691915883,142.27470515862288,20.988664020910587,1
2.2699999999999956,0,20.0,move,18.079348837315376,-14.45777178850857,142.1653305125399,20.988664020910587,1
2.2799999999999954,0,20.0,move,17.982785008532247,-8.313615481383362,142.62344146077882,20.988664020910587,1
2.289999999999995,0,20.0,move,17.930688721072546,-3.3133714396643024,143.0295386996241,20.988664020910587,1
2.299999999999995,0,20.0,move,17.949936700834236,4.961835494131382,139.87763440598982,20.988664020910587,1
2.3099999999999947,0,20.0,move,18.04073295187,10.869221229585065,144.05808855948467,20.988664020910587,1
2.3199999999999945,0,20.0,move,18.146916926919243,9.571151838987744,142.88132507041377,20.988664020910587,1
2.3299999999999943,0,20.0,move,18.23614603633562,8.099300565390063,141.5275022313981,20.988664020910587,1
2.339999999999994,0,20.0,move,18.312877412743614,6.706059074856133,140.8086428206917,20.988664020910587,1
2.349999999999994,0,20.0,move,18.37207089145568,4.882529217469923,140.55629160160836,20.988664020910587,1
2.3599999999999937,0,20.0,move,18.414544589748928,3.654254276534978,141.01689128860068,20.988664020910587,1
2.3699999999999934,0,20.0,move,18.422063295963316,-1.6966558389501123,137.1061035255639,20.988664020910587,1
2.3799999999999932,0,20.0,move,18.376995060538025,-6.388239135093811,141.47558304531097,20.988664020910587,1
2.389999999999993,0,20.0,move,18.29993602298908,-8.867850334133417,140.68110836533515,20.988664020910587,1
2.399999999999993,0,20.0,move,18.212332696522733,-9.264978360559105,140.1945303114848,20.988664020910587,1
2.4099999999999926,0,20.0,move,18.1329080659426,-7.701193209762254,139.9521918499543,20.988664020910587,1
2.4199999999999924,0,20.0,move,18.07500486662419,-5.198307408622298,139.22924056723843,20.988664020910587,1
2.429999999999992,0,20.0,move,18.049251370826344,-1.0574947255686065,135.22950892585607,20.988664020910587,1
2.439999999999992,0,20.0,move,18.04486676324605,-2.556154128556478,141.0055263956738,20.988664020910587,1
2.4499999999999917,0,20.0,move,18.01097781675477,-3.980293378262323,140.3294915698901,20.988664020910587,1
2.4599999999999915,0,20.0,move,17.987397757428973,-1.5691701931715696,140.2418583879485,20.988664020910587,1
2.4699999999999913,0,20.0,move,18.006804515612178,3.7641355649924484,139.63401738971615,20.988664020910587,1
2.479999999999991,0,20.0,move,18.073105260977304,6.980375570888292,135.321174076637,20.988664020910587,1
2.489999999999991,0,20.0,move,18.149153900621474,7.600036615486946,139.02189685794207,20.988664020910587,1
2.4999999999999907,0,20.0,move,18.231487764365244,7.996041967350181,137.49623908774075,20.988664020910587,1
2.5099999999999905,0,20.0,move,18.308511592257787,6.9405819807585685,136.80719316128273,20.988664020910587,1
2.5199999999999902,0,20.0,move,18.376622462726903,6.415939395637427,136.85788460783678,20.988664020910587,1
2.52999999999999,0,20.0,move,18.408452383811905,0.3273499254915583,136.53507449045793,20.988664020910587,1
2.53999999999999,0,20.0,move,18.394310233659002,-2.8012826403485738,132.5297039584776,20.988664020910587,1
2.5499999999999896,0,20.0,move,18.35808408900442,-4.897110484169268,138.02681346884555,20.988664020910587,1
2.5599999999999894,0,20.0,move,18.324259122106838,-2.8224148624127845,137.6257732883431,20.988664020910587,1
2.569999999999989,0,20.0,move,18.316668055505655,-0.5634604488489916,137.23658552927418,20.988664020910587,1
2.579999999999989,0,20.0,move,18.316982505417425,-0.5843407353013613,136.64818522080193,20.988664020910587,1
2.5899999999999888,0,20.0,move,18.29874961058218,-2.7635901281092123,131.73460568828517,20.988664020910587,1
2.5999999999999885,0,20.0,move,18.266420519897558,-4.478658390861743,137.09561148085854,20.988664020910587,1
2.6099999999999883,0,20.0,move,18.22568488269947,-4.573407114891194,135.68911172850292,20.988664020910587,1
2.619999999999988,0,20.0,move,18.182270781769926,-4.510500891213959,135.10907126536637,20.988664020910587,1
2.629999999999988,0,20.0,move,18.159450612722345,-1.281897530187155,135.28966362773855,20.988664020910587,1
2.6399999999999877,0,20.0,move,18.149736490468023,-2.1266143003280327,135.50304985066984,20.988664020910587,1
2.6499999999999875,0,20.0,move,18.127876110154343,-2.8130205630799896,134.85709308028896,20.988664020910587,1
2.6599999999999873,0,20.0,move,18.111937887400796,-1.4826794210212366,130.4483613831636,20.988664020910587,1
2.669999999999987,0,20.0,move,18.115050936671516,0.6394105635314583,136.4489670220848,20.988664020910587,1
2.679999999999987,0,20.0,move,18.151240526257396,4.843308440039741,135.11309585558914,20.988664020910587,1
2.6899999999999866,0,20.0,move,18.220024202505066,7.863233717539478,133.66922398354038,20.988664020910587,1
2.6999999999999864,0,20.0,move,18.31808180118992,9.423527286708808,129.61195306738554,20.988664020910587,1
2.709999999999986,0,20.0,move,18.402865049915043,7.535167047663771,134.3075959661766,20.988664020910587,1
2.719999999999986,0,20.0,move,18.47512198346991,6.478226613748495,133.99489257749025,20.988664020910587,1
2.7299999999999858,0,20.0,move,18.50669292771675,0.46639866147987696,133.5716009870334,20.988664020910587,1
2.7399999999999856,0,20.0,move,18.492026605741703,-3.2012948197418343,132.88863982494811,20.988664020910587,1
2.7499999999999853,0,20.0,move,18.451880365927632,-4.901120836105603,131.97216297717415,20.988664020910587,1
2.759999999999985,0,20.0,move,18.40944927055036,-3.936862043710481,127.36654803223044,20.988664020910587,1
2.769999999999985,0,20.0,move,18.371783176081173,-4.882791196933547,133.07306207687319,20.988664020910587,1
2.7799999999999847,0,20.0,move,18.311629193983535,-7.213096781660605,131.14757160973673,20.988664020910587,1
2.7899999999999845,0,20.0,move,18.24516291660063,-6.534841488393097,130.45959883734676,20.988664020910587,1
2.7999999999999843,0,20.0,move,18.20429288912749,-3.0762106742179887,130.45496169605465,20.988664020910587,1
2.809999999999984,1,35.0,move,18.20968652409357,2.6143307892924166,126.51250418551412,0.0,1
2.819999999999984,1,35.0,move,18.231400179975246,1.199723159053297,132.46168126469516,-0.005393634966080474,1
2.8299999999999836,1,35.0,move,18.256800923576986,2.8033260149609984,130.18471858880764,-0.027107290847755428,1
2.8399999999999834,1,35.0,move,18.30327693352243,5.166219160372676,129.16502092003836,-0.05250803444949437,1
2.849999999999983,1,35.0,move,18.376002984752386,8.099283199366887,129.21562650923005,-0.09898404439493969,1
2.859999999999983,1,35.0,move,18.441642902484983,5.1082909764447955,128.96887736125598,-0.17171009562489403,1
2.869999999999983,1,35.0,move,18.477078180212576,1.516683965354451,124.70579761582248,-0.23735001335749295,1
2.8799999999999826,1,35.0,move,18.462213652417542,-4.119517976446856,130.74485785662787,-0.272785291085087,1
2.8899999999999824,1,35.0,move,18.423812193514223,-4.607761927302032,129.36668168594687,-0.257920763290051,1
2.899999999999982,1,35.0,move,18.38404289348125,-4.257358914665554,127.66053458149327,-0.21951930438673384,1
2.909999999999982,1,35.0,move,18.351362866817013,-3.0129541644326743,126.34626074827028,-0.17975000435375976,1
2.9199999999999817,1,35.0,move,18.33440713783426,-1.4035366042054291,126.072879000186,-0.14706997768952346,1
2.9299999999999815,1,35.0,move,18.31856980063283,-3.809510287311815,126.21474710497979,-0.1301142487067669,1
2.9399999999999813,1,35.0,move,18.266218737875725,-6.855949355013631,121.99296864268099,-0.11427691150533992,1
2.949999999999981,1,35.0,move,18.174705918023363,-11.14159970568699,128.2347859649733,-0.06192584874823437,1
2.959999999999981,1,35.0,move,18.07809737622388,-9.686619711628671,127.87253118633764,0.029586971104128557,1
2.9699999999999807,1,35.0,move,18.013683412718617,-4.546365216796742,128.4684364882949,0.12619551290360964,1
2.9799999999999804,1,35.0,move,18.01794704012104,2.15311899561515,124.44418074609136,0.19060947640887338,1
2.9899999999999802,1,35.0,move,18.050694951256403,3.7596926995712314,128.25910927080992,0.18634584900645013,1
2.99999999999998,1,35.0,move,18.107030741292835,6.62391517475619,126.9709874253024,0.1535979378710861,1
3.00999999999998,1,35.0,move,18.181154099169298,6.910112548882154,122.42698924686705,0.09726214783465637,1
3.0199999999999796,1,35.0,move,18.244392982819075,4.92812320841116,127.29038422932655,0.02313878995819363,1
3.0299999999999794,1,35.0,move,18.292784475316388,3.8759708815999563,125.68330952279759,-0.040100093691583516,1
3.039999999999979,1,35.0,move,18.33311072320714,3.8120462336699594,124.90340579029795,-0.08849158618889907,1
3.049999999999979,1,35.0,move,18.381914994054725,4.456991356010654,120.3924335967021,-0.1288178340796503,1
3.0599999999999787,1,35.0,move,18.39931574091599,-0.9322618357120144,126.29776534222155,-0.17762210492723307,1
3.0699999999999785,1,35.0,move,18.37951444490513,-3.611355920147452,124.97188036944003,-0.1950228517885011,1
3.0799999999999783,1,35.0,move,18.341751566879026,-4.0916183175723,124.70406579778899,-0.1752215557776382,1
3.089999999999978,1,35.0,move,18.31749801730181,-1.918411852566557,124.27473645522093,-0.13745867775153686,1
3.099999999999978,1,35.0,move,18.325147971476962,2.153830228639713,124.8037104338687,-0.11320512817431794,1
3.1099999999999777,1,35.0,move,18.370705553376087,4.615274657044139,121.01695924228666,-0.12085508234947195,1
3.1199999999999775,1,35.0,move,18.395126288604693,0.13085749005957542,126.21547028406397,-0.1664126642485969,1
3.1299999999999772,1,35.0,move,18.393533537905547,-1.7829666754780218,125.71766716397683,-0.19083339947720268,1
3.139999999999977,1,35.0,move,18.36399409954276,-4.29748567411878,124.8001783380277,-0.18924064877805513,1
3.149999999999977,1,35.0,move,18.31660308147718,-5.464614024777936,123.7796567639984,-0.15970121041526952,1
3.1599999999999766,1,35.0,move,18.268888779654628,-5.063259822941049,123.27054878206216,-0.11231019234968775,1
3.1699999999999764,1,35.0,move,18.22095698584483,-4.895517934532298,122.80498632779504,-0.06459589052713599,1
3.179999999999976,1,35.0,move,18.193387732721913,-1.3532558919536073,118.9351113264689,-0.01666409671733926,1
3.189999999999976,1,35.0,move,18.204907472325583,0.1907598314432657,124.10632009731634,0.010905156405577321,1
3.1999999999999758,1,35.0,move,18.215258097325314,0.5426274548392872,123.62357128407399,-0.0006145831980941541,1
3.2099999999999755,1,35.0,move,18.230940307926478,1.8005397033456234,123.00224580030938,-0.010965208197824539,1
3.2199999999999753,1,35.0,move,18.26808492000848,4.551350967847066,122.85767429925023,-0.026647418798986244,1
3.229999999999975,1,35.0,move,18.340868834291584,8.029945406870473,123.50105455620925,-0.06379203088099084,1
3.239999999999975,1,35.0,move,18.432949290578694,8.986126305986824,119.88019288047435,-0.13657594516409133,1
3.2499999999999747,1,35.0,move,18.500542557518507,3.740644392964761,125.05964349978154,-0.22865640145120214,1
3.2599999999999745,1,35.0,move,18.525878550777048,0.5581367654054133,123.35416336635107,-0.29624966839101596,1
3.2699999999999743,1,35.0,move,18.52473019076798,-1.2221334802890949,122.78586126206106,-0.3215856616495566,1
3.279999999999974,1,35.0,move,18.5126788684086,-2.182912213391418,122.22944949017422,-0.3204373016404888,1
3.289999999999974,1,35.0,move,18.481317677593058,-4.1655790770689265,121.52773442479334,-0.3083859792811089,1
3.2999999999999736,1,35.0,move,18.438901651338483,-4.856911453251166,121.44161839405857,-0.27702478846556855,1
3.3099999999999734,1,35.0,move,18.39109286793047,-6.005166410365416,117.51824470107768,-0.23460876221099158,1
3.319999999999973,1,35.0,move,18.32788640905609,-7.080586387697043,119.16761651333073,-0.18679997880298171,1
3.329999999999973,1,35.0,move,18.26938755079648,-4.778202352113913,118.48489317561999,-0.1235935199285998,1
3.3399999999999728,1,35.0,move,18.23683356002202,-2.175268915055101,122.66053852188976,-0.0650946616689907,1
3.3499999999999726,1,35.0,move,18.24674520490151,2.5683191781507646,122.7149731502369,-0.03254067089452917,1
3.3599999999999723,1,35.0,move,18.299409615514627,5.998708051941137,123.09203075390711,-0.042452315774021976,1
3.369999999999972,1,35.0,move,18.368622730646802,7.298448369556487,118.51272884801335,-0.0951167263871372,1
3.379999999999972,1,35.0,move,18.442603478763218,6.320151548571,123.04638725963149,-0.16432984151931174,1
3.3899999999999717,1,35.0,move,18.48209004377836,2.084171684518571,118.50322003475482,-0.23831058963572627,1
3.3999999999999715,1,35.0,move,18.480288158254982,-2.6580815139694938,123.57546659154856,-0.27779715465086896,1
3.4099999999999713,1,35.0,move,18.447657672344604,-4.637848449222285,123.07917660131855,-0.27599526912749084,1
3.419999999999971,1,35.0,move,18.407903172506213,-3.987214245437169,124.06790141388495,-0.24336478321711486,1
3.429999999999971,1,35.0,move,18.373364474571265,-4.589286530736496,124.70435651091714,-0.20361028337872178,1
3.4399999999999706,1,35.0,move,18.318272543427096,-6.381788635150889,119.9182371709866,-0.1690715854437752,1
3.4499999999999704,1,35.0,move,18.271232547195503,-4.808193339944622,126.41460764155119,-0.11397965429960633,1
3.45999999999997,1,35.0,move,18.238574095180454,-2.9169601789980724,121.0981041640038,-0.06693965806801316,1
3.46999999999997,1,35.0,move,18.201204055938653,-3.881043567456134,124.55584048936903,-0.034281206052963475,1
3.47999999999997,1,35.0,move,18.164490798976068,-3.7084536562653305,123.44534142889441,0.003088833188838458,1
3.4899999999999696,1,35.0,move,18.14584001492898,-0.7143654493528613,119.31023403684561,0.03980209015142233,1
3.4999999999999694,1,35.0,move,18.15863121427136,0.8998489398060878,123.99016632940977,0.058452874198511307,1
3.509999999999969,1,35.0,move,18.17252784147586,1.4875215964123325,119.65455005276596,0.045661674856131707,1
3.519999999999969,1,35.0,move,18.196114771587073,2.6254897834561106,124.27493470966296,0.031765047651632905,1
3.5299999999999687,1,35.0,move,18.24230936398625,5.54756906253568,123.9108737825613,0.008178117540419416,1
3.5399999999999685,1,35.0,move,18.32244288845967,8.57095380481116,123.94638081682476,-0.0380164748587597,1
3.5499999999999683,1,35.0,move,18.396940789888387,5.173327572424145,123.63687299140942,-0.11814999933217885,1
3.559999999999968,1,35.0,move,18.434568411673133,2.351158066503324,118.42777132505533,-0.192647900760895,1
3.569999999999968,1,35.0,move,18.43783963474621,-1.7018075115492284,124.3804026523319,-0.2302755225456421,1
3.5799999999999677,1,35.0,move,18.422951115082146,-1.5701952622096584,118.72959239205355,-0.23354674561872069,1
3.5899999999999674,1,35.0,move,18.39770289569797,-3.015712962688251,122.96755358400597,-0.21865822595465434,1
3.5999999999999672,1,35.0,move,18.379795806947,-1.6710125367950568,122.09477550875599,-0.19341000657048246,1
3.609999999999967,1,35.0,move,18.35817898565156,-4.153543392557682,121.7255727459004,-0.17550291781951166,1
3.619999999999967,1,35.0,move,18.307102270979623,-6.030547006692485,121.03371904734968,-0.1538860965240696,1
3.6299999999999666,1,35.0,move,18.255255891664042,-5.095191321054789,120.78075748750456,-0.1028093818521314,1
3.6399999999999664,1,35.0,move,18.231013533478187,-0.8113442360788101,117.11522162589687,-0.05096300253654984,1
3.649999999999966,1,35.0,move,18.263391869236713,3.8363995126223625,123.24216475864938,-0.02672064435069732,1
3.659999999999966,1,35.0,move,18.330794576332345,7.66738017696635,119.10591625826035,-0.059098980109220656,1
3.6699999999999657,1,35.0,move,18.4114907784831,7.419184916239718,123.51470027912967,-0.12650168720485522,1
3.6799999999999655,1,35.0,move,18.495319895020913,6.743586078903601,122.02693083941121,-0.20719788935560923,1
3.6899999999999653,1,35.0,move,18.54118740360795,2.7051898289535132,121.5444080252486,-0.2910270058934211,1
3.699999999999965,1,35.0,move,18.55259123236954,-0.5175338207747476,120.80929630761996,-0.3368945144804597,1
3.709999999999965,1,35.0,move,18.531618384864245,-3.6621175978072884,120.32672787387855,-0.34829834324204834,1
3.7199999999999647,1,35.0,move,18.480108016472098,-6.623858322719646,120.28334847041478,-0.32732549573675496,1
3.7299999999999645,1,35.0,move,18.38146148656621,-12.321097049633952,120.27353120807014,-0.27581512734460856,1
3.7399999999999642,1,35.0,move,18.252761963093153,-13.282772277117111,116.09455477785244,-0.1771685974387177,1
3.749999999999964,1,35.0,move,18.137753238702558,-10.794944024241037,116.87971587023658,-0.04846907396566236,1
3.759999999999964,1,35.0,move,18.058157255795035,-7.042576485332558,122.03871913916797,0.06653965042493215,1
3.7699999999999636,1,35.0,move,18.034094531428778,0.3438659813788117,117.95329661922011,0.14613563333245594,1
3.7799999999999634,1,35.0,move,18.069352796277013,5.549951498660187,124.0110014210575,0.1701983576987115,1
3.789999999999963,1,35.0,move,18.142399055027944,7.256938211409734,123.37069524745242,0.13494009285047737,1
3.799999999999963,1,35.0,move,18.230950361946036,9.576747164533387,123.01159041550332,0.06189383409954674,1
3.8099999999999627,1,35.0,move,18.320318848051773,6.561803060897975,122.93106435170833,-0.026657472818544803,1
3.8199999999999625,1,35.0,move,18.375595584007257,4.662978515969298,118.65865439018958,-0.1160259589242818,1
3.8299999999999623,1,35.0,move,18.416914061626237,2.9629559596106922,123.25867913171984,-0.1713026948797658,1
3.839999999999962,1,35.0,move,18.457430287242342,3.6275999079228143,122.1530434340579,-0.21262117249874757,1
3.849999999999962,1,35.0,move,18.50501778341179,4.607749379697176,121.61782637118567,-0.2531373981148499,1
3.8599999999999617,1,35.0,move,18.547380424767532,3.096029967699264,122.51962926402665,-0.3007248942843016,1
3.8699999999999615,1,35.0,move,18.54737732446898,-2.9070991940947595,118.45309750179655,-0.3430875356400409,1
3.8799999999999613,1,35.0,move,18.485023548226156,-8.724356845249092,124.09662622588063,-0.3430844353414869,1
3.889999999999961,1,35.0,move,18.401522081360707,-8.705265114529409,122.40241315625072,-0.2807306590986658,1
3.899999999999961,1,35.0,move,18.335154618070263,-5.688368492316979,120.8770425023449,-0.19722919223321422,1
3.9099999999999606,1,35.0,move,18.31863594143033,0.5601952969507794,116.96893444283036,-0.1308617289427716,1
3.9199999999999604,1,35.0,move,18.34902474012859,2.9601773409714056,122.34771883224799,-0.11434305230283714,1
3.92999999999996,1,35.0,move,18.394764122190168,4.445226671036265,122.0643630708524,-0.14473185100110086,1
3.93999999999996,1,35.0,move,18.40360235723962,-3.296994142055814,122.11912794077485,-0.19047123306267788,1
3.9499999999999598,1,35.0,move,18.33917977368779,-8.787813242690875,117.57223961777908,-0.1993094681121299,1
3.9599999999999596,1,35.0,move,18.242719137285956,-10.240729653331169,122.76981418737876,-0.13488688456029796,1
3.9699999999999593,1,35.0,move,18.15867954777951,-7.53715324379011,122.96956070431546,-0.03842624815846574,1
3.979999999999959,1,35.0,move,18.110129566610052,-3.167187040042964,119.4715552517585,0.04561334134798034,1
3.989999999999959,1,35.0,move,18.107780722882545,-0.08531388883521833,125.23065065093147,0.09416332251743764,1
3.9999999999999587,1,35.0,move,18.13208177287269,4.0119934788482325,120.24421543093757,0.09651216624494696,1
4.009999999999959,1,35.0,move,18.166371298690752,1.1822587885540032,125.44846217047454,0.07221111625480003,1
4.019999999999959,1,35.0,move,18.166003514104183,-1.5555610399244129,123.46809146557138,0.037921590436737485,1
4.0299999999999585,1,35.0,move,18.158080312684195,-1.6015840426165915,122.12795910158358,0.03828937502330931,1
4.039999999999958,1,35.0,move,18.142657958019317,-1.9414488584899532,121.20944984526103,0.04621257644329413,1
4.049999999999958,1,35.0,move,18.129290464901608,-1.284452543990123,120.07335039367962,0.0616349311081732,1
4.059999999999958,1,35.0,move,18.13232113269491,1.3036680155935878,115.97023335640957,0.07500242422588399,1
4.069999999999958,1,35.0,move,18.16137787575664,1.9066555981860325,121.98474701253419,0.07197175643258169,1
4.079999999999957,1,35.0,move,18.1839113711457,2.212883820402019,117.48777060741405,0.042915013370850574,1
4.089999999999957,1,35.0,move,18.205163398170342,1.3643576902548489,122.10180141819976,0.020381517981790664,1
4.099999999999957,1,35.0,move,18.242219574215433,3.8381853432119577,120.75178947722253,-0.0008705090428495765,1
4.109999999999957,1,35.0,move,18.29998815251938,6.366103771160068,120.476284908633,-0.03792668508794117,1
4.119999999999957,1,35.0,move,18.376542672071107,7.5576487798621255,120.29917763676093,-0.09569526339188728,1
4.129999999999956,1,35.0,move,18.46154524356703,9.205466630822603,111.56401944447403,-0.17224978294361482,1
4.139999999999956,1,35.0,move,18.538642862945817,4.624448349265238,123.70228335307512,-0.2572523544395383,1
4.149999999999956,1,35.0,move,18.570413453527156,1.3086300815599874,120.84872018784569,-0.33434997381832643,1
4.159999999999956,1,35.0,move,18.576412596783634,-0.506416131200227,119.32588885657196,-0.36612056439966345,1
4.1699999999999555,1,35.0,move,18.571910694676976,-1.0184136195069309,118.65508478768317,-0.37211970765614333,1
4.179999999999955,1,35.0,move,18.569606724277026,-0.41090386844878757,118.68365478329055,-0.3676178055494861,1
4.189999999999955,1,35.0,move,18.554276860396854,-3.561668945283912,118.61558534595493,-0.3653138351495361,1
4.199999999999955,1,35.0,move,18.509165995943707,-5.197437523620664,110.04861197821079,-0.3499839712693631,1
4.209999999999955,1,35.0,dip,18.34222856388762,-23.281887044334443,102.57154422256309,-0.3499839712693631,1
4.2199999999999545,1,35.0,dip,18.124425813277504,-21.837991795541605,121.27045523376219,-0.3499839712693631,0
4.229999999999954,1,35.0,dip,17.797177071248672,-39.51128819719363,106.70540179664978,-0.3499839712693631,0
4.239999999999954,1,35.0,dip,17.401209633382887,-42.08298742866089,126.37291583570259,-0.3499839712693631,1
4.249999999999954,1,35.0,dip,16.96162203728879,-39.17658465652995,111.1834598302313,-0.3499839712693631,1
4.259999999999954,1,35.0,dip,16.771377758369947,-7.294998973295186,129.43188470916877,-0.3499839712693631,1
4.269999999999953,1,35.0,dip,16.68153601193286,-5.915461245989792,118.33577337684586,-0.3499839712693631,1
4.279999999999953,1,35.0,launch,17.11634360406543,80.30759735381537,165.73921047861145,-0.3499839712693631,1
4.289999999999953,1,35.0,launch,18.509243764322196,182.08192990801493,140.68495425113284,-0.04503309607465644,1
4.299999999999953,1,35.0,launch,20.69440121370043,224.78118593599189,168.94070491926553,2.1401243533035768,1
4.3099999999999525,1,35.0,launch,23.03955604176833,236.75978039888474,150.7684039948629,4.485279181371474,1
4.319999999999952,1,35.0,launch,25.296495971265305,217.58113749300017,153.30635309290346,6.74221911086845,0
4.329999999999952,1,35.0,launch,27.45483001476022,215.15308783596922,145.87530558981808,8.900553154363363,0
4.339999999999952,1,35.0,launch,29.500552459448826,197.48174018139667,153.67974918021906,10.946275599051972,1
4.349999999999952,1,35.0,launch,31.488054597533967,197.94107194035604,146.69051898070686,12.933777737137111,0
4.3599999999999515,1,35.0,launch,33.34338053201137,178.2990476308859,150.1517627178407,14.78910367161452,0
4.369999999999951,1,35.0,launch,35.094597062516286,171.37676234121778,154.93065278768472,16.54032020211943,0
4.379999999999951,1,35.0,launch,36.75600214993255,162.85789345037077,148.9782640468695,18.201725289535695,0
4.389999999999951,1,35.0,launch,38.29455099492198,146.81424411080667,150.58244124020223,19.740274134525123,0
4.399999999999951,1,35.0,launch,39.71168224321489,141.2924896832084,150.98551274779527,21.15740538281803,0
4.40999999999995,1,35.0,airborne,40.74483659125808,88.77659058202832,93.3780890764373,22.190559730861224,0
4.41999999999995,1,35.0,airborne,41.836190777711515,120.71579545487259,161.99486959452065,23.281913917314665,0
4.42999999999995,1,35.0,airborne,42.82626968249269,85.02715687835499,101.94525932679066,24.271992822095836,0
4.43999999999995,1,35.0,airborne,43.82234671921722,107.27497442051575,168.60465752900677,25.268069858820365,0
4.4499999999999496,1,35.0,airborne,44.74862051894139,92.33382895927231,156.05221372331224,26.19434365854454,0
4.459999999999949,1,35.0,airborne,45.60576245726743,81.55147860247898,151.8993310949569,27.051485596870585,0
4.469999999999949,1,35.0,airborne,46.36027930946834,71.41854675960847,151.04826168252433,27.80600244907149,0
4.479999999999949,1,35.0,airborne,47.014626601214985,61.460751251963806,150.47250197161682,28.460349740818124,0
4.489999999999949,1,35.0,airborne,47.56993204780355,51.58444783315004,150.11851480868623,29.015655187406697,0
4.4999999999999485,1,35.0,airborne,48.02673678602677,41.748110263783566,149.89252278862548,29.472459925629913,0
4.509999999999948,1,35.0,airborne,48.38530754054787,31.9314508047957,149.74679344104987,29.831030680151017,0
4.519999999999948,1,35.0,airborne,48.645768241359434,22.123038656586303,149.6541604720118,30.091491380962577,0
4.529999999999948,1,35.0,airborne,48.8081608169534,12.316869996224431,149.59651162026657,30.25388395655654,0
4.539999999999948,1,35.0,airborne,48.87249337493592,2.510692053050656,149.56078016313649,30.318216514539063,0
4.549999999999947,1,35.0,airborne,48.83875613101855,-7.296809427091555,149.53898917102003,30.318216514539063,0
4.559999999999947,1,35.0,airborne,48.70693781428732,-17.105299131412302,149.52506339677575,30.318216514539063,0
4.569999999999947,1,35.0,airborne,48.477029344695836,-26.914663878875206,149.51612025250108,30.318216514539063,0
4.579999999999947,1,35.0,airborne,48.149022605106154,-36.72471155594183,149.51033775787772,30.318216514539063,0
4.589999999999947,1,35.0,airborne,47.722913293819694,-46.53515752162002,149.50642883600887,30.318216514539063,0
4.599999999999946,1,35.0,airborne,47.19869539844737,-56.346318623408685,149.50405549197396,30.318216514539063,0
4.609999999999946,1,35.0,airborne,46.57636087139836,-66.15832341936961,149.50279137381872,30.318216514539063,0
4.619999999999946,1,35.0,airborne,45.85590126080287,-75.9711574516637,149.50221236321795,30.318216514539063,0
4.629999999999946,1,35.0,airborne,45.03730891903797,-85.78470275286205,149.5019462690968,30.318216514539063,0
4.6399999999999455,1,35.0,airborne,44.120577745108484,-95.59878639738312,149.50170231635457,30.318216514539063,0
4.649999999999945,1,35.0,airborne,43.10570348006319,-105.41322125011234,149.50127760903382,30.318216514539063,0
4.659999999999945,1,35.0,airborne,41.99268367265183,-115.22783357462973,149.50054790508943,30.318216514539063,0
4.669999999999945,1,35.0,airborne,40.78151744607211,-125.04247805301914,149.49945087538185,30.318216514539063,0
4.679999999999945,1,35.0,airborne,39.47220517632194,-134.85704292744043,149.49796781349391,30.318216514539063,0
4.689999999999944,1,35.0,airborne,38.06474816161342,-144.67144848570283,149.49610734429143,30.318216514539063,0
4.699999999999944,1,35.0,airborne,36.55914833137171,-154.4856418267821,149.49389275474755,30.318216514539063,0
4.709999999999944,1,35.0,airborne,34.95540801768403,-164.29959019870012,149.49135325911632,30.318216514539063,0
4.719999999999944,1,35.0,airborne,33.25352979354392,-174.1132744679515,149.48851874580825,30.318216514539063,0
4.729999999999944,1,35.0,airborne,31.45351637073499,-183.9266836135319,149.485417207904,30.318216514539063,0
4.739999999999943,1,35.0,landing,29.880378752133264,-150.7112071348791,192.6210986498309,30.318216514539063,0
4.749999999999943,1,35.0,landing,28.00696977285917,-195.41175714894098,155.87782615753142,30.318216514539063,0
4.759999999999943,1,35.0,landing,25.967236007422066,-208.96793690512604,149.92199996603463,30.318216514539063,0
4.769999999999943,1,35.0,landing,23.80492706590696,-220.99051589110684,149.90575005121494,30.318216514539063,0
4.7799999999999425,1,35.0,landing,21.557953810672682,-226.42609112083588,148.03903670539827,30.318216514539063,1
4.789999999999942,1,35.0,move,19.07899150060371,-239.86046599220901,138.5315472594254,30.318216514539063,1
4.799999999999942,1,35.0,move,17.157610511654838,-160.27744763467,157.88719732267424,30.318216514539063,1
4.809999999999942,1,35.0,move,16.11188814477037,-64.08492855913278,166.28009077986346,30.318216514539063,1
4.819999999999942,1,35.0,move,16.020848113813667,23.928757150584648,167.59484831904618,30.318216514539063,1
4.8299999999999415,1,35.0,move,16.780804128603894,107.2359733812843,169.5380781219852,30.318216514539063,1
4.839999999999941,1,35.0,move,17.86745138433961,107.94206579824785,166.87717981593627,30.318216514539063,1
4.849999999999941,1,35.0,move,18.916935676582163,101.10501007115742,167.08372415128895,30.318216514539063,0
4.859999999999941,1,35.0,move,19.87151399205681,91.2767487596389,167.5321420689573,30.318216514539063,0
4.869999999999941,1,35.0,move,20.729286404080437,81.58731556095728,167.18890925205676,30.318216514539063,0
4.87999999999994,1,35.0,move,21.488109890557762,71.68838185181086,167.57517361811534,30.318216514539063,0
4.88999999999994,1,35.0,move,22.14766287056087,61.76169814613339,167.77914462920762,30.318216514539063,0
4.89999999999994,1,35.0,move,22.710682349829334,52.111956244343496,167.35402244911728,30.318216514539063,0
4.90999999999994,1,35.0,move,23.174889247738758,42.21961377201965,167.8084574733344,30.318216514539063,0
4.9199999999999395,1,35.0,move,23.54040945682601,32.415824010546665,167.23946631030816,30.318216514539063,0
4.929999999999939,1,35.0,move,23.80766351430099,22.557907891779735,167.63709082596552,30.318216514539063,0
4.939999999999939,1,35.0,move,23.976298871657406,12.67844684359799,167.88933998307664,30.318216514539063,0
4.949999999999939,1,35.0,move,24.04713028918954,2.8829517944038865,167.90098260060574,30.318216514539063,0
4.959999999999939,1,35.0,move,24.020038264735767,-6.851160222298441,167.2878147073746,30.318216514539063,0
4.9699999999999385,1,35.0,move,23.895459173937006,-16.594252087206048,167.2139002466241,30.318216514539063,0
4.979999999999938,1,35.0,move,23.672635894260466,-26.444898782296804,167.59183391802313,30.318216514539063,0
4.989999999999938,1,35.0,move,23.351306942901335,-36.316974335629205,167.8562476430793,30.318216514539063,0
4.999999999999938,1,35.0,move,22.93106728035588,-46.20806997686577,167.9685053894625,30.318216514539063,0
5.009999999999938,1,35.0,move,22.414448249881275,-55.7993203424506,167.0397402705458,30.318216514539063,0
5.019999999999937,1,35.0,move,21.800482964078103,-65.57565156731137,167.5618174494276,30.318216514539063,0
5.029999999999937,1,35.0,move,21.088833564995046,-75.35877590065826,167.64582737941694,30.318216514539063,0
5.039999999999937,1,35.0,move,20.278349702162327,-85.26376692573213,168.03073399616508,30.318216514539063,0
5.049999999999937,1,35.0,move,19.369988951792624,-94.98070923473085,167.18183903670516,30.318216514539063,0
5.0599999999999365,1,35.0,move,18.393004115129504,-98.8196590439697,168.55261953716644,30.318216514539063,1
5.069999999999936,1,35.0,move,17.452939942532257,-89.32201304395231,170.00934358373817,30.318216514539063,1
5.079999999999936,1,35.0,move,16.715028980799516,-61.99945757673325,171.59977269768564,30.318216514539063,1
5.089999999999936,1,35.0,move,16.316484000030634,-24.214427996322687,172.79496769546523,30.318216514539063,1
5.099999999999936,1,35.0,move,16.32369325142671,15.55501470106124,172.4271854507286,30.318216514539063,1
5.1099999999999355,1,35.0,move,16.678944911432236,47.795685412643664,172.1152829479386,30.318216514539063,1
5.119999999999935,1,35.0,move,17.29251572662097,67.83384794283438,171.7661463503205,30.318216514539063,1
5.129999999999935,1,35.0,move,18.009354512933662,73.13924718231442,171.00463256464556,30.318216514539063,1
5.139999999999935,1,35.0,move,18.709815387398212,66.85357097121378,170.92122863564322,30.318216514539063,0
5.149999999999935,1,35.0,move,19.321516329707737,56.91940543539181,170.4318985491729,30.318216514539063,0
5.159999999999934,1,35.0,move,19.832922086339874,46.90196109384351,170.77929607020283,30.318216514539063,0
5.169999999999934,1,35.0,move,20.244018182434004,36.88044769167901,170.9763963376963,30.318216514539063,0
5.179999999999934,1,35.0,move,20.55636092515563,27.053854059583315,170.43949797460863,30.318216514539063,0
5.189999999999934,1,35.0,move,20.77100993177758,17.289246456549062,170.3684768867007,30.318216514539063,0
5.199999999999934,1,35.0,move,20.88654701992172,7.369463749292322,170.72810306091543,30.318216514539063,0
5.209999999999933,1,35.0,move,20.902967162156212,-2.522618874686509,170.63162399783954,30.318216514539063,0
5.219999999999933,1,35.0,move,20.822142485694954,-12.226555425209016,170.18861408893372,30.318216514539063,0
5.229999999999933,1,35.0,move,20.643141466796198,-22.084349088221924,170.7196998568152,30.318216514539063,0
5.239999999999933,1,35.0,move,20.36415081430098,-32.05710386051256,170.81380268584178,30.318216514539063,0
5.2499999999999325,1,35.0,move,19.98703337522897,-41.87138416334127,170.67769518179557,30.318216514539063,0
5.259999999999932,1,35.0,move,19.513017389714328,-51.56319756548905,170.4162010303352,30.318216514539063,0
5.269999999999932,1,35.0,move,18.94761549511073,-59.88802914691286,171.31065861834313,30.318216514539063,1
5.279999999999932,1,35.0,move,18.328334831466623,-62.71550302096451,171.60313390236536,30.318216514539063,1
5.289999999999932,1,35.0,move,17.720518080046034,-58.81245634824956,171.6641529674914,30.318216514539063,1
5.299999999999931,1,35.0,move,17.225952301462623,-41.56271922153899,172.16330851808777,30.318216514539063,1
5.309999999999931,1,35.0,move,16.96345156143138,-16.038430875847286,172.58696990870973,30.318216514539063,1
5.319999999999931,1,35.0,move,16.957027603192394,7.5798937224183955,172.83806237579049,30.318216514539063,1
5.329999999999931,1,35.0,move,17.14227125714018,25.26935275004693,173.17758355809318,30.318216514539063,1
5.339999999999931,1,35.0,move,17.464087417308942,34.83350465020659,172.71546920309632,30.318216514539063,1
5.34999999999993,1,35.0,move,17.841173788533126,38.66326893647069,172.1732808981217,30.318216514539063,1
5.35999999999993,1,35.0,move,18.24380725621312,39.905812483110395,172.61095833476142,30.318216514539063,1
5.36999999999993,1,35.0,move,18.60332929685257,33.16842934051171,172.8219249240838,30.318216514539063,1
5.37999999999993,1,35.0,move,18.896170764694716,26.176036302422347,172.3993623918473,30.318216514539063,1
5.3899999999999295,1,35.0,move,19.117659792590423,19.220048052350624,172.60134014147653,30.318216514539063,1
5.399999999999929,1,35.0,move,19.270414291720744,12.36212654814579,172.77995620754083,30.318216514539063,1
5.409999999999929,1,35.0,move,19.337183366669137,2.494864955838155,172.9506563094329,30.318216514539063,0
5.419999999999929,1,35.0,move,19.305085284920352,-7.351326383336351,172.64185997706866,30.318216514539063,0
5.429999999999929,1,35.0,move,19.181684139344508,-15.866998385346928,172.8738460342456,30.318216514539063,1
5.4399999999999284,1,35.0,move,18.980534599310666,-23.03917717783058,173.11725338980867,30.318216514539063,1
5.449999999999928,1,35.0,move,18.716877458203953,-28.661219082348964,172.7724585335483,30.318216514539063,1
5.459999999999928,1,35.0,move,18.41154367444298,-31.55981599271786,172.2878382926706,30.318216514539063,1
5.469999999999928,1,35.0,move,18.116503983825293,-27.542196309104572,172.48145535610158,30.318216514539063,1
5.479999999999928,1,35.0,move,17.89666294077197,-18.22821090118238,172.82511779009718,30.318216514539063,1
5.489999999999927,1,35.0,move,17.75799599608659,-12.256461470871976,171.978939032414,30.318216514539063,1
5.499999999999927,1,35.0,move,17.67809965744654,-4.804460146023594,171.5086136291415,30.318216514539063,1
5.509999999999927,1,35.0,move,17.691666308468392,5.320790028436089,172.12394939432477,30.318216514539063,1
5.519999999999927,1,35.0,move,17.81095009781718,14.381170073795731,173.02140858991768,30.318216514539063,1
5.5299999999999265,1,35.0,move,17.94383522245679,12.732742815245167,172.08405120043045,30.318216514539063,1
5.539999999999926,1,35.0,move,18.079747683774453,13.940430119357265,171.562241939342,30.318216514539063,1
5.549999999999926,1,35.0,move,18.22979406968259,15.251572108907189,171.52761432847433,30.318216514539063,1
5.559999999999926,1,35.0,move,18.355741249718086,10.567640177103302,171.5471035689472,30.318216514539063,1
5.569999999999926,1,35.0,move,18.442450398933925,7.122422267349158,170.8613447441345,30.318216514539063,1
5.5799999999999255,1,35.0,move,18.500808283247245,4.576271018295026,170.21798606879258,30.318216514539063,1
5.589999999999925,1,35.0,move,18.534132854853503,2.154076719910207,170.13724715738329,30.318216514539063,1
5.599999999999925,1,35.0,move,18.53639000301243,-2.6219049532111485,170.46232994980565,30.318216514539063,1
5.609999999999925,2,50.0,move,18.466267542064674,-9.81125355206347,171.45234630092344,0.0,1
5.619999999999925,2,50.0,move,18.344412158667637,-13.774783426590552,171.03731106312406,0.0701224609477552,1
5.629999999999924,2,50.0,move,18.198162630365022,-15.18687234049057,169.91571132967326,0.19197784434479004,1
5.639999999999924,2,50.0,move,18.060981057411876,-12.97028885171645,168.82297656038307,0.33822737264740665,1
5.649999999999924,2,50.0,move,17.956305753001036,-8.754099899730102,168.0558190771788,0.4754089456005528,1
5.659999999999924,2,50.0,move,17.90655996484413,-2.5830028392949873,167.8279498293786,0.5800842500113923,1
5.6699999999999235,2,50.0,move,17.91451395056826,1.161354807101542,167.77002731651842,0.629830038168297,1
5.679999999999923,2,50.0,move,17.948131601469477,4.796789167135547,167.51963930336294,0.6218760524441702,1
5.689999999999923,2,50.0,move,18.02955128311726,9.942792890879762,166.84382688434957,0.5882584015429515,1
5.699999999999923,2,50.0,move,18.134881960767984,9.540054132263492,166.44864256898336,0.5068387198951668,1
5.709999999999923,2,50.0,move,18.215346319983617,6.783937330612407,166.01178758978895,0.4015080422444445,1
5.7199999999999225,2,50.0,move,18.27486393610297,5.153611063665277,165.47871911542543,0.3210436830288127,1
5.729999999999922,2,50.0,move,18.330452469538937,5.700305319189132,165.39978529603428,0.26152606690945934,1
5.739999999999922,2,50.0,move,18.39883752815018,6.216083197979821,165.1906721342494,0.20593753347349086,1
5.749999999999922,2,50.0,move,18.42698870900024,0.6288971589440773,164.98656847028988,0.13755247486224864,1
5.759999999999922,2,50.0,move,18.42165116054633,-1.398392783248729,164.70925841031388,0.10940129401218746,1
5.769999999999921,2,50.0,move,18.407611662847945,-1.5101159083308404,164.0662354465224,0.1147388424661,1
5.779999999999921,2,50.0,move,18.4015576933687,-0.4542228210641298,163.52267997735862,0.1287783401644843,1
5.789999999999921,2,50.0,move,18.384725264143082,-2.577360516715595,163.2662412682041,0.13483230964372872,1
5.799999999999921,2,50.0,move,18.36207813214666,-2.2742408333491597,162.7791676258083,0.15166473886934762,1
5.809999999999921,2,50.0,move,18.35746724399043,0.7079648840469368,162.80782481653034,0.1743118708657676,1
5.81999999999992,2,50.0,move,18.361162945458517,-0.16966291361034183,162.3107942418168,0.17892275902199883,1
5.82999999999992,2,50.0,move,18.363935591164875,0.40399958290466736,161.6449520043954,0.17522705755391166,1
5.83999999999992,2,50.0,move,18.377783993026622,1.6743050940132822,161.38929835080828,0.17245441184755572,1
5.84999999999992,2,50.0,move,18.379322013433313,-1.3450904343303793,160.87059990429347,0.15860600998580665,1
5.8599999999999195,2,50.0,move,18.36220630974402,-2.0844571155211398,161.29381823904444,0.1570679895791155,1
5.869999999999919,2,50.0,move,18.343422584807655,-3.35152041930298,161.94470896241674,0.17418369326840655,1
5.879999999999919,2,50.0,move,18.287237685259548,-7.401799780079776,161.2680208246706,0.19296741820477303,1
5.889999999999919,2,50.0,move,18.203080722234365,-9.456565902558134,160.49889666295493,0.24915231775288205,1
5.899999999999919,2,50.0,move,18.10777411998424,-9.878112007402915,159.38922645576102,0.333309280778063,1
5.909999999999918,2,50.0,move,18.023464524534393,-7.429326687146055,158.9199466938152,0.4286158830281911,1
5.919999999999918,2,50.0,move,17.985857930051647,-1.437873247058808,159.03410768802533,0.5129254784780352,1
5.929999999999918,2,50.0,move,18.00322000633388,1.1946458200834458,159.13408353771035,0.5505320729607827,1
5.939999999999918,2,50.0,move,18.01883175440455,1.9709332809945967,158.74389458855123,0.5331699966785508,1
5.949999999999918,2,50.0,move,18.061397925355035,5.494005119672046,157.89941540183727,0.5175582486078772,1
5.959999999999917,2,50.0,move,18.13758203948388,8.052372507301529,157.14052036943065,0.4749920776573935,1
5.969999999999917,2,50.0,move,18.23265753197939,9.137930458187855,156.76320630920299,0.39880796352854686,1
5.979999999999917,2,50.0,move,18.313465702924,7.370267256077642,156.18533980900827,0.3037324710330358,1
5.989999999999917,2,50.0,move,18.390400045419394,7.70516293475934,155.6624184999998,0.22292430008843123,1
5.9999999999999165,2,50.0,move,18.478882319571497,8.960415072484128,155.5420188028352,0.14598995759303457,1
6.009999999999916,2,50.0,move,18.540750144621253,3.932792154343321,155.00526834984646,0.05750768344093271,1
6.019999999999916,2,50.0,move,18.555932828978715,-0.4522547422940427,154.5657893893686,-0.0043601416088223655,1
6.029999999999916,2,50.0,move,18.53083047173638,-4.232113248786111,154.41816870765044,-0.019542825966287203,1
6.039999999999916,2,50.0,move,18.48113697629859,-6.584930094156452,155.34815644509848,0.00555953127604758,1
6.0499999999999154,2,50.0,move,18.38440007011032,-11.835686229112847,155.42916420812355,0.055253026713839026,1
6.059999999999915,2,50.0,move,18.25741553650743,-13.868653376995042,154.71462369328458,0.15198993290210794,1
6.069999999999915,2,50.0,move,18.11576744569841,-14.973595154972779,154.33040121865366,0.2789744665049998,1
6.079999999999915,2,50.0,move,17.969335604158164,-14.232415472415255,153.34662434763595,0.4206225573140182,1
6.089999999999915,2,50.0,move,17.85762468205987,-8.984508756876613,152.64235893674888,0.5670543988542637,1
6.099999999999914,2,50.0,move,17.82571940449523,0.5794345852225398,152.16808815944242,0.6787653209525568,1
6.109999999999914,2,50.0,move,17.892370253110077,8.208707533898368,151.7615206074574,0.7106705985171963,1
6.119999999999914,2,50.0,move,17.99102720309927,10.190783026096964,150.7102660091013,0.6440197499023526,1
6.129999999999914,2,50.0,move,18.108758112726022,12.19244656613082,150.39083788042112,0.5453627999131572,1
6.1399999999999135,2,50.0,move,18.221429650559998,10.308187803432405,150.04776574626263,0.42763189028640625,1
6.149999999999913,2,50.0,move,18.32630691548105,10.323602285659634,150.10693642851282,0.31496035245243137,1
6.159999999999913,2,50.0,move,18.42482508817561,7.374713585367192,150.0764719008901,0.2100830875313764,1
6.169999999999913,2,50.0,move,18.470764661469047,2.350302435563309,149.69094378509612,0.1115649148368203,1
6.179999999999913,2,50.0,move,18.47903925765805,-0.908928933060894,148.89312906456306,0.06562534154338218,1
6.1899999999999125,2,50.0,move,18.453982361136127,-3.892270530628106,148.21711977129164,0.057350745354378674,1
6.199999999999912,2,50.0,move,18.404454009318098,-5.998806867810832,147.87256744126333,0.08240764187630034,1
6.209999999999912,2,50.0,move,18.351450705271198,-4.630314817022367,144.10175610928476,0.13193599369433207,1
6.219999999999912,2,50.0,move,18.297908264362,-6.385444547959232,148.89219871881554,0.18493929774122952,1
6.229999999999912,2,50.0,move,18.23888508189348,-5.869453873381259,147.5482529998373,0.23848173865042843,1
6.239999999999911,2,50.0,move,18.19779211138572,-3.498476418747163,146.58396706305578,0.29750492111895177,1
6.249999999999911,2,50.0,move,18.184560153422357,-0.6396318339124029,145.74164211434933,0.33859789162671017,1
6.259999999999911,2,50.0,move,18.19502896343777,1.6707152596855988,145.82839469541108,0.35182984959007124,1
6.269999999999911,2,50.0,move,18.228310930191157,2.994651452662336,142.5057478201658,0.3413610395746586,1
6.2799999999999105,2,50.0,move,18.218697995472827,-3.3910579133080203,147.4954998136374,0.3080790728212712,1
6.28999999999991,2,50.0,move,18.167656873759373,-6.30103281586668,146.48123948450348,0.31769200753960225,1
6.29999999999991,2,50.0,move,18.115371657137505,-4.523039067034828,142.41498336713866,0.3687331292530571,1
6.30999999999991,2,50.0,move,18.082345050148234,-2.326252670821521,146.8697717331637,0.4210183458749239,1
6.31999999999991,2,50.0,move,18.083447250812938,1.0976544845981668,145.77880971058087,0.4540449528641938,1
6.3299999999999095,2,50.0,move,18.100934025475446,0.8282487254799122,145.089919864364,0.45294275219948943,1
6.339999999999909,2,50.0,move,18.106389740342284,-0.07521034256550169,144.0803145715954,0.4354559775369832,1
6.349999999999909,2,50.0,move,18.113614924812822,0.9790149642029641,142.96503030518284,0.43000026267014657,1
6.359999999999909,2,50.0,move,18.139125586254462,3.1749150056496864,142.25511179012253,0.42277507819960813,1
6.369999999999909,2,50.0,move,18.196017709816218,7.454285212320295,138.53944495983873,0.397264416757967,1
6.379999999999908,2,50.0,move,18.25405536866401,4.527674998459658,143.68662972560642,0.34037229319621165,1
6.389999999999908,2,50.0,move,18.287601998726053,1.4692923645208311,143.33311572371994,0.282334634348419,1
6.399999999999908,2,50.0,move,18.28563435873349,-1.9045597696488465,142.5943553429175,0.2487880042863766,1
6.409999999999908,2,50.0,move,18.252264373038436,-4.662586334902746,141.6479318702482,0.25075564427894104,1
6.419999999999908,2,50.0,move,18.20279623180611,-5.077281728165277,140.59347982501257,0.28412562997399415,1
6.429999999999907,2,50.0,move,18.177406036499995,-1.2340438692048747,136.07136947314737,0.33359377120631695,1
6.439999999999907,2,50.0,move,18.183547792548048,1.9054238511048716,139.95112808948502,0.3589839665124328,1
6.449999999999907,2,50.0,move,18.21351585330969,1.6375414136028124,139.28661525219158,0.35284221046438247,1
6.459999999999907,2,50.0,move,18.22246294162581,-0.01614659513725124,138.54842028198442,0.32287414970273987,1
6.4699999999999065,2,50.0,move,18.231357439810896,1.213174656796991,138.3088521391143,0.31392706138661797,1
6.479999999999906,2,50.0,move,18.268217300583377,4.630790714971196,138.08134596963666,0.30503256320153216,1
6.489999999999906,2,50.0,move,18.324842867218134,5.011306332189284,134.29035947013156,0.26817270242905367,1
6.499999999999906,2,50.0,move,18.357605397857967,1.4122239042311575,138.86848319829957,0.2115471357942933,1
6.509999999999906,2,50.0,move,18.352312128135704,-1.9329386979359238,137.8127594439357,0.17878460515446393,1
6.519999999999905,2,50.0,move,18.326052577080855,-3.6627124740848553,136.60350746786202,0.18407787487672578,1
6.529999999999905,2,50.0,move,18.28867196783877,-4.04882470312408,136.07590232306873,0.21033742593157267,1
6.539999999999905,2,50.0,move,18.26176752345728,-2.109560696134789,135.6167731523491,0.24771803517365798,1
6.549999999999905,2,50.0,move,18.258148328022962,-0.8673902566022464,131.85842264581703,0.2746224795551505,1
6.559999999999905,2,50.0,move,18.243454760014092,-2.4164830603690826,137.35406517662113,0.2782416749894684,1
6.569999999999904,2,50.0,move,18.235219567760673,-0.3221021340981727,136.06248312855266,0.29293524299833507,1
6.579999999999904,2,50.0,move,18.25618350349473,3.085082641603777,135.155970955451,0.3011704352517547,1
6.589999999999904,2,50.0,move,18.315261613637198,6.742366620164504,134.55849348837316,0.28020649951769894,1
6.599999999999904,2,50.0,move,18.38904673265393,6.005615347205988,133.95338114966552,0.22112838937523027,1
6.6099999999999035,2,50.0,move,18.44218995747364,4.591864044714388,133.2820934797776,0.14734327035849648,1
6.619999999999903,2,50.0,move,18.493350737249372,5.234212444115581,129.21882402967913,0.09420004553878925,1
6.629999999999903,2,50.0,move,18.526848539691525,0.1849617890038159,134.9347728486448,0.04303926576305628,1
6.639999999999903,2,50.0,move,18.51764419757977,-2.3124078489319735,133.97809420061836,0.009541463320905663,1
6.649999999999903,2,50.0,move,18.4985382742803,-2.1087245894854516,132.64928071490968,0.018745805432660023,1
6.659999999999902,2,50.0,move,18.49275768232564,-0.060838634500247776,131.98525736699753,0.03785172873213005,1
6.669999999999902,2,50.0,move,18.512407962440033,1.5493161701468279,128.24825528523908,0.043632320686790016,1
6.679999999999902,2,50.0,move,18.506137317250083,-2.975505090748835,133.81953603354066,0.023982040572395613,1
6.689999999999902,2,50.0,move,18.46589557832988,-5.244223244536739,129.33117239629436,0.030252685762346965,1
6.699999999999902,2,50.0,move,18.41154491377016,-6.561940354483308,133.80648121127655,0.07049442468254896,1
6.709999999999901,2,50.0,move,18.3238536596426,-10.243771695998197,133.3841984558557,0.12484508924226756,1
6.719999999999901,2,50.0,move,18.222528969521186,-10.634718694551388,132.38107410796957,0.21253634336982907,1
6.729999999999901,2,50.0,move,18.134389397709587,-8.04595713784994,131.92041683388575,0.3138610334912445,1
6.739999999999901,2,50.0,move,18.092943133468967,-1.9968015467741924,128.3130954141278,0.40200060530284354,1
6.7499999999999005,2,50.0,move,18.087468649343815,-0.5399148851402241,133.21684948950596,0.44344686954346235,1
6.7599999999999,2,50.0,move,18.106229546069923,3.159466405947755,132.31879806341135,0.4489213536686132,1
6.7699999999999,2,50.0,move,18.16745226710289,6.247467076614337,132.2924159918007,0.4301604569425077,1
6.7799999999999,2,50.0,move,18.206248877798593,2.4244600569999704,127.7250609947685,0.3689377359095386,1
6.7899999999999,2,50.0,move,18.21851243994121,-0.4630701815286079,132.88313352794182,0.330141125213837,1
6.7999999999998995,2,50.0,move,18.216461765603878,-0.9677150869819631,131.82379998631566,0.3178775630712172,1
6.809999999999899,2,50.0,move,18.214702141430053,-0.09764977630013025,131.32959061230633,0.31992823740855103,1
6.819999999999899,2,50.0,move,18.239667577305216,3.1849963909302765,131.37102033194734,0.32168786158237594,1
6.829999999999899,2,50.0,move,18.288306056426183,4.323574389054415,131.1246315685729,0.2967224257072132,1
6.839999999999899,2,50.0,move,18.31977536716613,1.880026243677707,130.1189164633471,0.24808394658624444,1
6.849999999999898,2,50.0,move,18.337501476221263,1.4088146097644152,129.39546942272392,0.21661463584629892,1
6.859999999999898,2,50.0,move,18.361681740213157,2.55661696694656,128.69372445910895,0.1988885267911661,1
6.869999999999898,2,50.0,move,18.403840348276745,4.447753553526925,124.10157478498573,0.17470826279927243,1
6.879999999999898,2,50.0,move,18.423623649352987,-0.45537571897346535,129.98145651022747,0.1325496547356836,1
6.8899999999998975,2,50.0,move,18.41272031309965,-2.508255635641343,128.6671640372129,0.11276635365944365,1
6.899999999999897,2,50.0,move,18.38810698076618,-3.285914790823398,128.06020800308292,0.12366968991277816,1
6.909999999999897,2,50.0,move,18.373010777193798,-0.6956981032768726,124.79549217936494,0.14828302224624834,1
6.919999999999897,2,50.0,move,18.367762719339368,-2.6473112739395575,130.60489839461508,0.16337922581863007,1
6.929999999999897,2,50.0,move,18.31204821265598,-7.8092281378345,129.8303598044407,0.1686272836730618,1
6.9399999999998965,2,50.0,move,18.226728534761484,-9.277112399351054,124.94031795695986,0.22434179035644708,1
6.949999999999896,2,50.0,move,18.133691990257603,-10.19438908083477,129.9536058248406,0.30966146825094354,1
6.959999999999896,2,50.0,move,18.049808611823597,-7.798634388144578,129.0673750795888,0.4026980127548263,1
6.969999999999896,2,50.0,move,18.012821608476195,-1.640051757335108,125.19688540157459,0.4865813911888339,1
6.979999999999896,2,50.0,move,18.016955423222942,2.0827511980693556,128.30443666406416,0.5235683945362335,1
6.989999999999895,2,50.0,move,18.078013678675813,7.402912347033517,127.73519592134296,0.5194345797894878,1
6.999999999999895,2,50.0,move,18.161797216437183,8.442246153647961,127.03893368414892,0.4583763243366179,1
7.009999999999895,2,50.0,dip,18.14848254974408,-5.077535669297281,102.60127346210719,0.4583763243366179,1
7.019999999999895,2,50.0,dip,18.106783214048725,-6.567002220768278,131.92432575853817,0.4583763243366179,0
7.0299999999998946,2,50.0,dip,17.972369597843908,-17.430730329228126,110.55786750032858,0.4583763243366179,0
7.039999999999894,2,50.0,dip,17.747298252603716,-26.61006112581954,134.1343358764888,0.4583763243366179,0
7.049999999999894,2,50.0,dip,17.423108678923096,-36.53264992066874,116.54844827496582,0.4583763243366179,0
7.059999999999894,2,50.0,dip,17.00172067693351,-46.12016636821511,131.19795776947498,0.4583763243366179,1
7.069999999999894,2,50.0,dip,16.523385206771696,-44.20961141094915,123.13864533871866,0.4583763243366179,1
7.0799999999998935,2,50.0,launch,16.735349231079326,76.17541556301546,172.20935048347621,0.4583763243366179,1
7.089999999999893,2,50.0,launch,18.125856256499777,176.25787255342038,156.81595636765718,0.4583763243366179,1
7.099999999999893,2,50.0,launch,20.629227684448797,280.51098145627304,197.14903407978966,2.5512140057729837,1
7.109999999999893,2,50.0,launch,23.442791930467887,283.62802372270994,180.91544012671287,5.364778251792076,1
7.119999999999893,2,50.0,launch,26.248140161894145,276.10840123729594,177.43544142557482,8.170126483218334,1
7.129999999999892,2,50.0,launch,28.98627452973458,271.9176351791192,180.0091692418386,10.908260851058769,0
7.139999999999892,2,50.0,launch,31.610366095630845,256.1807588072297,170.85932261756292,13.532352416955032,0
7.149999999999892,2,50.0,launch,34.118402620590984,247.02179063408977,182.0840402773706,16.04038894191517,0
7.159999999999892,2,50.0,launch,36.529063051831386,237.44999495222322,171.6794234731272,18.451049373155577,0
7.169999999999892,2,50.0,launch,38.82732617394839,224.63481646271376,177.42023522259964,20.74931249527258,0
7.179999999999891,2,50.0,launch,41.02383747921591,216.58186123212184,169.61837756520208,22.9458238005401,0
7.189999999999891,2,50.0,launch,43.11266496236762,202.022030895814,176.38965147779032,25.03465128369181,0
7.199999999999891,2,50.0,launch,45.131388862507,200.5950128027055,172.21899589489752,27.053375183831196,0
7.209999999999891,2,50.0,airborne,46.73119945843532,143.66893381257717,123.67478738784143,28.653185779759504,0
7.2199999999998905,2,50.0,airborne,48.38646267295832,177.16367554241523,182.27338224348003,30.30844899428251,0
7.22999999999989,2,50.0,airborne,49.937130346500595,141.36946901049606,127.7730459796863,31.859116667824782,0
7.23999999999989,2,50.0,airborne,51.49193259549357,164.30678425327753,189.27740835945417,33.413918916817764,0
7.24999999999989,2,50.0,airborne,52.92550216681436,133.03842096318579,132.57108819939725,34.84748848813856,0
7.25999999999989,2,50.0,airborne,54.333456068325894,141.77194088087927,197.08686983668747,36.255442389650085,0
7.269999999999889,2,50.0,airborne,55.63753408427554,125.07785170162148,145.96653356142377,37.559520405599734,0
7.279999999999889,2,50.0,airborne,56.85618301361984,120.08899371681365,188.68946545406547,38.77816933494403,0
7.289999999999889,2,50.0,airborne,57.97204890904061,108.51134229651326,175.98445751043494,39.8940352303648,0
7.299999999999889,2,50.0,airborne,58.99829212882272,98.54180116062447,175.30253668130774,40.92027845014691,0
7.309999999999889,2,50.0,airborne,59.92267473977921,88.40061668058988,174.8003106029048,41.84466106110341,0
7.319999999999888,2,50.0,airborne,60.74671769745279,78.42164334610504,174.45492891333282,42.66870401877698,0
7.329999999999888,2,50.0,airborne,61.471516531185145,68.52674803319766,174.22023536096708,43.393502852509336,0
7.339999999999888,2,50.0,airborne,62.09766276081399,58.67766474906524,174.0620502475169,44.01964908213818,0
7.349999999999888,2,50.0,airborne,62.625481457186346,48.85373779832564,173.9565256063498,44.547467778510544,0
7.3599999999998875,2,50.0,airborne,63.05514682599254,39.042918843945735,173.88726917487466,44.97713314731673,0
7.369999999999887,2,50.0,airborne,63.38674454221722,29.2381926207668,173.84287057125164,45.30873086354141,0
7.379999999999887,2,50.0,airborne,63.62031280357492,19.436162829995123,173.81501519632056,45.54229912489911,0
7.389999999999887,2,50.0,airborne,63.75586818470962,9.63515341664821,173.79788639261722,45.67785450603381,0
7.399999999999887,2,50.0,airborne,63.793413363808426,-0.16593350353155295,173.78791566845157,45.71539968513262,0
7.4099999999998865,2,50.0,airborne,63.7329467590803,-9.967147611224988,173.78266819193038,45.71539968513262,0
7.419999999999886,2,50.0,airborne,63.57446579201243,-19.768845383007548,173.78065269121385,45.71539968513262,0
7.429999999999886,2,50.0,airborne,63.31796189521195,-29.571572557454957,173.78097335291557,45.71539968513262,0
7.439999999999886,2,50.0,airborne,62.963423635746764,-39.37549026782624,173.78290550562156,45.71539968513262,0
7.449999999999886,2,50.0,airborne,62.51083920628333,-49.18055160971652,173.78582878178239,45.71539968513262,0
7.459999999999885,2,50.0,airborne,61.9601983011589,-58.98656290646193,173.7894025197732,45.71539968513262,0
7.469999999999885,2,50.0,airborne,61.31149261336184,-68.79332774649936,173.79339707984067,45.71539968513262,0
7.479999999999885,2,50.0,airborne,60.5647156389321,-78.60067948357671,173.79766939213008,45.71539968513262,0
7.489999999999885,2,50.0,airborne,59.71986228531657,-88.40849477668458,173.80213692577163,45.71539968513262,0
7.4999999999998845,2,50.0,airborne,58.77692842570279,-98.21669442209159,173.80675507538132,45.71539968513262,0
7.509999999999884,2,50.0,airborne,57.73591049114293,-108.02523712651735,173.81149930354593,45.71539968513262,0
7.519999999999884,2,50.0,airborne,56.59680514634854,-117.834110142968,173.81635245623877,45.71539968513262,0
7.529999999999884,2,50.0,airborne,55.35960906375509,-127.64331941423454,173.82129690830612,45.71539968513262,0
7.539999999999884,2,50.0,airborne,54.02431879037033,-137.4528808337149,173.82631062142914,45.71539968513262,0
7.5499999999998835,2,50.0,airborne,52.59093069098577,-147.262813402418,173.83136598283212,45.71539968513262,0
7.559999999999883,2,50.0,airborne,51.05944094732935,-157.07313446106662,173.8364303523408,45.71539968513262,0
7.569999999999883,2,50.0,airborne,49.429845593369826,-166.88385680065875,173.84146745301737,45.71539968513262,0
7.579999999999883,2,50.0,airborne,47.70214057020866,-176.69498726676102,173.84643899672895,45.71539968513262,0
7.589999999999883,2,50.0,airborne,45.87632178823744,-186.5065264217648,173.85130617666752,45.71539968513262,0
7.599999999999882,2,50.0,airborne,43.95238518843385,-196.3184688649574,173.8560308512528,45.71539968513262,0
7.609999999999882,2,50.0,airborne,41.930326798212356,-206.1308038901799,173.86057637792598,45.71539968513262,0
7.619999999999882,2,50.0,airborne,39.81014277989041,-215.94351625393878,173.86490813515135,45.71539968513262,0
7.629999999999882,2,50.0,airborne,37.59182947157296,-225.75658691331938,173.86899380766906,45.71539968513262,0
7.6399999999998816,2,50.0,airborne,35.27538342123125,-235.56999366264665,173.87280351697197,45.71539968513262,0
7.649999999999881,2,50.0,airborne,32.8608014151495,-245.38371164732305,173.87630986835902,45.71539968513262,0
7.659999999999881,2,50.0,airborne,30.3480805019312,-255.19771376389247,173.8794879674285,45.71539968513262,0
7.669999999999881,2,50.0,landing,28.041037754924318,-226.53743279899396,216.3921075632012,45.71539968513262,0
7.679999999999881,2,50.0,landing,25.451113876608282,-266.70353372455946,178.85083624917166,45.71539968513262,0
7.6899999999998805,2,50.0,landing,22.71128944701762,-279.48910722245756,178.56420260546076,45.71539968513262,0
7.69999999999988,2,50.0,landing,19.89855433278109,-279.0006194364733,168.89716161316116,45.71539968513262,1
7.70999999999988,2,50.0,move,17.089141043571946,-253.11956705502553,163.28042702226986,45.71539968513262,1
7.71999999999988,2,50.0,move,15.216623772617533,-133.89052272321123,181.3249042297919,45.71539968513262,1
7.72999999999988,2,50.0,move,14.582247150894052,-13.210556872308626,166.50962802055162,45.71539968513262,1
7.739999999999879,2,50.0,move,15.154082433514729,97.17663667799063,171.16332549221772,45.71539968513262,1
7.749999999999879,2,50.0,move,16.560574376726564,164.39832791726113,163.57940519540333,45.71539968513262,1
7.759999999999879,2,50.0,move,18.289254158080066,171.12217898636587,165.00506307146992,45.71539968513262,0
7.769999999999879,2,50.0,move,19.92347420397457,158.11888014947937,161.09240113433037,45.71539968513262,0
7.779999999999879,2,50.0,move,21.465842016307338,150.75404997829818,165.7388620449288,45.71539968513262,0
7.789999999999878,2,50.0,move,22.899325006820362,138.39347996466057,160.95396910930455,45.71539968513262,0
7.799999999999878,2,50.0,move,24.239327107214663,130.13757419101842,166.60512792687197,45.71539968513262,0
7.809999999999878,2,50.0,move,25.47386615930549,119.30567513598677,161.44786524459715,45.71539968513262,0
7.819999999999878,2,50.0,move,26.61345331798643,109.7470842856164,162.63519949828546,45.71539968513262,0
7.8299999999998775,2,50.0,move,27.653919048835895,99.86740019694197,162.8336381355608,45.71539968513262,0
7.839999999999877,2,50.0,move,28.595686901635496,89.96988661343238,163.13910890111075,45.71539968513262,0
7.849999999999877,2,50.0,move,29.43864052810991,80.07722098112828,163.3058198865935,45.71539968513262,0
7.859999999999877,2,50.0,move,30.18387810896513,70.34712687698882,162.6903905022041,45.71539968513262,0
7.869999999999877,2,50.0,move,30.832676158375826,60.69008668922452,162.55162643314392,45.71539968513262,0
7.879999999999876,2,50.0,move,31.38307033617786,50.82537690864001,163.00130286972148,45.71539968513262,0
7.889999999999876,2,50.0,move,31.834385596949556,40.93889030579016,162.94204306252928,45.71539968513262,0
7.899999999999876,2,50.0,move,32.18715144532597,31.06129105299946,163.19266255232822,45.71539968513262,0
7.909999999999876,2,50.0,move,32.442418094593236,21.35016436227452,162.5653325511722,45.71539968513262,0
7.919999999999876,2,50.0,move,32.59945692675109,11.507896003415697,162.90460854922804,45.71539968513262,0
7.929999999999875,2,50.0,move,32.65885945025316,1.750461893505666,162.70221037001852,45.71539968513262,0
7.939999999999875,2,50.0,move,32.620547994826154,-8.027470137314632,162.7531751121485,45.71539968513262,0
7.949999999999875,2,50.0,move,32.48331620475925,-17.924028972228633,163.0024926574425,45.71539968513262,0
7.959999999999875,2,50.0,move,32.24965278799251,-27.626427500578803,162.66459908580083,45.71539968513262,0
7.9699999999998745,2,50.0,move,31.916867855911025,-37.492350790855106,163.17016221904294,45.71539968513262,0
7.979999999999874,2,50.0,move,31.485025753017798,-47.325474266810424,162.52964244648697,45.71539968513262,0
7.989999999999874,2,50.0,move,30.954920533921822,-57.182137800195484,162.87838365734612,45.71539968513262,0
7.999999999999874,2,50.0,move,30.32623063068427,-67.05627625610072,163.09796063814645,45.71539968513262,0
8.009999999999874,2,50.0,move,29.59915333638311,-76.91637087667388,163.28377535515614,45.71539968513262,0
8.019999999999873,2,50.0,move,28.77322155827704,-86.79656753139656,163.29980489703757,45.71539968513262,0
8.029999999999873,2,50.0,move,27.852428961033876,-96.23880732371866,162.00428594321764,45.71539968513262,0
8.039999999999873,2,50.0,move,26.833865473403325,-106.03400807826075,162.54739358519794,45.71539968513262,0
8.049999999999873,2,50.0,move,25.716207376951118,-115.95483351732186,162.8978359597409,45.71539968513262,0
8.059999999999873,2,50.0,move,24.499692254494953,-125.85953950022765,163.15904308367087,45.71539968513262,0
8.069999999999872,2,50.0,move,23.185796406721895,-135.54771136086774,162.42087741158036,45.71539968513262,0
8.079999999999872,2,50.0,move,21.773999059823566,-145.36406620001503,162.81765760446126,45.71539968513262,0
8.089999999999872,2,50.0,move,20.26316676173357,-155.2666032018344,163.01551919388575,45.71539968513262,0
8.099999999999872,2,50.0,move,18.659691430904065,-163.6929971698665,163.4519500595574,45.71539968513262,1
8.109999999999872,2,50.0,move,17.03997550530221,-157.61291117464444,165.39901074024618,45.71539968513262,1
8.119999999999871,2,50.0,move,15.732356460341546,-108.7979356006811,164.96283630819931,45.71539968513262,1
8.129999999999871,2,50.0,move,15.077645797480491,-36.99367769046633,163.56567890828276,45.71539968513262,1
8.139999999999871,2,50.0,move,15.132983780523643,31.45480505645098,164.10943822872565,45.71539968513262,1
8.14999999999987,2,50.0,move,15.779900064235372,83.84823897398867,165.5074245734545,45.71539968513262,1
8.15999999999987,2,50.0,move,16.821665187550035,113.59433768569733,165.41083333410626,45.71539968513262,1
8.16999999999987,2,50.0,move,17.98996838446293,115.61068480113568,163.7331751289856,45.71539968513262,1
8.17999999999987,2,50.0,move,19.109342395465102,107.82026531049115,163.80916820075376,45.71539968513262,0
8.18999999999987,2,50.0,move,20.129598977698468,97.67068427965184,164.00247539815115,45.71539968513262,0
8.19999999999987,2,50.0,move,21.047473807755157,87.48564624681421,164.08628837810215,45.71539968513262,0
8.20999999999987,2,50.0,move,21.866995072049026,77.7335378021426,162.986483351951,45.71539968513262,0
8.21999999999987,2,50.0,move,22.587762230054665,67.828739254798,163.61118349284968,45.71539968513262,0
8.229999999999869,2,50.0,move,23.208743534213607,57.84731769782867,163.95005249658263,45.71539968513262,0
8.239999999999869,2,50.0,move,23.73105039865508,48.01373127230062,163.55610380566984,45.71539968513262,0
8.249999999999869,2,50.0,move,24.156338868728653,38.32975100204394,163.15820570972787,45.71539968513262,0
8.259999999999868,2,50.0,move,24.482816596170622,28.430560194289818,163.64145300148843,45.71539968513262,0
8.269999999999868,2,50.0,move,24.709829174592745,18.474918829473204,163.94967752736716,45.71539968513262,0
8.279999999999868,2,50.0,move,24.837629355550867,8.559638231513341,163.98689108043249,45.71539968513262,0
8.289999999999868,2,50.0,move,24.869076686174672,-1.0728296821511287,163.39505171193974,45.71539968513262,0
8.299999999999867,2,50.0,move,24.80128761371614,-10.979908460030027,163.68074933723798,45.71539968513262,0
8.309999999999867,2,50.0,move,24.636052975463148,-20.724683377411445,163.41622602674005,45.71539968513262,0
8.319999999999867,2,50.0,move,24.372427543057913,-30.591898173400466,163.82735190118464,45.71539968513262,0
8.329999999999867,2,50.0,move,24.0111318238585,-40.353629709814435,163.5761069687369,45.71539968513262,0
8.339999999999867,2,50.0,move,23.550624623400253,-50.2782477183772,163.8969661953653,45.71539968513262,0
8.349999999999866,2,50.0,move,22.99206010084285,-60.03516330255658,163.24341368600145,45.71539968513262,0
8.359999999999866,2,50.0,move,22.335279246530977,-69.86078779536481,163.4171220582749,45.71539968513262,0
8.369999999999866,2,50.0,move,21.579824869021884,-79.74004851028737,163.6416855756072,45.71539968513262,0
8.379999999999866,2,50.0,move,20.727580820368345,-89.41741641281294,163.2491302644199,45.71539968513262,0
8.389999999999866,2,50.0,move,19.777770407963814,-99.23256740153985,163.8721434296959,45.71539968513262,0
8.399999999999865,2,50.0,move,18.734673768050996,-107.64742631601393,164.24322789197143,45.71539968513262,1
