time_s,phase,core_height_cm,vertical_speed_cm_s,ground_contact,x_cm,vx_cm_s
1.000000000000000021e-02,0.000000000000000000e+00,1.613797166101301883e+01,-3.371287794830295052e-03,1.000000000000000000e+00,2.402492323632515747e-03,2.481917081363329836e-01
2.000000000000000042e-02,0.000000000000000000e+00,1.613805091990140994e+01,1.393688100350801151e-02,1.000000000000000000e+00,4.983898725259561235e-03,2.641302075575514552e-01
2.999999999999999889e-02,0.000000000000000000e+00,1.613821740387705717e+01,1.619368957314402946e-02,1.000000000000000000e+00,7.696580403689090577e-03,2.754387637410055656e-01
4.000000000000000083e-02,0.000000000000000000e+00,1.613831541131021652e+01,4.175555789184278756e-03,1.000000000000000000e+00,1.049697799589965896e-02,2.825840304035244777e-01
5.000000000000000278e-02,0.000000000000000000e+00,1.613825915407085176e+01,-1.184727224928175393e-02,1.000000000000000000e+00,1.334613887004135191e-02,2.859942315403661839e-01
6.000000000000000472e-02,0.000000000000000000e+00,1.613807959286340221e+01,-2.051038028647713882e-02,1.000000000000000000e+00,1.620835291495786867e-02,2.859162459485057872e-01
6.999999999999999278e-02,0.000000000000000000e+00,1.613788554545564935e+01,-1.714878625891993330e-02,1.000000000000000000e+00,1.904937256289804259e-02,2.824438799473684147e-01
8.000000000000000167e-02,0.000000000000000000e+00,1.613777861539481151e+01,-5.889937202237539686e-03,1.000000000000000000e+00,2.183574049772207815e-02,2.756696254631071930e-01
8.999999999999999667e-02,0.000000000000000000e+00,1.613778608034387929e+01,4.473687493228023157e-03,1.000000000000000000e+00,2.453571316595390406e-02,2.658311158741047397e-01
9.999999999999999167e-02,0.000000000000000000e+00,1.613785420080658284e+01,7.137036221522217484e-03,1.000000000000000000e+00,2.712102695155982346e-02,2.533451772090986043e-01
1.100000000000000006e-01,0.000000000000000000e+00,1.613789732123230181e+01,1.578378143459935844e-03,1.000000000000000000e+00,2.956823400061953100e-02,2.387192249917354514e-01
1.199999999999999956e-01,0.000000000000000000e+00,1.613786093361700580e+01,-7.066222350064071955e-03,1.000000000000000000e+00,3.185880501624868688e-02,2.224185198052210100e-01
1.300000000000000044e-01,0.000000000000000000e+00,1.613775386406901546e+01,-1.235345452216996161e-02,1.000000000000000000e+00,3.397815158682551684e-02,2.047851328934497395e-01
1.400000000000000133e-01,0.000000000000000000e+00,1.613763273005467980e+01,-1.107876814991084861e-02,1.000000000000000000e+00,3.591440752710173268e-02,1.860526294454041552e-01
1.500000000000000222e-01,0.000000000000000000e+00,1.613755660697870908e+01,-4.934057595584910756e-03,1.000000000000000000e+00,3.765780749895100699e-02,1.664280324891948548e-01
1.600000000000000033e-01,0.000000000000000000e+00,1.613754703729732398e+01,1.388065870979848532e-03,1.000000000000000000e+00,3.920092913670195078e-02,1.461713550194616851e-01
1.700000000000000122e-01,0.000000000000000000e+00,1.613757953864039862e+01,3.826129260241507325e-03,1.000000000000000000e+00,4.053940431377120457e-02,1.256161484574949694e-01
1.800000000000000211e-01,0.000000000000000000e+00,1.613760751714144348e+01,1.596085310498264812e-03,1.000000000000000000e+00,4.167242822356032050e-02,1.051250051864842661e-01
1.900000000000000022e-01,0.000000000000000000e+00,1.613759738311368608e+01,-2.792714749279721995e-03,1.000000000000000000e+00,4.260263101244152195e-02,8.502004635560933554e-02
2.000000000000000111e-01,0.000000000000000000e+00,1.613754935878648311e+01,-5.751381966256295317e-03,1.000000000000000000e+00,4.333537143273030745e-02,6.553856085923517871e-02
2.100000000000000200e-01,0.000000000000000000e+00,1.613749216519664031e+01,-5.206568567617016717e-03,1.000000000000000000e+00,4.387788041110632364e-02,4.683825002677401844e-02
2.200000000000000011e-01,0.000000000000000000e+00,1.613745926020311927e+01,-1.768341384147217605e-03,1.000000000000000000e+00,4.423870005250615800e-02,2.903913393853195871e-02
2.300000000000000100e-01,0.000000000000000000e+00,1.613746551899521009e+01,2.092492542667769278e-03,1.000000000000000000e+00,4.442758041666300395e-02,1.226687832339628387e-02
2.400000000000000189e-01,0.000000000000000000e+00,1.613750002118699101e+01,3.995754561929705691e-03,1.000000000000000000e+00,4.445565317395955285e-02,-3.332567108238225929e-03
2.500000000000000000e-01,0.000000000000000000e+00,1.613753732224842352e+01,3.239726869451479193e-03,1.000000000000000000e+00,4.433554026299635353e-02,-1.761238769224575396e-02
2.600000000000000089e-01,0.000000000000000000e+00,1.613755672129813945e+01,1.007657519091139991e-03,1.000000000000000000e+00,4.408115603300871710e-02,-3.045952079760068723e-02
2.700000000000000178e-01,0.000000000000000000e+00,1.613755526696822429e+01,-7.300631932519668172e-04,1.000000000000000000e+00,4.370721052343179425e-02,-4.181828800177740668e-02
2.800000000000000266e-01,0.000000000000000000e+00,1.613754671826838205e+01,-6.710654233075530588e-04,1.000000000000000000e+00,4.322862685606360111e-02,-5.168825605778937238e-02
2.900000000000000355e-01,0.000000000000000000e+00,1.613754937577875026e+01,1.043272185106965816e-03,1.000000000000000000e+00,4.266011850397738447e-02,-6.010078334752365359e-02
2.999999999999999889e-01,0.000000000000000000e+00,1.613757273462287145e+01,3.147098882946407911e-03,1.000000000000000000e+00,4.201603896825667483e-02,-6.709194004619227492e-02
3.099999999999999978e-01,0.000000000000000000e+00,1.613761214807787425e+01,4.278520566070806615e-03,1.000000000000000000e+00,4.131043076755422372e-02,-7.268903729388476176e-02
3.200000000000000067e-01,0.000000000000000000e+00,1.613765385966110699e+01,3.913226251035135939e-03,1.000000000000000000e+00,4.055709296767878724e-02,-7.691625813981405047e-02
3.300000000000000155e-01,0.000000000000000000e+00,1.613768539758383014e+01,2.587875972483985598e-03,1.000000000000000000e+00,3.976951542920478810e-02,-7.981139120911388829e-02
3.400000000000000244e-01,0.000000000000000000e+00,1.613770348886149364e+01,1.373755889116060015e-03,1.000000000000000000e+00,3.896065231971598819e-02,-8.143964758953338434e-02
3.500000000000000333e-01,0.000000000000000000e+00,1.613771455409134958e+01,1.073353112655599890e-03,1.000000000000000000e+00,3.814262988256975073e-02,-8.189470269555702842e-02
3.600000000000000422e-01,0.000000000000000000e+00,1.613772861747182930e+01,1.724244916886202806e-03,1.000000000000000000e+00,3.732652411950129756e-02,-8.128704036262932031e-02
3.699999999999999956e-01,0.000000000000000000e+00,1.613775176594915450e+01,2.695771424272875964e-03,1.000000000000000000e+00,3.652228929910059096e-02,-7.972800453390647968e-02
3.800000000000000044e-01,0.000000000000000000e+00,1.613778246298038965e+01,3.220683214212686878e-03,1.000000000000000000e+00,3.573881864223638072e-02,-7.731950614189657400e-02
3.900000000000000133e-01,0.000000000000000000e+00,1.613781359839673257e+01,2.935847205117584919e-03,1.000000000000000000e+00,3.498404638834010094e-02,-7.415409914819631743e-02
4.000000000000000222e-01,0.000000000000000000e+00,1.613783799816342324e+01,2.066301696812698676e-03,1.000000000000000000e+00,3.426499894707488170e-02,-7.032261645071823108e-02
4.100000000000000311e-01,0.000000000000000000e+00,1.613785314272402616e+01,1.184479683496392514e-03,1.000000000000000000e+00,3.358776180202235895e-02,-6.592208536531690699e-02
4.200000000000000400e-01,0.000000000000000000e+00,1.613786204151933390e+01,7.733051810108458081e-04,1.000000000000000000e+00,3.295739960614274544e-02,-6.105770403717253325e-02
4.299999999999999933e-01,0.000000000000000000e+00,1.613787027642747063e+01,9.178196954773855908e-04,1.000000000000000000e+00,3.237790069960944095e-02,-5.583768082986310943e-02
4.400000000000000022e-01,0.000000000000000000e+00,1.613788180111533777e+01,1.312523650070635895e-03,1.000000000000000000e+00,3.185219737779215743e-02,-5.036478279196805741e-02
4.500000000000000111e-01,0.000000000000000000e+00,1.613789651463939734e+01,1.530088551678800927e-03,1.000000000000000000e+00,3.138226111338987545e-02,-4.473014961480995672e-02
4.600000000000000200e-01,0.000000000000000000e+00,1.613791096228756672e+01,1.329825865886715818e-03,1.000000000000000000e+00,3.096922736207721738e-02,-3.901265536337082673e-02
4.700000000000000289e-01,0.000000000000000000e+00,1.613792120099732585e+01,7.921127723213583233e-04,1.000000000000000000e+00,3.061349638345742252e-02,-3.328295810909792651e-02
4.800000000000000377e-01,0.000000000000000000e+00,1.613792556048987592e+01,2.155351408988364238e-04,1.000000000000000000e+00,3.031478475781432258e-02,-2.760843520418687982e-02
4.899999999999999911e-01,0.000000000000000000e+00,1.613792545662325750e+01,-1.168808962185422965e-04,1.000000000000000000e+00,3.007214249530765215e-02,-2.205525926289251051e-02
5.000000000000000000e-01,0.000000000000000000e+00,1.613792401257158104e+01,-1.245960882589164083e-04,1.000000000000000000e+00,2.988397398344458389e-02,-1.668643531299024083e-02
5.100000000000000089e-01,1.000000000000000000e+00,1.613792375616407071e+01,4.874726445682387739e-05,1.000000000000000000e+00,2.974809434753630799e-02,-1.155759185959608429e-02
5.200000000000000178e-01,1.000000000000000000e+00,1.613792508483149035e+01,1.676442036001237357e-04,1.000000000000000000e+00,2.966182511930856580e-02,-6.713635719715949080e-03
5.300000000000000266e-01,1.000000000000000000e+00,1.613792640921938215e+01,7.801422086471597700e-05,1.000000000000000000e+00,2.962210626901648491e-02,-2.188397283758047786e-03
5.400000000000000355e-01,1.000000000000000000e+00,1.613792561499852596e+01,-2.015270505844063301e-04,1.000000000000000000e+00,2.962559371123066332e-02,1.992885700873239449e-03
5.500000000000000444e-01,1.000000000000000000e+00,1.613792165177158111e+01,-5.190110096256054292e-04,1.000000000000000000e+00,2.966872493189720572e-02,5.810236427274704206e-03
5.600000000000000533e-01,1.000000000000000000e+00,1.613791515867177395e+01,-7.121745391801330384e-04,1.000000000000000000e+00,2.974775807569191022e-02,9.246972304736280485e-03
5.700000000000000622e-01,1.000000000000000000e+00,1.613790785499055858e+01,-7.193360682650673174e-04,1.000000000000000000e+00,2.985880504042109918e-02,1.229001848511709211e-02
5.800000000000000711e-01,1.000000000000000000e+00,1.613790129769149928e+01,-6.053776244676047297e-04,1.000000000000000000e+00,2.999787780556886774e-02,1.493170750224871897e-02
5.899999999999999689e-01,1.000000000000000000e+00,1.613789593984742865e+01,-4.985839185221376153e-04,1.000000000000000000e+00,3.016095286740433368e-02,1.717136631708366182e-02
5.999999999999999778e-01,1.000000000000000000e+00,1.613789107597839845e+01,-4.947314683667544417e-04,1.000000000000000000e+00,3.034404302033125167e-02,1.901537976424400728e-02
6.099999999999999867e-01,1.000000000000000000e+00,1.613788557211386632e+01,-5.980766797898018263e-04,1.000000000000000000e+00,3.054325962158002672e-02,2.047563749606665096e-02
6.199999999999999956e-01,1.000000000000000000e+00,1.613787876624872553e+01,-7.331997423484204988e-04,1.000000000000000000e+00,3.075485458448046217e-02,2.156736597595224070e-02
6.300000000000000044e-01,1.000000000000000000e+00,1.613787090610529873e+01,-8.086666498269332428e-04,1.000000000000000000e+00,3.097524365606590946e-02,2.230759583305588767e-02
6.400000000000000133e-01,1.000000000000000000e+00,1.613786290144155089e+01,-7.815630969102175737e-04,1.000000000000000000e+00,3.120102178050324082e-02,2.271488220265809391e-02
6.500000000000000222e-01,1.000000000000000000e+00,1.613785566435931429e+01,-6.793199036257804900e-04,1.000000000000000000e+00,3.142898179330569364e-02,2.280994824747105756e-02
6.600000000000000311e-01,1.000000000000000000e+00,1.613784954578905939e+01,-5.707948096344453263e-04,1.000000000000000000e+00,3.165614045444950508e-02,2.261635068029426224e-02
6.700000000000000400e-01,1.000000000000000000e+00,1.613784423238245580e+01,-5.139861512279820903e-04,1.000000000000000000e+00,3.187976705847708758e-02,2.216039886478829435e-02
6.800000000000000488e-01,1.000000000000000000e+00,1.613783910133033217e+01,-5.192202550523606665e-04,1.000000000000000000e+00,3.209740577813993689e-02,2.147019550175921498e-02
6.900000000000000577e-01,1.000000000000000000e+00,1.613783372274039252e+01,-5.501807076012742810e-04,1.000000000000000000e+00,3.230688557051414334e-02,2.057429621357943078e-02
7.000000000000000666e-01,1.000000000000000000e+00,1.613782814832262602e+01,-5.561770541974784664e-04,1.000000000000000000e+00,3.250631805961634591e-02,1.950068164943667692e-02
7.100000000000000755e-01,2.000000000000000000e+00,1.691128813194506719e+01,1.274095058264817339e+02,1.000000000000000000e+00,3.322173314339184058e-01,5.027311082026384526e+01
7.199999999999999734e-01,2.000000000000000000e+00,1.862771075869936510e+01,2.071403652892054197e+02,1.000000000000000000e+00,7.078810763797432903e-01,3.084776130313787590e+01
7.299999999999999822e-01,2.000000000000000000e+00,2.149034861985857603e+01,3.166036829012738281e+02,1.000000000000000000e+00,1.398015417363462909e+00,8.895285082461921888e+01
7.399999999999999911e-01,2.000000000000000000e+00,2.456919772793475687e+01,3.017970159323281223e+02,1.000000000000000000e+00,2.060523215205055880e+00,5.548419199069491015e+01
7.500000000000000000e-01,2.000000000000000000e+00,2.753600971368760852e+01,2.907510799632170801e+02,0.000000000000000000e+00,2.732809747279123069e+00,6.812928341143127398e+01
7.600000000000000089e-01,2.000000000000000000e+00,3.037117744194804558e+01,2.787655654681572059e+02,0.000000000000000000e+00,3.329351098739424142e+00,5.890008259006062019e+01
7.700000000000000178e-01,2.000000000000000000e+00,3.309615900565145097e+01,2.683040335072064408e+02,0.000000000000000000e+00,3.894518572196863815e+00,5.463372791894872904e+01
7.800000000000000266e-01,2.000000000000000000e+00,3.574006825110411256e+01,2.618203523861905069e+02,0.000000000000000000e+00,4.468591954266719846e+00,5.925444458716845020e+01
7.900000000000000355e-01,2.000000000000000000e+00,3.826437661071328478e+01,2.462262780684040990e+02,0.000000000000000000e+00,5.035259979768491156e+00,5.491841311722287600e+01
8.000000000000000444e-01,2.000000000000000000e+00,4.069147777873573801e+01,2.403494736138743519e+02,0.000000000000000000e+00,5.611846546696275695e+00,5.950576586753039976e+01
8.100000000000000533e-01,2.000000000000000000e+00,4.300496573514209331e+01,2.253923143929328035e+02,0.000000000000000000e+00,6.180287673848859242e+00,5.506407808749798960e+01
8.200000000000000622e-01,2.000000000000000000e+00,4.522840659096992511e+01,2.202952448089097288e+02,0.000000000000000000e+00,6.731825462273929972e+00,5.522370110496947149e+01
8.300000000000000711e-01,3.000000000000000000e+00,4.702614503169295546e+01,1.589101881877223263e+02,0.000000000000000000e+00,7.010804543088511309e+00,1.379153789697231680e+01
8.400000000000000799e-01,3.000000000000000000e+00,4.888358201700263095e+01,2.032511264495203989e+02,0.000000000000000000e+00,7.432734075374169969e+00,6.145700995938108235e+01
8.499999999999999778e-01,3.000000000000000000e+00,5.059366954257208704e+01,1.496624678860025881e+02,0.000000000000000000e+00,7.800810421098710812e+00,1.998284299546221732e+01
8.599999999999999867e-01,3.000000000000000000e+00,5.233853674100269160e+01,1.906115460452344337e+02,0.000000000000000000e+00,8.287820127601664311e+00,6.808014468390565810e+01
8.699999999999999956e-01,3.000000000000000000e+00,5.392052475121027300e+01,1.368257600089291373e+02,0.000000000000000000e+00,8.705991450290634148e+00,2.393287134117393222e+01
8.800000000000000044e-01,3.000000000000000000e+00,5.551683557585806739e+01,1.740598854978717895e+02,0.000000000000000000e+00,9.246908407862211021e+00,7.615787121878679500e+01
8.900000000000000133e-01,3.000000000000000000e+00,5.702891507297807294e+01,1.489658481260242979e+02,0.000000000000000000e+00,9.808488627063640664e+00,5.927874748788170933e+01
9.000000000000000222e-01,3.000000000000000000e+00,5.847607657837460238e+01,1.418820512347467400e+02,0.000000000000000000e+00,1.040303397112458050e+01,5.960049025832467606e+01
9.100000000000000311e-01,3.000000000000000000e+00,5.981293317261698661e+01,1.282521568576558764e+02,0.000000000000000000e+00,1.098806485636448471e+01,5.777827227974465529e+01
9.200000000000000400e-01,3.000000000000000000e+00,6.105433356902062769e+01,1.214098860485305096e+02,0.000000000000000000e+00,1.157028032498083014e+01,5.856438751270973597e+01
9.300000000000000488e-01,3.000000000000000000e+00,6.218840417897679629e+01,1.080903449587228522e+02,0.000000000000000000e+00,1.214645629347274536e+01,5.697786176236810718e+01
9.400000000000000577e-01,3.000000000000000000e+00,6.322918074591812143e+01,1.014046376843086961e+02,0.000000000000000000e+00,1.272296206058989654e+01,5.813616803502264219e+01
9.500000000000000666e-01,3.000000000000000000e+00,6.416415940876717627e+01,8.823812150651166064e+01,0.000000000000000000e+00,1.329513552694555045e+01,5.658627439102329504e+01
9.600000000000000755e-01,3.000000000000000000e+00,6.500674275260979584e+01,8.160187407156051620e+01,0.000000000000000000e+00,1.386919287824295210e+01,5.798209132081765205e+01
9.699999999999999734e-01,3.000000000000000000e+00,6.574422590523896304e+01,6.852194449353987693e+01,0.000000000000000000e+00,1.443952113470552945e+01,5.637790909569938691e+01
9.799999999999999822e-01,3.000000000000000000e+00,6.638966310913872348e+01,6.188566000295817560e+01,0.000000000000000000e+00,1.501255630040004618e+01,5.794788704539161017e+01
9.899999999999999911e-01,3.000000000000000000e+00,6.693034995630597450e+01,4.886625315607038544e+01,0.000000000000000000e+00,1.558198617799238761e+01,5.624918664782632050e+01
1.000000000000000000e+00,3.000000000000000000e+00,6.737909952075420961e+01,4.220649220573564264e+01,0.000000000000000000e+00,1.615462491068241846e+01,5.796638432714200917e+01
1.010000000000000009e+00,3.000000000000000000e+00,6.772330666554675815e+01,2.923942114170645823e+01,0.000000000000000000e+00,1.672357413652151692e+01,5.615621605092137969e+01
1.020000000000000018e+00,3.000000000000000000e+00,6.797557739232060214e+01,2.254331994450834387e+01,0.000000000000000000e+00,1.729609371929643657e+01,5.800769154411818107e+01
1.030000000000000027e+00,3.000000000000000000e+00,6.812345539759319024e+01,9.627316265113073257e+00,0.000000000000000000e+00,1.786474786013406302e+01,5.607948022958860435e+01
1.040000000000000036e+00,3.000000000000000000e+00,6.817934457467930542e+01,2.886768192210606987e+00,0.000000000000000000e+00,1.843726818762003461e+01,5.805840773551540224e+01
1.050000000000000044e+00,3.000000000000000000e+00,6.813097007071523592e+01,-9.976318077785222727e+00,0.000000000000000000e+00,1.900571009054977267e+01,5.601053557929426319e+01
1.060000000000000053e+00,3.000000000000000000e+00,6.799052559826749587e+01,-1.676734647793336919e+01,0.000000000000000000e+00,1.957828445044606980e+01,5.811289373327541341e+01
1.070000000000000062e+00,3.000000000000000000e+00,6.774594129176709600e+01,-2.957441396279288526e+01,0.000000000000000000e+00,2.014655444710030707e+01,5.594590936169152684e+01
1.080000000000000071e+00,3.000000000000000000e+00,6.740918802013182187e+01,-3.642096079065732539e+01,0.000000000000000000e+00,2.071920806483973365e+01,5.816872255176735962e+01
1.090000000000000080e+00,3.000000000000000000e+00,6.696842048225758504e+01,-4.916840722576365863e+01,0.000000000000000000e+00,2.128732795968505798e+01,5.588407777187389769e+01
1.100000000000000089e+00,3.000000000000000000e+00,6.643537159026878669e+01,-5.607508225219493880e+01,0.000000000000000000e+00,2.186007290791362578e+01,5.822469373836800344e+01
1.110000000000000098e+00,3.000000000000000000e+00,6.579843843690234451e+01,-6.875912977237118184e+01,0.000000000000000000e+00,2.242805529432568434e+01,5.582429231660845659e+01
1.120000000000000107e+00,3.000000000000000000e+00,6.506910041551495283e+01,-7.573027673878360133e+01,0.000000000000000000e+00,2.300089676384035897e+01,5.828014944417303411e+01
1.130000000000000115e+00,3.000000000000000000e+00,6.423601400766612812e+01,-8.834708649995384633e+01,0.000000000000000000e+00,2.356874950660362344e+01,5.576619634948962556e+01
1.140000000000000124e+00,3.000000000000000000e+00,6.331038946717567484e+01,-9.538685738994362850e+01,0.000000000000000000e+00,2.414168905671083110e+01,5.833471744337786902e+01
1.150000000000000133e+00,3.000000000000000000e+00,6.228115902986435515e+01,-1.079325953469961803e+02,0.000000000000000000e+00,2.470941765523273759e+01,5.570963959263749388e+01
1.160000000000000142e+00,3.000000000000000000e+00,6.115924831383993876e+01,-1.150449913344192794e+02,0.000000000000000000e+00,2.528245492917514525e+01,5.838817623718240668e+01
1.169999999999999929e+00,3.000000000000000000e+00,5.993388114962095159e+01,-1.275158680002694354e+02,0.000000000000000000e+00,2.585006374362431458e+01,5.565457723242545995e+01
1.179999999999999938e+00,3.000000000000000000e+00,5.861568326345891933e+01,-1.347047608132492655e+02,0.000000000000000000e+00,2.642319734115216434e+01,5.844038086308774638e+01
1.189999999999999947e+00,3.000000000000000000e+00,5.719418545001710186e+01,-1.470970556767273081e+02,0.000000000000000000e+00,2.699069019761042298e+01,5.560101521357223930e+01
1.199999999999999956e+00,3.000000000000000000e+00,5.567969860250669001e+01,-1.543661975802079951e+02,0.000000000000000000e+00,2.756391809836507178e+01,5.849122391904401042e+01
1.209999999999999964e+00,3.000000000000000000e+00,5.406207540155477886e+01,-1.666762746421115082e+02,0.000000000000000000e+00,2.813129857398617872e+01,5.554898246843421816e+01
1.219999999999999973e+00,3.000000000000000000e+00,5.235129733077697267e+01,-1.740293020918020375e+02,0.000000000000000000e+00,2.870461833884526115e+01,5.854061669977540561e+01
1.229999999999999982e+00,3.000000000000000000e+00,5.053755343595718585e+01,-1.862536204482809694e+02,0.000000000000000000e+00,2.927188989558747778e+01,5.549851798963815241e+01
1.239999999999999991e+00,3.000000000000000000e+00,4.863048161374661049e+01,-1.936940544017722630e+02,0.000000000000000000e+00,2.984529876787302527e+01,5.858848090144002185e+01
1.250000000000000000e+00,3.000000000000000000e+00,4.662062130652122960e+01,-2.058291761133419868e+02,0.000000000000000000e+00,3.041246482071805346e+01,5.544966529067373529e+01
1.260000000000000009e+00,3.000000000000000000e+00,4.451725307181553148e+01,-2.133604206370909253e+02,0.000000000000000000e+00,3.098595978579069410e+01,5.863474525750170585e+01
1.270000000000000018e+00,3.000000000000000000e+00,4.231128032211026380e+01,-2.254030170671660187e+02,0.000000000000000000e+00,3.155302374404290688e+01,5.540247008833727449e+01
1.280000000000000027e+00,3.000000000000000000e+00,4.001161297025008423e+01,-2.330283570813581377e+02,0.000000000000000000e+00,3.212660157165879582e+01,5.867934415340448595e+01
1.290000000000000036e+00,3.000000000000000000e+00,3.760953150204518636e+01,-2.449752142982895577e+02,0.000000000000000000e+00,3.269356686813085844e+01,5.535697917829057957e+01
1.300000000000000044e+00,3.000000000000000000e+00,3.511356234537250032e+01,-2.526978128802337835e+02,0.000000000000000000e+00,3.326722414607829137e+01,5.872221689965850544e+01
1.310000000000000053e+00,3.000000000000000000e+00,3.251537567915605820e+01,-2.645458364204052941e+02,0.000000000000000000e+00,3.383409425888706323e+01,5.531323968060151941e+01
1.320000000000000062e+00,3.000000000000000000e+00,2.982310208834954679e+01,-2.723687318852550447e+02,0.000000000000000000e+00,3.440782742040774167e+01,5.876330719119666668e+01
1.330000000000000071e+00,4.000000000000000000e+00,2.719695395575888952e+01,-2.713896481651407839e+02,0.000000000000000000e+00,3.496640999181936138e+01,5.486226800031286643e+01
1.340000000000000080e+00,4.000000000000000000e+00,2.441549148719884954e+01,-2.827425455333161040e+02,0.000000000000000000e+00,3.553972620870843002e+01,5.897029312716453120e+01
1.350000000000000089e+00,4.000000000000000000e+00,2.150267581488269997e+01,-2.972639735974597102e+02,0.000000000000000000e+00,3.609689008872620519e+01,5.510866899358969562e+01
1.360000000000000098e+00,4.000000000000000000e+00,1.852284598994452480e+01,-2.920999630056203955e+02,1.000000000000000000e+00,3.666785942454195180e+01,5.786852275845183158e+01
1.370000000000000107e+00,5.000000000000000000e+00,1.594351109174895953e+01,-2.132705580015598628e+02,1.000000000000000000e+00,3.708286901394938440e+01,2.797523659036491495e+01
1.380000000000000115e+00,5.000000000000000000e+00,1.446394641003060855e+01,-9.062077612170698160e+01,1.000000000000000000e+00,3.751967577742254889e+01,3.953208152810783815e+01
1.390000000000000124e+00,5.000000000000000000e+00,1.451856273757109150e+01,6.037086859186788956e+01,1.000000000000000000e+00,3.753536753847292573e+01,-1.748074023341095184e+01
1.400000000000000133e+00,5.000000000000000000e+00,1.568148621321214264e+01,1.374061368554598914e+02,1.000000000000000000e+00,3.751752148190697511e+01,6.008710238319206809e+00
1.410000000000000142e+00,5.000000000000000000e+00,1.704325273620434800e+01,1.359980728934735339e+02,1.000000000000000000e+00,3.741359021440703714e+01,-1.595375484401776944e+01
1.419999999999999929e+00,5.000000000000000000e+00,1.831304540310571483e+01,1.208069366788753598e+02,0.000000000000000000e+00,3.734568891974178229e+01,-6.126685374053086885e-01
1.429999999999999938e+00,5.000000000000000000e+00,1.950501023674019407e+01,1.180077709958905672e+02,0.000000000000000000e+00,3.724335637567540402e+01,-1.667125535681957516e+01
1.439999999999999947e+00,5.000000000000000000e+00,2.059178714598423099e+01,1.025886785816658460e+02,0.000000000000000000e+00,3.715464532212469351e+01,-4.652791380069115412e+00
1.449999999999999956e+00,5.000000000000000000e+00,2.159629107490863476e+01,9.766337790112979178e+01,0.000000000000000000e+00,3.704502357304266980e+01,-1.286429463273567286e+01
1.459999999999999964e+00,5.000000000000000000e+00,2.249688273990694753e+01,8.509439120460361039e+01,0.000000000000000000e+00,3.694900223859481514e+01,-7.572688630687326672e+00
1.469999999999999973e+00,5.000000000000000000e+00,2.330565147829293693e+01,7.674709311544393131e+01,0.000000000000000000e+00,3.684166723295926715e+01,-1.022762671581681637e+01
1.479999999999999982e+00,5.000000000000000000e+00,2.401514374814257380e+01,6.702542794005435667e+01,0.000000000000000000e+00,3.673830176644150924e+01,-1.034361873995136705e+01
1.489999999999999991e+00,5.000000000000000000e+00,2.462660522126505924e+01,5.723461785068034402e+01,0.000000000000000000e+00,3.663497067998192591e+01,-1.032563072792899384e+01
1.500000000000000000e+00,5.000000000000000000e+00,2.514037530328994663e+01,4.747239302399265171e+01,0.000000000000000000e+00,3.653164369214573526e+01,-1.034089226696056940e+01
1.510000000000000009e+00,5.000000000000000000e+00,2.555646962970017810e+01,3.769720382131931302e+01,0.000000000000000000e+00,3.642812508586057874e+01,-1.035757587712414995e+01
1.520000000000000018e+00,5.000000000000000000e+00,2.587468605381508979e+01,2.790322920738514512e+01,0.000000000000000000e+00,3.632450451008351422e+01,-1.036392813992581630e+01
1.530000000000000027e+00,5.000000000000000000e+00,2.609489493267760452e+01,1.809778693205785416e+01,0.000000000000000000e+00,3.622085477223773609e+01,-1.036525668246722276e+01
1.540000000000000036e+00,5.000000000000000000e+00,2.621699926999962926e+01,8.285289261805548477e+00,0.000000000000000000e+00,3.611721086011498016e+01,-1.036356153017482917e+01
1.550000000000000044e+00,5.000000000000000000e+00,2.624097431312643636e+01,-1.527701995087914266e+00,0.000000000000000000e+00,3.601358792687989308e+01,-1.036156014959472493e+01
1.560000000000000053e+00,5.000000000000000000e+00,2.616682104513654039e+01,-1.134029343382132105e+01,0.000000000000000000e+00,3.590998117434548931e+01,-1.036014544479942323e+01
1.570000000000000062e+00,5.000000000000000000e+00,2.599454799038305453e+01,-2.115183118670346119e+01,0.000000000000000000e+00,3.580638533387696043e+01,-1.035930129299020308e+01
1.580000000000000071e+00,5.000000000000000000e+00,2.572416595777033521e+01,-3.096232830500500910e+01,0.000000000000000000e+00,3.570279399145186972e+01,-1.035909814155148290e+01
1.590000000000000080e+00,5.000000000000000000e+00,2.535568364822380261e+01,-4.077209570668496497e+01,0.000000000000000000e+00,3.559920181582894116e+01,-1.035933969180253200e+01
1.600000000000000089e+00,5.000000000000000000e+00,2.488910597114674061e+01,-5.058152838678691410e+01,0.000000000000000000e+00,3.549560585167544957e+01,-1.035977875446183027e+01
1.610000000000000098e+00,5.000000000000000000e+00,2.432443430844239529e+01,-6.039093616258563202e+01,0.000000000000000000e+00,3.539200536829611821e+01,-1.036021885825486955e+01
1.620000000000000107e+00,5.000000000000000000e+00,2.366166780122737023e+01,-7.020048423160278617e+01,0.000000000000000000e+00,3.528840106207808702e+01,-1.036055470688338431e+01
1.630000000000000115e+00,5.000000000000000000e+00,2.290080473506860415e+01,-8.001021061092458808e+01,0.000000000000000000e+00,3.518479416460348830e+01,-1.036076403393980883e+01
1.640000000000000124e+00,5.000000000000000000e+00,2.204184351842411971e+01,-8.982007683737636228e+01,0.000000000000000000e+00,3.508118579238620782e+01,-1.036087611669951514e+01
1.650000000000000133e+00,5.000000000000000000e+00,2.108478313495865564e+01,-9.963001852026096117e+01,0.000000000000000000e+00,3.497757663687286822e+01,-1.036093830624863088e+01
1.660000000000000142e+00,5.000000000000000000e+00,2.002962318358969185e+01,-1.094399792064657930e+02,0.000000000000000000e+00,3.487396693570337902e+01,-1.036099238538091960e+01
1.670000000000000151e+00,5.000000000000000000e+00,1.887636369817423798e+01,-1.192499248325129599e+02,0.000000000000000000e+00,3.477035660308946063e+01,-1.036106375132610147e+01
1.679999999999999938e+00,5.000000000000000000e+00,1.762500491496297883e+01,-1.290598437149872382e+02,0.000000000000000000e+00,3.466674540324760301e+01,-1.036116089969841703e+01
1.689999999999999947e+00,5.000000000000000000e+00,1.630407657050311698e+01,-1.309311834672768953e+02,1.000000000000000000e+00,3.455708434462591327e+01,-1.187483455424554535e+01
1.699999999999999956e+00,5.000000000000000000e+00,1.529418216303440659e+01,-7.506245717692928565e+01,1.000000000000000000e+00,3.444882773802705600e+01,-1.013711924136638665e+01
1.709999999999999964e+00,5.000000000000000000e+00,1.496125167021177305e+01,-7.939162457154857577e+00,1.000000000000000000e+00,3.434478935457223514e+01,-1.064237410516008886e+01
1.719999999999999973e+00,5.000000000000000000e+00,1.513991119009441277e+01,3.080029919415977346e+01,1.000000000000000000e+00,3.423917612746947015e+01,-1.023417059436090248e+01
1.729999999999999982e+00,5.000000000000000000e+00,1.553746213110050434e+01,4.323178278602690483e+01,1.000000000000000000e+00,3.414845534190415322e+01,-8.347638823422412813e+00
1.739999999999999991e+00,5.000000000000000000e+00,1.595894823830496456e+01,3.957653401855641562e+01,1.000000000000000000e+00,3.407132833531488103e+01,-7.458492005974763472e+00
1.750000000000000000e+00,5.000000000000000000e+00,1.629545877004609622e+01,2.968812370260044275e+01,1.000000000000000000e+00,3.399678479617170979e+01,-7.449901301243919249e+00
1.760000000000000009e+00,5.000000000000000000e+00,1.653323301444241622e+01,1.986364756231648698e+01,1.000000000000000000e+00,3.392222629864274097e+01,-7.453112834033243317e+00
1.770000000000000018e+00,5.000000000000000000e+00,1.667557375224476957e+01,1.058753265535006705e+01,1.000000000000000000e+00,3.384833389794017933e+01,-7.342040987252501871e+00
1.780000000000000027e+00,5.000000000000000000e+00,1.673122109858233841e+01,2.413912800735901421e+00,1.000000000000000000e+00,3.377550113133622744e+01,-7.242414800717013712e+00
1.790000000000000036e+00,5.000000000000000000e+00,1.671796241174573083e+01,-3.300640161210765200e+00,1.000000000000000000e+00,3.370411038836122231e+01,-7.040810202658456696e+00
1.800000000000000044e+00,5.000000000000000000e+00,1.667778899563867157e+01,-3.748936757837832534e+00,1.000000000000000000e+00,3.363664623363479222e+01,-6.496683170860744205e+00
1.810000000000000053e+00,5.000000000000000000e+00,1.665339656771867993e+01,-1.622956331743181657e+00,1.000000000000000000e+00,3.357629864511605433e+01,-5.720149921800764758e+00
1.820000000000000062e+00,5.000000000000000000e+00,1.664338843788465283e+01,-8.356279152587624548e-01,1.000000000000000000e+00,3.352364583436420986e+01,-4.973722326411301964e+00
1.830000000000000071e+00,5.000000000000000000e+00,1.662809051670745575e+01,-2.355448692714549264e+00,1.000000000000000000e+00,3.347771788635647283e+01,-4.363127068272079967e+00
1.840000000000000080e+00,5.000000000000000000e+00,1.658323311349579043e+01,-6.092420038701162888e+00,1.000000000000000000e+00,3.343683887418062284e+01,-3.922407653409309969e+00
1.850000000000000089e+00,5.000000000000000000e+00,1.650631999663981730e+01,-8.472022864330449821e+00,1.000000000000000000e+00,3.340068709394510904e+01,-3.388853268924078677e+00
1.860000000000000098e+00,5.000000000000000000e+00,1.642616347150272205e+01,-6.935177810673323506e+00,1.000000000000000000e+00,3.337157465605572071e+01,-2.532179835024129133e+00
1.870000000000000107e+00,5.000000000000000000e+00,1.639360415852182840e+01,-3.447842572414036022e-01,1.000000000000000000e+00,3.335399690062838118e+01,-1.176623324660474701e+00
1.880000000000000115e+00,5.000000000000000000e+00,1.642750700507922090e+01,5.258196382333691687e+00,1.000000000000000000e+00,3.335101005441721611e+01,2.452130313696031239e-01
1.890000000000000124e+00,5.000000000000000000e+00,1.648819183204126659e+01,6.005622646631441519e+00,1.000000000000000000e+00,3.335994359949119570e+01,1.260039140798443924e+00
1.900000000000000133e+00,5.000000000000000000e+00,1.653234002873854180e+01,2.986103111549530897e+00,1.000000000000000000e+00,3.337606350727090643e+01,1.798567386526623180e+00
1.910000000000000142e+00,5.000000000000000000e+00,1.653613357228007175e+01,-1.316959127831358378e+00,1.000000000000000000e+00,3.339577594821626860e+01,2.060178635188512963e+00
1.920000000000000151e+00,5.000000000000000000e+00,1.650483080701301475e+01,-3.945984093058971798e+00,1.000000000000000000e+00,3.341720489957064899e+01,2.183359799623814101e+00
1.929999999999999938e+00,5.000000000000000000e+00,1.646925890916226720e+01,-2.716593225094158459e+00,1.000000000000000000e+00,3.343906975377424828e+01,2.164979839811912221e+00
1.939999999999999947e+00,5.000000000000000000e+00,1.646644867592925010e+01,1.474911947549687907e+00,1.000000000000000000e+00,3.345971052831757930e+01,1.982340459267658783e+00
1.949999999999999956e+00,5.000000000000000000e+00,1.650066518536277727e+01,4.297503059777984191e+00,1.000000000000000000e+00,3.347820053641084570e+01,1.771016272801588798e+00
1.959999999999999964e+00,5.000000000000000000e+00,1.654210580267628927e+01,3.581344153074677461e+00,1.000000000000000000e+00,3.349538883824293123e+01,1.705086574665694243e+00
1.969999999999999973e+00,5.000000000000000000e+00,1.656058495983614520e+01,5.464298206006665826e-01,1.000000000000000000e+00,3.351269711671204732e+01,1.759004857461521354e+00
1.979999999999999982e+00,5.000000000000000000e+00,1.654709094039078110e+01,-2.449198365396409560e+00,1.000000000000000000e+00,3.353094858346759821e+01,1.875584007685978216e+00
1.989999999999999991e+00,5.000000000000000000e+00,1.651543858209860716e+01,-3.213456088667893340e+00,1.000000000000000000e+00,3.355061578080411522e+01,2.032719925298977159e+00
2.000000000000000000e+00,5.000000000000000000e+00,1.649442715316297381e+01,-1.067308255506199677e+00,1.000000000000000000e+00,3.357186162186583545e+01,2.176348818204174584e+00
2.009999999999999787e+00,5.000000000000000000e+00,1.650205086454414527e+01,1.887968373598732041e+00,1.000000000000000000e+00,3.359394120475398893e+01,2.212102620403881392e+00
2.020000000000000018e+00,5.000000000000000000e+00,1.652946645732678732e+01,2.947319270176138151e+00,1.000000000000000000e+00,3.361572036474809977e+01,2.145555587870965564e+00
2.029999999999999805e+00,5.000000000000000000e+00,1.655185667170547958e+01,1.509530894477854934e+00,1.000000000000000000e+00,3.363653538688430444e+01,2.036373144074453467e+00
2.040000000000000036e+00,5.000000000000000000e+00,1.655219939988416300e+01,-9.640019789582069398e-01,1.000000000000000000e+00,3.365617954806728562e+01,1.915923394529002843e+00
2.049999999999999822e+00,5.000000000000000000e+00,1.653121006657205427e+01,-2.635874704694665116e+00,1.000000000000000000e+00,3.367458535878664350e+01,1.789209053051594056e+00
2.059999999999999609e+00,5.000000000000000000e+00,1.650564668110581934e+01,-2.190808713538969776e+00,1.000000000000000000e+00,3.369168578122713598e+01,1.657560042960971147e+00
2.069999999999999840e+00,5.000000000000000000e+00,1.649577805778149653e+01,-7.693223549384642368e-02,1.000000000000000000e+00,3.370753498334823206e+01,1.539366441841162336e+00
2.079999999999999627e+00,5.000000000000000000e+00,1.650626967265934653e+01,1.591148246058795124e+00,1.000000000000000000e+00,3.372235362063221942e+01,1.447316245431366166e+00
2.089999999999999858e+00,5.000000000000000000e+00,1.652205325924218471e+01,1.294601250682472893e+00,1.000000000000000000e+00,3.373639898050806352e+01,1.377904015703976359e+00
2.099999999999999645e+00,5.000000000000000000e+00,1.652502935426584330e+01,-4.777825111409509384e-01,1.000000000000000000e+00,3.374977025234859696e+01,1.308822887764832466e+00
2.109999999999999876e+00,5.000000000000000000e+00,1.650952407244011155e+01,-2.090690188408022898e+00,1.000000000000000000e+00,3.376236517230583445e+01,1.225658795772820664e+00
2.119999999999999662e+00,5.000000000000000000e+00,1.648637506843471812e+01,-2.244225096856302670e+00,1.000000000000000000e+00,3.377410663435843929e+01,1.138967975021341950e+00
2.129999999999999893e+00,5.000000000000000000e+00,1.647065084055503092e+01,-9.937061576999757229e-01,1.000000000000000000e+00,3.378494423732970375e+01,1.046901863353242312e+00
2.139999999999999680e+00,5.000000000000000000e+00,1.647026880078110267e+01,5.355602842486121284e-01,1.000000000000000000e+00,3.379490262902720588e+01,9.651975645287004246e-01
2.149999999999999911e+00,5.000000000000000000e+00,1.648002427430741079e+01,1.093586658150299318e+00,1.000000000000000000e+00,3.380427319653985307e+01,9.255580129699014780e-01
2.159999999999999698e+00,5.000000000000000000e+00,1.648796733316072860e+01,4.806961418263459018e-01,1.000000000000000000e+00,3.381359159461805319e+01,9.438660337185406091e-01
2.169999999999999929e+00,5.000000000000000000e+00,1.648671504520791231e+01,-5.291619846151055517e-01,1.000000000000000000e+00,3.382344351175798636e+01,1.020064487786787932e+00
2.179999999999999716e+00,5.000000000000000000e+00,1.647718288549936005e+01,-1.134278234114016959e+00,1.000000000000000000e+00,3.383436922642443534e+01,1.147426344250336960e+00
2.189999999999999947e+00,5.000000000000000000e+00,1.646676718718443411e+01,-8.650781478178628525e-01,1.000000000000000000e+00,3.384684469397849682e+01,1.319026014971838467e+00
2.199999999999999734e+00,5.000000000000000000e+00,1.646290160073045783e+01,-3.279693548528189728e-02,1.000000000000000000e+00,3.386120220489333121e+01,1.515747068825603394e+00
2.209999999999999964e+00,5.000000000000000000e+00,1.646718646946643361e+01,6.654100397944905376e-01,1.000000000000000000e+00,3.387753836304381139e+01,1.709528946367310676e+00
2.219999999999999751e+00,5.000000000000000000e+00,1.647433943646442245e+01,6.406809775123246675e-01,1.000000000000000000e+00,3.389565332634966666e+01,1.875144145331310686e+00
2.229999999999999982e+00,5.000000000000000000e+00,1.647731275305823573e+01,2.395492976340379832e-02,1.000000000000000000e+00,3.391524801091502894e+01,2.012940583250728110e+00
2.239999999999999769e+00,5.000000000000000000e+00,1.647322174136614237e+01,-6.719522838604269355e-01,1.000000000000000000e+00,3.393614453736991265e+01,2.140669833183704629e+00
2.250000000000000000e+00,5.000000000000000000e+00,1.646434689434415333e+01,-9.530396483866927504e-01,1.000000000000000000e+00,3.395833464594444706e+01,2.272232081369417678e+00
2.259999999999999787e+00,5.000000000000000000e+00,1.645611746924526386e+01,-6.770951455297534727e-01,1.000000000000000000e+00,3.398188041008961591e+01,2.410039885852976127e+00
2.270000000000000018e+00,5.000000000000000000e+00,1.645247462779125414e+01,-1.494548404418064302e-01,1.000000000000000000e+00,3.400681523323653721e+01,2.548460060686559725e+00
2.279999999999999805e+00,5.000000000000000000e+00,1.645326500176490114e+01,1.750417901877886484e-01,1.000000000000000000e+00,3.403306455877771697e+01,2.673149750507877620e+00
2.290000000000000036e+00,5.000000000000000000e+00,1.645448726845001630e+01,2.841370524169056083e-02,1.000000000000000000e+00,3.406042311495956199e+01,2.774294549748697936e+00
2.299999999999999822e+00,5.000000000000000000e+00,1.645231896578526687e+01,-3.946577760431144166e-01,1.000000000000000000e+00,3.408866391661972983e+01,2.855338068714490252e+00
2.310000000000000053e+00,5.000000000000000000e+00,1.644601203042421744e+01,-7.564973470897288221e-01,1.000000000000000000e+00,3.411764650027957657e+01,2.925867902933739995e+00
2.319999999999999840e+00,5.000000000000000000e+00,1.643800101730250418e+01,-7.780743880258740308e-01,1.000000000000000000e+00,3.414729223287288562e+01,2.989402008972414482e+00
2.329999999999999627e+00,5.000000000000000000e+00,1.643181101857754811e+01,-4.846499279687392914e-01,1.000000000000000000e+00,3.417752445596954658e+01,3.044400982252343013e+00
2.339999999999999858e+00,5.000000000000000000e+00,1.642924702964425165e+01,-1.101298768136926148e-01,1.000000000000000000e+00,3.420822923708405483e+01,3.086219158657769857e+00
2.349999999999999645e+00,5.000000000000000000e+00,1.642957087223750179e+01,8.997857563986440266e-02,1.000000000000000000e+00,3.423929917503113529e+01,3.120261067834789515e+00
2.359999999999999876e+00,5.000000000000000000e+00,1.643016453882975370e+01,5.117813265788959121e-03,1.000000000000000000e+00,3.427068641123066328e+01,3.150679241817154974e+00
2.369999999999999662e+00,5.000000000000000000e+00,1.642878355290071468e+01,-2.405830808480363125e-01,1.000000000000000000e+00,3.430236531040359438e+01,3.179221216651977766e+00
2.379999999999999893e+00,5.000000000000000000e+00,1.642512784153079153e+01,-4.263555432743036389e-01,1.000000000000000000e+00,3.433432667480180100e+01,3.207525842226330415e+00
2.389999999999999680e+00,5.000000000000000000e+00,1.642089804812036391e+01,-3.881297690529582067e-01,1.000000000000000000e+00,3.436657695189376227e+01,3.236863913437046936e+00
2.399999999999999911e+00,5.000000000000000000e+00,1.641832064883041298e+01,-1.541674173759871869e-01,1.000000000000000000e+00,3.439912717491561267e+01,3.267191935254412538e+00
2.409999999999999698e+00,5.000000000000000000e+00,1.641837261791022939e+01,1.003239728128893921e-01,1.000000000000000000e+00,3.443197993568605852e+01,3.297186440924759765e+00
2.419999999999999929e+00,5.000000000000000000e+00,1.642011195362110954e+01,1.944570667362023886e-01,1.000000000000000000e+00,3.446512034211114184e+01,3.324848369075734222e+00
2.429999999999999716e+00,5.000000000000000000e+00,1.642155008699247176e+01,8.788680653397901166e-02,1.000000000000000000e+00,3.449851761408412187e+01,3.349205125341499834e+00
2.439999999999999947e+00,5.000000000000000000e+00,1.642125794217521673e+01,-1.079980700181022713e-01,1.000000000000000000e+00,3.453214040112997196e+01,3.370688541449903042e+00
2.449999999999999734e+00,5.000000000000000000e+00,1.641932686173076306e+01,-2.311335596827001349e-01,1.000000000000000000e+00,3.456596793267212320e+01,3.390720630869723085e+00
2.459999999999999964e+00,5.000000000000000000e+00,1.641712272299924180e+01,-1.910288093797321285e-01,1.000000000000000000e+00,3.459999617675155292e+01,3.411036792037243970e+00
2.469999999999999751e+00,5.000000000000000000e+00,1.641612965958407955e+01,-2.991295201729458203e-02,1.000000000000000000e+00,3.463423644790967870e+01,3.432956944083950024e+00
2.479999999999999982e+00,5.000000000000000000e+00,1.641678873415464324e+01,1.186095192361930062e-01,1.000000000000000000e+00,3.466870870140600402e+01,3.457032298698643924e+00
2.489999999999999769e+00,5.000000000000000000e+00,1.641823246185517959e+01,1.412637397272235029e-01,1.000000000000000000e+00,3.470343476594134557e+01,3.483273627233982594e+00
2.500000000000000000e+00,5.000000000000000000e+00,1.641906295741472022e+01,3.099183396035902829e-02,1.000000000000000000e+00,3.473843647286651048e+01,3.511761358792021781e+00
2.509999999999999787e+00,5.000000000000000000e+00,1.641845031151460432e+01,-1.200334317477479568e-01,1.000000000000000000e+00,3.477373968657028058e+01,3.543156230369571613e+00
2.520000000000000018e+00,5.000000000000000000e+00,1.641668148198705168e+01,-1.997644616119329808e-01,1.000000000000000000e+00,3.480938086529498321e+01,3.578757432688220330e+00
2.529999999999999805e+00,5.000000000000000000e+00,1.641483007616756495e+01,-1.605364033934476298e-01,1.000000000000000000e+00,3.484541144917020716e+01,3.620127120307158108e+00
2.540000000000000036e+00,5.000000000000000000e+00,1.641387031111636219e+01,-4.970295637124760857e-02,1.000000000000000000e+00,3.488189734631678363e+01,3.668573393367815516e+00
2.549999999999999822e+00,5.000000000000000000e+00,1.641393287471280260e+01,3.357359922982767336e-02,1.000000000000000000e+00,3.491891445403415872e+01,3.724885700402211341e+00
2.560000000000000053e+00,5.000000000000000000e+00,1.641427008553319311e+01,1.938706773682220830e-02,1.000000000000000000e+00,3.495654453283373186e+01,3.789580452503241048e+00
2.569999999999999840e+00,5.000000000000000000e+00,1.641389949695558315e+01,-8.240068621867958909e-02,1.000000000000000000e+00,3.499487585750847529e+01,3.863476333783766314e+00
2.579999999999999627e+00,5.000000000000000000e+00,1.641235475749438777e+01,-1.986458545057454561e-01,1.000000000000000000e+00,3.503400887282791842e+01,3.948072321350970526e+00
2.589999999999999858e+00,5.000000000000000000e+00,1.640996769688707246e+01,-2.541500333279136381e-01,1.000000000000000000e+00,3.507406236660926879e+01,4.045362584377429016e+00
2.599999999999999645e+00,5.000000000000000000e+00,1.640752837755526272e+01,-2.278493071731578501e-01,1.000000000000000000e+00,3.511517477035465618e+01,4.157193110021699667e+00
2.609999999999999876e+00,5.000000000000000000e+00,1.640562939974197931e+01,-1.644984748266115904e-01,1.000000000000000000e+00,3.515749876305834931e+01,4.284655963704213200e+00
2.619999999999999662e+00,5.000000000000000000e+00,1.640421054874282802e+01,-1.354492391109874683e-01,1.000000000000000000e+00,3.520119307212712556e+01,4.428084757404625371e+00
2.629999999999999893e+00,5.000000000000000000e+00,1.640263992231000856e+01,-1.818031596146899298e-01,1.000000000000000000e+00,3.524641876342960245e+01,4.587773823394984518e+00
2.639999999999999680e+00,5.000000000000000000e+00,1.640022007798553005e+01,-2.866254334817596172e-01,1.000000000000000000e+00,3.529334432867735671e+01,4.764856394316976385e+00
2.649999999999999911e+00,5.000000000000000000e+00,1.639668577036000130e+01,-3.943825369323223917e-01,1.000000000000000000e+00,3.534215638064856790e+01,4.961571367181568881e+00
2.659999999999999698e+00,5.000000000000000000e+00,1.639232158769161174e+01,-4.567728258023098786e-01,1.000000000000000000e+00,3.539306764536161864e+01,5.180648590711873780e+00
2.669999999999999929e+00,5.000000000000000000e+00,1.638765285157938223e+01,-4.686662677585483050e-01,1.000000000000000000e+00,3.544631554986285948e+01,5.424247908212049829e+00
2.679999999999999716e+00,5.000000000000000000e+00,1.638385657260396755e+01,-2.909352141433108607e-01,1.000000000000000000e+00,3.550214311431113856e+01,5.687658994399370727e+00
2.689999999999999947e+00,5.000000000000000000e+00,1.638211974557698269e+01,-1.059749726592336683e-01,1.000000000000000000e+00,3.556048199301193335e+01,5.927272543656593840e+00
2.699999999999999734e+00,5.000000000000000000e+00,1.638168239178903463e+01,-1.495721418394508478e-02,1.000000000000000000e+00,3.562101065915784659e+01,6.131090412825638047e+00
2.709999999999999964e+00,5.000000000000000000e+00,1.638172900138287957e+01,1.570382728132023800e-02,1.000000000000000000e+00,3.568330164942357641e+01,6.287168225891762496e+00
2.719999999999999751e+00,5.000000000000000000e+00,1.638224738713540773e+01,8.907828858878059919e-02,1.000000000000000000e+00,3.574679134445138118e+01,6.380700511646601569e+00
2.729999999999999982e+00,5.000000000000000000e+00,1.638418130419923457e+01,2.800051468651015840e-01,1.000000000000000000e+00,3.581075939032914590e+01,6.396131230208220941e+00
2.739999999999999769e+00,5.000000000000000000e+00,1.638857872054006037e+01,5.432759202308984348e-01,1.000000000000000000e+00,3.587435819389491343e+01,6.324749667640306328e+00
2.750000000000000000e+00,5.000000000000000000e+00,1.639492583438239137e+01,6.625150494802023449e-01,1.000000000000000000e+00,3.593681196713641413e+01,6.185581879467703104e+00
2.759999999999999787e+00,5.000000000000000000e+00,1.640084759699266570e+01,5.109416602303443744e-01,1.000000000000000000e+00,3.599763582822224350e+01,6.010727033498206140e+00
2.770000000000000018e+00,5.000000000000000000e+00,1.640416142858898851e+01,2.066630212130745881e-01,1.000000000000000000e+00,3.605661158686682910e+01,5.820723780549057480e+00
2.779999999999999805e+00,5.000000000000000000e+00,1.640470111383636365e+01,-2.472061485650989959e-02,1.000000000000000000e+00,3.611362955864764501e+01,5.621261014988716553e+00
2.790000000000000036e+00,5.000000000000000000e+00,1.640420882778880340e+01,-3.317742018474576643e-02,1.000000000000000000e+00,3.616858580305019899e+01,5.409985731866983727e+00
2.799999999999999822e+00,5.000000000000000000e+00,1.640486461688583120e+01,1.470634023865249052e-01,1.000000000000000000e+00,3.622134053839800316e+01,5.183670821399291029e+00
2.810000000000000053e+00,5.000000000000000000e+00,1.640759427223624911e+01,3.465868957108560466e-01,1.000000000000000000e+00,3.627173608428916651e+01,4.941457144788455658e+00
2.819999999999999840e+00,5.000000000000000000e+00,1.641148013742948208e+01,3.874906194501988033e-01,1.000000000000000000e+00,3.631961788022364601e+01,4.683879818403790196e+00
2.829999999999999627e+00,5.000000000000000000e+00,1.641450776265095257e+01,2.239916881842631269e-01,1.000000000000000000e+00,3.636482925085518758e+01,4.410701756935579532e+00
2.839999999999999858e+00,5.000000000000000000e+00,1.641521855673319763e+01,-3.250734333495060996e-02,1.000000000000000000e+00,3.640722025853645505e+01,4.122608144653745477e+00
2.849999999999999645e+00,5.000000000000000000e+00,1.641363300382827717e+01,-2.250640256295771136e-01,1.000000000000000000e+00,3.644663047878798778e+01,3.817529451426357578e+00
2.859999999999999876e+00,5.000000000000000000e+00,1.641105808800988441e+01,-2.560479806536636316e-01,1.000000000000000000e+00,3.648287707331548546e+01,3.493560950894410766e+00
2.869999999999999662e+00,5.000000000000000000e+00,1.640907701066914726e+01,-1.469245311242335927e-01,1.000000000000000000e+00,3.651577794667954890e+01,3.152487062447267174e+00
2.879999999999999893e+00,5.000000000000000000e+00,1.640846454687037337e+01,-9.003672762002460153e-03,1.000000000000000000e+00,3.654519758397992035e+01,2.800770224526956564e+00
2.889999999999999680e+00,5.000000000000000000e+00,1.640879537496710228e+01,4.529827125165321322e-02,1.000000000000000000e+00,3.657108132097680198e+01,2.447045138720004953e+00
2.899999999999999911e+00,5.000000000000000000e+00,1.640895724718453152e+01,-1.661323570385633483e-02,1.000000000000000000e+00,3.659345183554304271e+01,2.097928691707507731e+00
2.909999999999999698e+00,5.000000000000000000e+00,1.640808008084940539e+01,-1.365453015294883499e-01,1.000000000000000000e+00,3.661237174651996895e+01,1.755554731969979576e+00
2.919999999999999929e+00,5.000000000000000000e+00,1.640614726514298027e+01,-2.208924296801939025e-01,1.000000000000000000e+00,3.662790115325079654e+01,1.418385932312788311e+00
2.929999999999999716e+00,5.000000000000000000e+00,1.640391510103023265e+01,-2.113358907097536432e-01,1.000000000000000000e+00,3.664007806798457523e+01,1.084218381855484914e+00
2.939999999999999947e+00,5.000000000000000000e+00,1.640229828818115365e+01,-1.217055097798446228e-01,1.000000000000000000e+00,3.664893016795657843e+01,7.530837069853429933e-01
2.949999999999999734e+00,5.000000000000000000e+00,1.640171169126510620e+01,-2.033916720912949325e-02,1.000000000000000000e+00,3.665450440701390278e+01,4.281097306042739303e-01
2.959999999999999964e+00,5.000000000000000000e+00,1.640184316586844204e+01,2.529476085808023481e-02,1.000000000000000000e+00,3.665689005024218261e+01,1.139333015422587664e-01
2.969999999999999751e+00,5.000000000000000000e+00,1.640197768661786526e+01,-2.879925523538292339e-03,1.000000000000000000e+00,3.665621837341731748e+01,-1.858418641270332128e-01
2.979999999999999982e+00,5.000000000000000000e+00,1.640156586587797705e+01,-6.765141908065484821e-02,1.000000000000000000e+00,3.665264230687807157e+01,-4.700655597099932526e-01
2.989999999999999769e+00,5.000000000000000000e+00,1.640059277209261879e+01,-1.108442186855228412e-01,1.000000000000000000e+00,3.664631373319479479e+01,-7.394922082917627648e-01
3.000000000000000000e+00,5.000000000000000000e+00,1.639951888518269385e+01,-9.697187849055070863e-02,1.000000000000000000e+00,3.663737460658719414e+01,-9.950179775407725913e-01
3.009999999999999787e+00,5.000000000000000000e+00,1.639889531639017406e+01,-3.527110978445854167e-02,1.000000000000000000e+00,3.662596553166776658e+01,-1.236133166884036738e+00
3.020000000000000018e+00,5.000000000000000000e+00,1.639896165435371245e+01,3.210511571768458194e-02,1.000000000000000000e+00,3.661224271922851869e+01,-1.460638507718827084e+00
3.029999999999999805e+00,5.000000000000000000e+00,1.639951262227522832e+01,6.403161463951985433e-02,1.000000000000000000e+00,3.659638960871925661e+01,-1.665649028354347250e+00
3.040000000000000036e+00,5.000000000000000000e+00,1.640009843393144706e+01,4.964832222390495875e-02,1.000000000000000000e+00,3.657861542981181913e+01,-1.848941323158680206e+00
3.049999999999999822e+00,5.000000000000000000e+00,1.640037355194525048e+01,1.213171198875757049e-02,1.000000000000000000e+00,3.655914390866001185e+01,-2.009596643433847696e+00
3.060000000000000053e+00,5.000000000000000000e+00,1.640032627690028377e+01,-1.207149776469280435e-02,1.000000000000000000e+00,3.653820158077908076e+01,-2.147665959926420065e+00
3.069999999999999840e+00,5.000000000000000000e+00,1.640024446228863297e+01,-4.906352781487456887e-04,1.000000000000000000e+00,3.651601269556309148e+01,-2.263398408585466814e+00
3.080000000000000071e+00,5.000000000000000000e+00,1.640047358906220509e+01,4.097009976002068815e-02,1.000000000000000000e+00,3.649280048324585124e+01,-2.356778906695960352e+00
3.089999999999999858e+00,5.000000000000000000e+00,1.640115574239391805e+01,8.445837838887237936e-02,1.000000000000000000e+00,3.646878875416911825e+01,-2.427814479806967629e+00
3.099999999999999645e+00,5.000000000000000000e+00,1.640213310437313154e+01,1.019997595647615385e-01,1.000000000000000000e+00,3.644419800459484549e+01,-2.477069678909953332e+00
3.109999999999999876e+00,5.000000000000000000e+00,1.640308231814926998e+01,8.640968271666731038e-02,1.000000000000000000e+00,3.641924023135216970e+01,-2.505562899965272372e+00
3.119999999999999662e+00,5.000000000000000000e+00,1.640375515483149371e+01,5.401638408274602593e-02,1.000000000000000000e+00,3.639411549976122728e+01,-2.514569287860930924e+00
3.129999999999999893e+00,5.000000000000000000e+00,1.640413726824159113e+01,3.031330737590133551e-02,1.000000000000000000e+00,3.636901096368179509e+01,-2.505360287217304638e+00
3.139999999999999680e+00,5.000000000000000000e+00,1.640442340519061659e+01,3.094808864611839697e-02,1.000000000000000000e+00,3.634410182735463479e+01,-2.479078440306826447e+00
3.149999999999999911e+00,5.000000000000000000e+00,1.640484759497707756e+01,5.163671970683572643e-02,1.000000000000000000e+00,3.631955224795007808e+01,-2.436823633580142978e+00
3.159999999999999698e+00,5.000000000000000000e+00,1.640549844475621555e+01,7.255672246637517864e-02,1.000000000000000000e+00,3.629551505209570195e+01,-2.379754942259455497e+00
3.169999999999999929e+00,5.000000000000000000e+00,1.640625406254116925e+01,7.419783183917004477e-02,1.000000000000000000e+00,3.627213113707956893e+01,-2.309083525135589898e+00
3.179999999999999716e+00,5.000000000000000000e+00,1.640687616521018555e+01,5.138747412048120383e-02,1.000000000000000000e+00,3.624952930788801808e+01,-2.226003977383341770e+00
3.189999999999999947e+00,5.000000000000000000e+00,1.640717842203421384e+01,1.562877298407081353e-02,1.000000000000000000e+00,3.622782699615822111e+01,-2.131608327926757251e+00
3.199999999999999734e+00,5.000000000000000000e+00,1.640714266967365020e+01,-1.451785613707749431e-02,1.000000000000000000e+00,3.620713131534881768e+01,-2.026899867191085836e+00
3.209999999999999964e+00,5.000000000000000000e+00,1.640690813936164361e+01,-2.677245065952987141e-02,1.000000000000000000e+00,3.618753908453750512e+01,-1.912954112450302668e+00
3.219999999999999751e+00,5.000000000000000000e+00,1.640665518114715482e+01,-2.284480385271129774e-02,1.000000000000000000e+00,3.616913507969151453e+01,-1.791070226236264329e+00
3.229999999999999982e+00,5.000000000000000000e+00,1.640647438658033153e+01,-1.544487255371072669e-02,1.000000000000000000e+00,3.615198962331432142e+01,-1.662786291609846367e+00
3.239999999999999769e+00,5.000000000000000000e+00,1.640631843020661051e+01,-1.747690136385473755e-02,1.000000000000000000e+00,3.613615676047871261e+01,-1.529762474234269698e+00
3.250000000000000000e+00,5.000000000000000000e+00,1.640606336824178868e+01,-3.226877233035508469e-02,1.000000000000000000e+00,3.612167450692528092e+01,-1.393529946076422110e+00
3.259999999999999787e+00,5.000000000000000000e+00,1.640562058036045556e+01,-5.215010724372570045e-02,1.000000000000000000e+00,3.610856725761711061e+01,-1.255328768975745302e+00
3.270000000000000018e+00,5.000000000000000000e+00,1.640501182097182920e+01,-6.506314914441777009e-02,1.000000000000000000e+00,3.609684874314630321e+01,-1.116122210426734984e+00
3.279999999999999805e+00,5.000000000000000000e+00,1.640435769656582821e+01,-6.363622418326837782e-02,1.000000000000000000e+00,3.608652401522996911e+01,-9.767369339663819483e-01
3.290000000000000036e+00,5.000000000000000000e+00,1.640379638080755242e+01,-5.002615914244981643e-02,1.000000000000000000e+00,3.607758989585882148e+01,-8.380076158059827085e-01
3.299999999999999822e+00,5.000000000000000000e+00,1.640339696197576203e+01,-3.355703319781133676e-02,1.000000000000000000e+00,3.607003453456645303e+01,-7.008205082387658491e-01
3.310000000000000053e+00,5.000000000000000000e+00,1.640312892890931806e+01,-2.356586859984752952e-02,1.000000000000000000e+00,3.606383723240031713e+01,-5.660457349732168630e-01
3.319999999999999840e+00,5.000000000000000000e+00,1.640290311374640098e+01,-2.303946178773539841e-02,1.000000000000000000e+00,3.605896922286412121e+01,-4.344365313275703189e-01
3.330000000000000071e+00,5.000000000000000000e+00,1.640264701416020188e+01,-2.747043016029521167e-02,1.000000000000000000e+00,3.605539516154689039e+01,-3.065879125348404122e-01
3.339999999999999858e+00,5.000000000000000000e+00,1.640235746362868952e+01,-2.910781497848427546e-02,1.000000000000000000e+00,3.605307447147284705e+01,-1.829869483716916601e-01
3.349999999999999645e+00,5.000000000000000000e+00,1.640209662791118461e+01,-2.294105223475859795e-02,1.000000000000000000e+00,3.605196184709098617e+01,-6.410970032225388193e-02
3.359999999999999876e+00,5.000000000000000000e+00,1.640194125363847633e+01,-1.001599425426545099e-02,1.000000000000000000e+00,3.605200691666340163e+01,4.951284375266402221e-02
3.369999999999999662e+00,5.000000000000000000e+00,1.640192663250794780e+01,3.923733294667704728e-03,1.000000000000000000e+00,3.605315370046916001e+01,1.573069099945333116e-01
3.379999999999999893e+00,5.000000000000000000e+00,1.640202564488325265e+01,1.297853170449416241e-02,1.000000000000000000e+00,3.605534059786270973e+01,2.587298119093808246e-01
3.389999999999999680e+00,5.000000000000000000e+00,1.640217385258831584e+01,1.523800371422613480e-02,1.000000000000000000e+00,3.605850117619212369e+01,3.533455359336369894e-01
3.399999999999999911e+00,5.000000000000000000e+00,1.640231764709576368e+01,1.362662540591236086e-02,1.000000000000000000e+00,3.606256543940210690e+01,4.408499602174210663e-01
3.409999999999999698e+00,5.000000000000000000e+00,1.640244872364035089e+01,1.323213450572010078e-02,1.000000000000000000e+00,3.606746099504805869e+01,5.210397747476332997e-01
3.419999999999999929e+00,5.000000000000000000e+00,1.640260209682318049e+01,1.741356295767712559e-02,1.000000000000000000e+00,3.607311375390649744e+01,5.937616887416736766e-01
3.429999999999999716e+00,5.000000000000000000e+00,1.640282314058462632e+01,2.554916143637980461e-02,1.000000000000000000e+00,3.607944824748700086e+01,6.588885711891143693e-01
3.439999999999999947e+00,5.000000000000000000e+00,1.640312984734771007e+01,3.379905578194068033e-02,1.000000000000000000e+00,3.608638803183431065e+01,7.163471426367056250e-01
3.449999999999999734e+00,5.000000000000000000e+00,1.640349869750630774e+01,3.827603599044587801e-02,1.000000000000000000e+00,3.609385633752086164e+01,7.661325812682396874e-01
3.459999999999999964e+00,5.000000000000000000e+00,1.640388234851868887e+01,3.784446861257310946e-02,1.000000000000000000e+00,3.610177679160842246e+01,8.083144669637609692e-01
3.469999999999999751e+00,5.000000000000000000e+00,1.640424224143930232e+01,3.461173332829488997e-02,1.000000000000000000e+00,3.611007412391313665e+01,8.430276337580832058e-01
3.479999999999999982e+00,5.000000000000000000e+00,1.640457132596557344e+01,3.207468369213163639e-02,1.000000000000000000e+00,3.611867468380209090e+01,8.704488385305948484e-01
3.489999999999999769e+00,5.000000000000000000e+00,1.640489200336902087e+01,3.249888089155703041e-02,1.000000000000000000e+00,3.612750673552946523e+01,8.907778757423259197e-01
3.500000000000000000e+00,5.000000000000000000e+00,1.640523358663291020e+01,3.546770533995390745e-02,1.000000000000000000e+00,3.613650066220012746e+01,9.042356157697172270e-01
3.509999999999999787e+00,5.000000000000000000e+00,1.640560755704220597e+01,3.849542474330224645e-02,1.000000000000000000e+00,3.614558924145465824e+01,9.110758608050146812e-01
3.520000000000000018e+00,5.000000000000000000e+00,1.640599822791356743e+01,3.899231440049778091e-02,1.000000000000000000e+00,3.615470802725442923e+01,9.115904623605222135e-01
3.529999999999999805e+00,5.000000000000000000e+00,1.640637292712805007e+01,3.603087435561540958e-02,1.000000000000000000e+00,3.616379555461266904e+01,9.060759354005578636e-01
3.540000000000000036e+00,5.000000000000000000e+00,1.640670307541286377e+01,3.085880504036036046e-02,1.000000000000000000e+00,3.617279318473718064e+01,8.948031963348267448e-01
3.549999999999999822e+00,5.000000000000000000e+00,1.640698028130864117e+01,2.578769214711795765e-02,1.000000000000000000e+00,3.618164477918291055e+01,8.780085389570597698e-01
3.560000000000000053e+00,5.000000000000000000e+00,1.640721665990663780e+01,2.248387242027208646e-02,1.000000000000000000e+00,3.619029641164645739e+01,8.559061960258437241e-01
3.569999999999999840e+00,5.000000000000000000e+00,1.640743121075494315e+01,2.092949979162353133e-02,1.000000000000000000e+00,3.619869631507288688e+01,8.287177113492231184e-01
3.580000000000000071e+00,5.000000000000000000e+00,1.640763359482243899e+01,1.970192709478458051e-02,1.000000000000000000e+00,3.620679515155622852e+01,7.967040645362714057e-01
3.589999999999999858e+00,5.000000000000000000e+00,1.640781716303301963e+01,1.722311982946367337e-02,1.000000000000000000e+00,3.621454654650057847e+01,7.601868982673384290e-01
3.599999999999999645e+00,5.000000000000000000e+00,1.640796518226391143e+01,1.298163927369335412e-02,1.000000000000000000e+00,3.622190773690541477e+01,7.195533356152502558e-01
3.609999999999999876e+00,5.000000000000000000e+00,1.640806434526868784e+01,7.856025227652475851e-03,1.000000000000000000e+00,3.622884018602366751e+01,6.752481012150967077e-01
3.619999999999999662e+00,5.000000000000000000e+00,1.640811506422812727e+01,3.402782327905792825e-03,1.000000000000000000e+00,3.623531008326148140e+01,6.277606316588038027e-01
3.629999999999999893e+00,5.000000000000000000e+00,1.640813143980695088e+01,7.246555226255240682e-04,1.000000000000000000e+00,3.624128871385021000e+01,5.776123005166912128e-01
3.639999999999999680e+00,5.000000000000000000e+00,1.640813188615217300e+01,-2.324391348871848923e-04,1.000000000000000000e+00,3.624675270357635526e+01,5.253438589235949197e-01
3.649999999999999911e+00,5.000000000000000000e+00,1.640812792813891718e+01,-4.991876952168635730e-04,1.000000000000000000e+00,3.625168412759968106e+01,4.715009191567409719e-01
3.659999999999999698e+00,5.000000000000000000e+00,1.640811920346735420e+01,-1.239159276194711943e-03,1.000000000000000000e+00,3.625607046077176676e+01,4.166174856669700999e-01
3.669999999999999929e+00,5.000000000000000000e+00,1.640809745931176167e+01,-2.909994952891797968e-03,1.000000000000000000e+00,3.625990437013250300e+01,3.612013162495432139e-01
3.679999999999999716e+00,5.000000000000000000e+00,1.640805565768286201e+01,-5.023840121716039928e-03,1.000000000000000000e+00,3.626318339829335002e+01,3.057260410160739239e-01
3.689999999999999947e+00,5.000000000000000000e+00,1.640799510518258586e+01,-6.611120572383300323e-03,1.000000000000000000e+00,3.626590962034775600e+01,2.506319255637548538e-01
3.699999999999999734e+00,5.000000000000000000e+00,1.640792570874880951e+01,-6.980409712134484981e-03,1.000000000000000000e+00,3.626808934626657788e+01,1.963322551825255613e-01
3.709999999999999964e+00,5.000000000000000000e+00,1.640785988658031513e+01,-6.201325623757240890e-03,1.000000000000000000e+00,3.626973289014724600e+01,1.432194067538558324e-01
3.719999999999999751e+00,5.000000000000000000e+00,1.640780512454417561e+01,-4.996249654684268952e-03,1.000000000000000000e+00,3.627085437222889652e+01,9.166586901983880820e-02
3.729999999999999982e+00,5.000000000000000000e+00,1.640776060276296988e+01,-4.180571735963382364e-03,1.000000000000000000e+00,3.627147149584343566e+01,4.201961133563206913e-02
3.739999999999999769e+00,5.000000000000000000e+00,1.640771984633542502e+01,-4.097561992639032168e-03,1.000000000000000000e+00,3.627160526016985642e+01,-5.402944276806377101e-03
3.750000000000000000e+00,5.000000000000000000e+00,1.640767686289350991e+01,-4.450092089642814983e-03,1.000000000000000000e+00,3.627127961059559880e+01,-5.032216411709890952e-02
3.759999999999999787e+00,5.000000000000000000e+00,1.640763102795840922e+01,-4.605462236177945527e-03,1.000000000000000000e+00,3.627052105939950621e+01,-9.249659446827447618e-02
3.770000000000000018e+00,5.000000000000000000e+00,1.640758738872894540e+01,-4.104685294463179812e-03,1.000000000000000000e+00,3.626935831149717870e+01,-1.317214813081987457e-01
3.779999999999999805e+00,5.000000000000000000e+00,1.640755268114378751e+01,-2.991423040504891540e-03,1.000000000000000000e+00,3.626782190907663761e+01,-1.678269467843900575e-01
3.790000000000000036e+00,5.000000000000000000e+00,1.640753037709937345e+01,-1.745534451942758799e-03,1.000000000000000000e+00,3.626594388653867895e+01,-2.006776007730255162e-01
3.799999999999999822e+00,5.000000000000000000e+00,1.640751841740776840e+01,-9.104305692470158941e-04,1.000000000000000000e+00,3.626375742090946375e+01,-2.301734047295004859e-01
3.810000000000000053e+00,5.000000000000000000e+00,1.640751098716965473e+01,-7.119211280452142051e-04,1.000000000000000000e+00,3.626129647405604572e+01,-2.562502261989090258e-01
3.819999999999999840e+00,5.000000000000000000e+00,1.640750266927623002e+01,-9.407075962398314239e-04,1.000000000000000000e+00,3.625859543882652503e+01,-2.788787045918966201e-01
3.830000000000000071e+00,5.000000000000000000e+00,1.640749179692924997e+01,-1.154008030206953462e-03,1.000000000000000000e+00,3.625568880763597690e+01,-2.980613542444148778e-01
3.839999999999999858e+00,5.000000000000000000e+00,1.640748073472861179e+01,-1.018918160624805724e-03,1.000000000000000000e+00,3.625261087501963431e+01,-3.138290251128463826e-01
3.849999999999999645e+00,5.000000000000000000e+00,1.640747324252335559e+01,-5.384949069985507392e-04,1.000000000000000000e+00,3.624939547246957261e+01,-3.262380185100344221e-01
3.859999999999999876e+00,5.000000000000000000e+00,1.640747113067025253e+01,-1.267859028884589916e-05,1.000000000000000000e+00,3.624607572507774478e+01,-3.353683730173900868e-01
3.869999999999999662e+00,5.000000000000000000e+00,1.640747268027647365e+01,2.095647062786484144e-04,1.000000000000000000e+00,3.624268382037632819e+01,-3.413228672191561675e-01
3.879999999999999893e+00,5.000000000000000000e+00,1.640747377989534428e+01,-1.198033493574831261e-05,1.000000000000000000e+00,3.623925078738407279e+01,-3.442258737202267826e-01
3.889999999999999680e+00,5.000000000000000000e+00,1.640747069336494590e+01,-5.258028714068375487e-04,1.000000000000000000e+00,3.623580629119116026e+01,-3.442214974706377939e-01
3.899999999999999911e+00,5.000000000000000000e+00,1.640746232650331393e+01,-1.021073158064941290e-03,1.000000000000000000e+00,3.623237845050958583e+01,-3.414710285107306897e-01
3.909999999999999698e+00,5.000000000000000000e+00,1.640745044253403506e+01,-1.258454098840009958e-03,1.000000000000000000e+00,3.622899368273792220e+01,-3.361501152597400899e-01
3.919999999999999929e+00,5.000000000000000000e+00,1.640743789811686071e+01,-1.224937462374035271e-03,1.000000000000000000e+00,3.622567657696350096e+01,-3.284460256920044285e-01
3.929999999999999716e+00,5.000000000000000000e+00,1.640742636864743176e+01,-1.111044752743088181e-03,1.000000000000000000e+00,3.622244979317598990e+01,-3.185551016822406045e-01
3.939999999999999947e+00,5.000000000000000000e+00,1.640741523440830463e+01,-1.145923891085247337e-03,1.000000000000000000e+00,3.621933398615637856e+01,-3.066803304237167294e-01
3.949999999999999734e+00,5.000000000000000000e+00,1.640740229153188068e+01,-1.423150319547089940e-03,1.000000000000000000e+00,3.621634775326533173e+01,-2.930289815133541031e-01
3.959999999999999964e+00,5.000000000000000000e+00,1.640738557977143941e+01,-1.842403800009853338e-03,1.000000000000000000e+00,3.621350760514324918e+01,-2.778103791004495338e-01
3.969999999999999751e+00,5.000000000000000000e+00,1.640736489856485392e+01,-2.196233499461824456e-03,1.000000000000000000e+00,3.621082795728788284e+01,-2.612339184657090363e-01
3.979999999999999982e+00,5.000000000000000000e+00,1.640734195697286779e+01,-2.324679382510012014e-03,1.000000000000000000e+00,3.620832113985958500e+01,-2.435073431845460601e-01
3.989999999999999769e+00,5.000000000000000000e+00,1.640731918764770825e+01,-2.220508944922920235e-03,1.000000000000000000e+00,3.620599742366642460e+01,-2.248351785980199635e-01
4.000000000000000000e+00,5.000000000000000000e+00,1.640729820183663534e+01,-2.015529142961704819e-03,1.000000000000000000e+00,3.620386506151777439e+01,-2.054172045752482578e-01
4.009999999999999787e+00,5.000000000000000000e+00,1.640727901284385837e+01,-1.870474141027677608e-03,1.000000000000000000e+00,3.620193034468764637e+01,-1.854469652546730796e-01
4.019999999999999574e+00,5.000000000000000000e+00,1.640726048778844515e+01,-1.857136574311636992e-03,1.000000000000000000e+00,3.620019767342252237e+01,-1.651104437845921369e-01
4.030000000000000249e+00,5.000000000000000000e+00,1.640724156466179906e+01,-1.917375903925746996e-03,1.000000000000000000e+00,3.619866963892648215e+01,-1.445850469065232125e-01
4.040000000000000036e+00,5.000000000000000000e+00,1.640722227785960285e+01,-1.919795234240128561e-03,1.000000000000000000e+00,3.619734711343883049e+01,-1.240389255336656477e-01
4.049999999999999822e+00,5.000000000000000000e+00,1.640720387574278050e+01,-1.763134021920081821e-03,1.000000000000000000e+00,3.619622934569657247e+01,-1.036305065088115596e-01
4.059999999999999609e+00,5.000000000000000000e+00,1.640718803793798486e+01,-1.447693287548723444e-03,1.000000000000000000e+00,3.619531406074870006e+01,-8.350805884320429417e-02
4.070000000000000284e+00,5.000000000000000000e+00,1.640717584060563539e+01,-1.067335905868715745e-03,1.000000000000000000e+00,3.619459756441834486e+01,-6.380920662114834829e-02
4.080000000000000071e+00,5.000000000000000000e+00,1.640716722834928021e+01,-7.362030513372077581e-04,1.000000000000000000e+00,3.619407485268828850e+01,-4.466044977473722366e-02
4.089999999999999858e+00,5.000000000000000000e+00,1.640716131047394555e+01,-5.091868230701077427e-04,1.000000000000000000e+00,3.619373972508613235e+01,-2.617683600127202262e-02
4.099999999999999645e+00,5.000000000000000000e+00,1.640715718001038326e+01,-3.532625609816247261e-04,1.000000000000000000e+00,3.619358489989986083e+01,-8.461879245895113574e-03
4.109999999999999432e+00,5.000000000000000000e+00,1.640715461603808478e+01,-1.844415579456238166e-04,1.000000000000000000e+00,3.619360212885148087e+01,8.392308798546655249e-03
4.120000000000000107e+00,5.000000000000000000e+00,1.640715418319267371e+01,6.314559258984047178e-05,1.000000000000000000e+00,3.619378230985332578e+01,2.430480692881318433e-02
4.129999999999999893e+00,5.000000000000000000e+00,1.640715672450084028e+01,3.887275186787173334e-04,1.000000000000000000e+00,3.619411559784829535e+01,3.920571782519613468e-02
4.139999999999999680e+00,5.000000000000000000e+00,1.640716267632028291e+01,7.292882152859234482e-04,1.000000000000000000e+00,3.619459151444709732e+01,5.303607444668304027e-02
4.149999999999999467e+00,5.000000000000000000e+00,1.640717171501577099e+01,1.008102291766504489e-03,1.000000000000000000e+00,3.619519905671066340e+01,6.574774608330526127e-02
4.160000000000000142e+00,5.000000000000000000e+00,1.640718295464027676e+01,1.188182402400963546e-03,1.000000000000000000e+00,3.619592680446346833e+01,7.730324536959332082e-02
4.169999999999999929e+00,5.000000000000000000e+00,1.640719549984627079e+01,1.292141989338944441e-03,1.000000000000000000e+00,3.619676302484396757e+01,8.767539731098665523e-02
4.179999999999999716e+00,5.000000000000000000e+00,1.640720892710017509e+01,1.378000233031206195e-03,1.000000000000000000e+00,3.619769577293129714e+01,9.684691651274036917e-02
4.189999999999999503e+00,5.000000000000000000e+00,1.640722336448312646e+01,1.492895521100552625e-03,1.000000000000000000e+00,3.619871298803769832e+01,1.048099772730014950e-01
4.200000000000000178e+00,5.000000000000000000e+00,1.640723916131627291e+01,1.639990123671180092e-03,1.000000000000000000e+00,3.619980258595307987e+01,1.115658279406232800e-01
4.209999999999999964e+00,5.000000000000000000e+00,1.640725643123854027e+01,1.780650565160485192e-03,1.000000000000000000e+00,3.620095254753247360e+01,1.171244318942300244e-01
4.219999999999999751e+00,5.000000000000000000e+00,1.640727481148471867e+01,1.866521024001762275e-03,1.000000000000000000e+00,3.620215100353255622e+01,1.215040728370082729e-01
4.229999999999999538e+00,5.000000000000000000e+00,1.640729359012276944e+01,1.875428724433590537e-03,1.000000000000000000e+00,3.620338631500958115e+01,1.247308745385491136e-01
4.240000000000000213e+00,5.000000000000000000e+00,1.640731207464078878e+01,1.825137172719516754e-03,1.000000000000000000e+00,3.620464714838968234e+01,1.268382370689092320e-01
4.250000000000000000e+00,5.000000000000000000e+00,1.640732991684873099e+01,1.757505963932706359e-03,1.000000000000000000e+00,3.620592254463320359e+01,1.278662358312762370e-01
4.259999999999999787e+00,5.000000000000000000e+00,1.640734717029620882e+01,1.707452075960878791e-03,1.000000000000000000e+00,3.620720198242823074e+01,1.278610316896335586e-01
4.269999999999999574e+00,5.000000000000000000e+00,1.640736407011954157e+01,1.680359824565503309e-03,1.000000000000000000e+00,3.620847543563416338e+01,1.268743045084393117e-01
4.280000000000000249e+00,5.000000000000000000e+00,1.640738072310291074e+01,1.653036313450778443e-03,1.000000000000000000e+00,3.620973342507095794e+01,1.249626832089158618e-01
4.290000000000000036e+00,5.000000000000000000e+00,1.640739693884956552e+01,1.594950014929884729e-03,1.000000000000000000e+00,3.621096706439335122e+01,1.221871361088919805e-01
4.299999999999999822e+00,5.000000000000000000e+00,1.640741230732181322e+01,1.492424726878854857e-03,1.000000000000000000e+00,3.621216809955781457e+01,1.186123105226672969e-01
4.309999999999999609e+00,5.000000000000000000e+00,1.640742644108240000e+01,1.358226594721464488e-03,1.000000000000000000e+00,3.621332894149744419e+01,1.143058461203930454e-01
4.320000000000000284e+00,5.000000000000000000e+00,1.640743919184489741e+01,1.221259731261982321e-03,1.000000000000000000e+00,3.621444269198450172e+01,1.093377023364284911e-01
4.330000000000000071e+00,5.000000000000000000e+00,1.640745068932204376e+01,1.105802192988959145e-03,1.000000000000000000e+00,3.621550316299590122e+01,1.037795254061334438e-01
4.339999999999999858e+00,5.000000000000000000e+00,1.640746119275731729e+01,1.016143657672155618e-03,1.000000000000000000e+00,3.621650488997438089e+01,9.770405046798041893e-02
4.349999999999999645e+00,5.000000000000000000e+00,1.640747087952719596e+01,9.369487968493952264e-04,1.000000000000000000e+00,3.621744313919654701e+01,9.118451448621664457e-02
4.360000000000000320e+00,5.000000000000000000e+00,1.640747972644199848e+01,8.473873596214788733e-04,1.000000000000000000e+00,3.621831390922963578e+01,8.429406128612268456e-02
4.370000000000000107e+00,5.000000000000000000e+00,1.640748755666371750e+01,7.374990052004103819e-04,1.000000000000000000e+00,3.621911392640726035e+01,7.710514379024857590e-02
4.379999999999999893e+00,5.000000000000000000e+00,1.640749419952486221e+01,6.149138427208308616e-04,1.000000000000000000e+00,3.621984063444352842e+01,6.968894981362923347e-02
4.389999999999999680e+00,5.000000000000000000e+00,1.640749963590726779e+01,4.981863981548940003e-04,1.000000000000000000e+00,3.622049217859911607e+01,6.211487984718432748e-02
4.399999999999999467e+00,5.000000000000000000e+00,1.640750402581410938e+01,4.029253661174415891e-04,1.000000000000000000e+00,3.622106738500555423e+01,5.445008819516830578e-02
4.410000000000000142e+00,5.000000000000000000e+00,1.640750760971204514e+01,3.313648005973642355e-04,1.000000000000000000e+00,3.622156573573526117e+01,4.675907746245658303e-02
4.419999999999999929e+00,5.000000000000000000e+00,1.640751056600376501e+01,2.724365905824183967e-04,1.000000000000000000e+00,3.622198734003539755e+01,3.910332710741009493e-02
4.429999999999999716e+00,5.000000000000000000e+00,1.640751292949930829e+01,2.111818676676923974e-04,1.000000000000000000e+00,3.622233290198655453e+01,3.154094479274049262e-02
4.439999999999999503e+00,5.000000000000000000e+00,1.640751462129280824e+01,1.398237129827954359e-04,1.000000000000000000e+00,3.622260368483400583e+01,2.412634603244893580e-02
4.450000000000000178e+00,5.000000000000000000e+00,1.640751555598886213e+01,6.246552844020381902e-05,1.000000000000000000e+00,3.622280147237215431e+01,1.690997909243391328e-02
4.459999999999999964e+00,5.000000000000000000e+00,1.640751574103408572e+01,-9.226135789676784168e-06,1.000000000000000000e+00,3.622292852793099627e+01,9.938110014559946997e-03
4.469999999999999751e+00,5.000000000000000000e+00,1.640751529782667362e+01,-6.530143379111353447e-05,1.000000000000000000e+00,3.622298755159086170e+01,3.252669956217041879e-03
4.479999999999999538e+00,5.000000000000000000e+00,1.640751439760071406e+01,-1.046230488344997487e-04,1.000000000000000000e+00,3.622298163619229427e+01,-3.108845838373821158e-03
4.490000000000000213e+00,5.000000000000000000e+00,1.640751316658723269e+01,-1.349517596825466762e-04,1.000000000000000000e+00,3.622291422256774496e+01,-9.113442106992206138e-03
4.500000000000000000e+00,5.000000000000000000e+00,1.640751163109307598e+01,-1.666997489825696474e-04,1.000000000000000000e+00,3.622278905430628981e+01,-1.473265913412768330e-02
4.509999999999999787e+00,5.000000000000000000e+00,1.640750973729329232e+01,-2.054621497658890678e-04,1.000000000000000000e+00,3.622261013233923421e+01,-1.994257807320415354e-02
4.519999999999999574e+00,5.000000000000000000e+00,1.640750742376373239e+01,-2.487604906317001405e-04,1.000000000000000000e+00,3.622238166969420803e+01,-2.472378820604889671e-02
4.530000000000000249e+00,5.000000000000000000e+00,1.640750468970311360e+01,-2.888558234690976776e-04,1.000000000000000000e+00,3.622210804683845708e+01,-2.906131019906153801e-02
4.540000000000000036e+00,5.000000000000000000e+00,1.640750161103095550e+01,-3.189754115050399377e-04,1.000000000000000000e+00,3.622179376804930939e+01,-3.294447682695249291e-02
4.549999999999999822e+00,5.000000000000000000e+00,1.640749829877994159e+01,-3.381557833000546783e-04,1.000000000000000000e+00,3.622144341919007360e+01,-3.636677965476826924e-02
4.559999999999999609e+00,5.000000000000000000e+00,1.640749483585771529e+01,-3.514049981493070620e-04,1.000000000000000000e+00,3.622106162716831790e+01,-3.932569213841184685e-02
4.570000000000000284e+00,5.000000000000000000e+00,1.640749123977089141e+01,-3.655709600686388042e-04,1.000000000000000000e+00,3.622065302126593878e+01,-4.182247613253337742e-02
4.580000000000000071e+00,5.000000000000000000e+00,1.640748747532475349e+01,-3.843164222193057398e-04,1.000000000000000000e+00,3.622022219649438313e+01,-4.386197324449931517e-02
4.589999999999999858e+00,5.000000000000000000e+00,1.640748350316902204e+01,-4.058732566623686673e-04,1.000000000000000000e+00,3.621977367913750356e+01,-4.545237896789654231e-02
4.599999999999999645e+00,5.000000000000000000e+00,1.640747932604567083e+01,-4.248790583507879286e-04,1.000000000000000000e+00,3.621931189466575063e+01,-4.660499803021644211e-02
4.610000000000000320e+00,5.000000000000000000e+00,1.640747500027607941e+01,-4.365566837822054983e-04,1.000000000000000000e+00,3.621884113820153317e+01,-4.733398281218779285e-02
4.620000000000000107e+00,5.000000000000000000e+00,1.640747060817942327e+01,-4.400179865525645885e-04,1.000000000000000000e+00,3.621836554767484984e+01,-4.765606022839184719e-02
4.629999999999999893e+00,5.000000000000000000e+00,1.640746621531017624e+01,-4.384413041395560139e-04,1.000000000000000000e+00,3.621788907974447369e+01,-4.759025373835770734e-02
4.639999999999999680e+00,5.000000000000000000e+00,1.640746184458468804e+01,-4.363370111258851728e-04,1.000000000000000000e+00,3.621741548849998793e+01,-4.715760570339157243e-02
4.649999999999999467e+00,5.000000000000000000e+00,1.640745748386420289e+01,-4.361632374708384490e-04,1.000000000000000000e+00,3.621694830692483436e+01,-4.638090244974747700e-02
4.660000000000000142e+00,5.000000000000000000e+00,1.640745311794255201e+01,-4.367729569918313596e-04,1.000000000000000000e+00,3.621649083109161893e+01,-4.528440210082170653e-02
4.669999999999999929e+00,5.000000000000000000e+00,1.640744875945873815e+01,-4.346044121164453549e-04,1.000000000000000000e+00,3.621604610706502569e+01,-4.389356475035605110e-02
4.679999999999999716e+00,5.000000000000000000e+00,1.640744445671662888e+01,-4.264772647497479252e-04,1.000000000000000000e+00,3.621561692048555869e+01,-4.223478577323225291e-02
4.689999999999999503e+00,5.000000000000000000e+00,1.640744027515058079e+01,-4.118362550878675011e-04,1.000000000000000000e+00,3.621520578878848085e+01,-4.033513486851118823e-02
4.700000000000000178e+00,5.000000000000000000e+00,1.640743626824576040e+01,-3.929079728033682529e-04,1.000000000000000000e+00,3.621481495597898714e+01,-3.822210447414197548e-02
4.709999999999999964e+00,5.000000000000000000e+00,1.640743245950966767e+01,-3.728844533713144790e-04,1.000000000000000000e+00,3.621444638984969799e+01,-3.592337080517609554e-02
4.719999999999999751e+00,5.000000000000000000e+00,1.640742884690640935e+01,-3.536376399371510292e-04,1.000000000000000000e+00,3.621410178150226500e+01,-3.346656924395766119e-02
4.729999999999999538e+00,5.000000000000000000e+00,1.640742542396520065e+01,-3.346401765510023142e-04,1.000000000000000000e+00,3.621378254702814559e+01,-3.087908412793750890e-02
4.740000000000000213e+00,5.000000000000000000e+00,1.640742220054558587e+01,-3.137294742560278998e-04,1.000000000000000000e+00,3.621348983120943643e+01,-2.818785211857314371e-02
4.750000000000000000e+00,5.000000000000000000e+00,1.640741920832729406e+01,-2.889720637247109166e-04,1.000000000000000000e+00,3.621322451310738444e+01,-2.541917865852347247e-02
4.759999999999999787e+00,5.000000000000000000e+00,1.640741648857975576e+01,-2.601820064372510383e-04,1.000000000000000000e+00,3.621298721340527038e+01,-2.259856809980929915e-02
4.769999999999999574e+00,5.000000000000000000e+00,1.640741407265535656e+01,-2.290480458136608685e-04,1.000000000000000000e+00,3.621277830336028103e+01,-1.975056902025201788e-02
4.780000000000000249e+00,5.000000000000000000e+00,1.640741196973212368e+01,-1.979255272357845446e-04,1.000000000000000000e+00,3.621259791520256499e+01,-1.689863631212080303e-02
4.790000000000000036e+00,5.000000000000000000e+00,1.640741016964687304e+01,-1.682924254881211707e-04,1.000000000000000000e+00,3.621244595380868958e+01,-1.406501074643508667e-02
4.799999999999999822e+00,5.000000000000000000e+00,1.640740865711929075e+01,-1.400002006379240957e-04,1.000000000000000000e+00,3.621232210947687236e+01,-1.127061547537911573e-02
4.809999999999999609e+00,5.000000000000000000e+00,1.640740742599787794e+01,-1.117634421000495017e-04,1.000000000000000000e+00,3.621222587164245255e+01,-8.534968140925731570e-03
4.820000000000000284e+00,5.000000000000000000e+00,1.640740648339869523e+01,-8.240364729348068724e-05,1.000000000000000000e+00,3.621215654338524104e+01,-5.876107357887469865e-03
4.830000000000000071e+00,5.000000000000000000e+00,1.640740584191625473e+01,-5.187838474189773800e-05,1.000000000000000000e+00,3.621211325658858726e+01,-3.310533124657650140e-03
4.839999999999999858e+00,5.000000000000000000e+00,1.640740550679520737e+01,-2.138400272342288075e-05,1.000000000000000000e+00,3.621209498760903500e+01,-8.531615068348860848e-04
4.849999999999999645e+00,5.000000000000000000e+00,1.640740546782343401e+01,7.444369303828988143e-06,1.000000000000000000e+00,3.621210057331079213e+01,1.482705891843399005e-03
4.860000000000000320e+00,5.000000000000000000e+00,1.640740570132652820e+01,3.357206262539407047e-05,1.000000000000000000e+00,3.621212872731670984e+01,3.685397738156049284e-03
4.870000000000000107e+00,5.000000000000000000e+00,1.640740617990441663e+01,5.708067988949228273e-05,1.000000000000000000e+00,3.621217805633374098e+01,5.744875022383248014e-03
4.879999999999999893e+00,5.000000000000000000e+00,1.640740688231699806e+01,7.885158242552204417e-05,1.000000000000000000e+00,3.621224707642431184e+01,7.652720895708457934e-03
4.889999999999999680e+00,5.000000000000000000e+00,1.640740779664987059e+01,9.973283713090826726e-05,1.000000000000000000e+00,3.621233422911046773e+01,9.402119725200268341e-03
4.899999999999999467e+00,5.000000000000000000e+00,1.640740891541828006e+01,1.198383975203886091e-04,1.000000000000000000e+00,3.621243789720836048e+01,1.098782617554255880e-02
4.910000000000000142e+00,5.000000000000000000e+00,1.640741022715093322e+01,1.384641612409889388e-04,1.000000000000000000e+00,3.621255642029486665e+01,1.240612451402143060e-02
4.919999999999999929e+00,5.000000000000000000e+00,1.640741171101303308e+01,1.546144292960565964e-04,1.000000000000000000e+00,3.621268810970887131e+01,1.365477820705071101e-02
4.929999999999999716e+00,5.000000000000000000e+00,1.640741333816104941e+01,1.676985669921000324e-04,1.000000000000000000e+00,3.621283126299253041e+01,1.473297030399659500e-02
4.939999999999999503e+00,5.000000000000000000e+00,1.640741507833337209e+01,1.778836007838660875e-04,1.000000000000000000e+00,3.621298417768684175e+01,1.564123573724994498e-02
4.950000000000000178e+00,5.000000000000000000e+00,1.640741690661094054e+01,1.858881131531471098e-04,1.000000000000000000e+00,3.621314516440936160e+01,1.638138703039200214e-02
4.959999999999999964e+00,5.000000000000000000e+00,1.640741880569518329e+01,1.924229119408953114e-04,1.000000000000000000e+00,3.621331255915666247e+01,1.695643476167267572e-02
4.969999999999999751e+00,5.000000000000000000e+00,1.640742076272573868e+01,1.977128625073805738e-04,1.000000000000000000e+00,3.621348473478466445e+01,1.737050363456030949e-02
4.979999999999999538e+00,5.000000000000000000e+00,1.640742276363434371e+01,2.014297420245190172e-04,1.000000000000000000e+00,3.621366011162540133e+01,1.762874456000786474e-02
4.990000000000000213e+00,5.000000000000000000e+00,1.640742478944632055e+01,2.030381509324084475e-04,1.000000000000000000e+00,3.621383716720239931e+01,1.773724307904358394e-02
5.000000000000000000e+00,5.000000000000000000e+00,1.640742681706601047e+01,2.022624967385990209e-04,1.000000000000000000e+00,3.621401444501142919e+01,1.770292476323869282e-02
