time_s,forward_cm,sideways_cm,forward_speed_cm_s
0.000000000000000000e+00,0.000000000000000000e+00,0.000000000000000000e+00,4.824954106852702429e-01
1.000000000000000888e-02,2.594507281886377914e-01,-1.146496657411981770e-02,4.547916556848801406e+01
2.000000000000001776e-02,6.282780580317971486e-01,-5.523543901429280728e-03,3.422975144811434944e+01
3.000000000000001277e-02,1.136177770897665029e+00,1.434164885535161617e-02,5.738605224461412746e+01
4.000000000000002165e-02,1.580387166390676779e+00,1.279629155342331369e-02,4.184904499388565569e+01
5.000000000000003053e-02,2.024657643543839480e+00,3.117794058134308599e-02,4.407264668753185077e+01
6.000000000000003941e-02,2.464600712249342074e+00,4.356976620446907644e-02,4.390662993129669900e+01
7.000000000000004829e-02,2.905485902489884253e+00,5.981763940000341812e-02,4.392625658391000343e+01
8.000000000000005718e-02,3.345383029700705002e+00,7.432141022365797156e-02,4.384528908912871259e+01
9.000000000000006606e-02,3.784168839866845158e+00,9.049557678773302583e-02,4.374974925789922509e+01
1.000000000000000749e-01,4.221367650375534630e+00,1.059826070181910385e-01,4.361598292219521511e+01
1.100000000000000838e-01,4.657660136947838758e+00,1.221170650683528064e-01,4.353918002541060162e+01
1.200000000000000927e-01,5.067411462189031823e+00,1.227549599337464936e-01,3.903085734747000402e+01
1.300000000000001155e-01,5.499875818425408625e+00,1.546567465533785213e-01,4.313314611171788471e+01
1.400000000000001243e-01,5.925239371424820156e+00,1.466852754673279302e-01,4.014004440077905400e+01
1.500000000000000777e-01,6.351297441627165696e+00,1.887568840383376245e-01,4.335652852283898540e+01
1.600000000000000866e-01,6.751585697702434885e+00,1.937769238423504292e-01,3.597831564930583426e+01
1.700000000000000955e-01,7.180716577209899754e+00,2.249898426972909149e-01,4.508399133255731783e+01
1.800000000000001044e-01,7.597579115128971772e+00,2.457147977321198495e-01,3.955527556421202462e+01
1.900000000000001132e-01,8.027439991139676323e+00,2.560333387588396570e-01,4.511172907393374487e+01
2.000000000000001221e-01,8.445795776679384304e+00,2.915835077248656870e-01,3.975360754580654543e+01
2.100000000000001310e-01,8.875021831853091570e+00,2.916617333794800371e-01,4.545885807345282359e+01
2.200000000000001399e-01,9.314449806381547958e+00,3.332277025813553117e-01,4.406486294514099455e+01
2.300000000000001488e-01,9.753507503114285271e+00,3.366044002419195658e-01,4.369903459460233819e+01
2.400000000000001577e-01,1.015896477041657953e+01,3.551859528404587851e-01,3.836633592848172469e+01
2.500000000000001665e-01,1.057627399665595469e+01,3.720253519478963211e-01,4.371487117404780065e+01
2.600000000000001754e-01,1.099611261607143575e+01,3.789519326597143301e-01,4.105459832201566428e+01
2.700000000000001843e-01,1.152490214632977050e+01,3.964758730439815193e-01,6.104778953359544147e+01
2.800000000000001932e-01,1.218688329258442060e+01,3.924651119885827488e-01,7.002943933889638117e+01
2.900000000000002021e-01,1.303574113406388335e+01,3.875429658012323753e-01,9.461956400760864483e+01
3.000000000000002109e-01,1.404017365558964414e+01,3.712812809095638600e-01,1.037236836320105198e+02
3.100000000000002198e-01,1.513213516886570709e+01,3.554858159616853808e-01,1.090810825749640713e+02
3.200000000000002287e-01,1.627353846254639791e+01,3.341885657895979911e-01,1.176407347087360620e+02
3.300000000000002376e-01,1.742502833452338962e+01,3.205979279024600004e-01,1.132544274658449979e+02
3.400000000000002465e-01,1.859236435758892370e+01,3.002145305446792256e-01,1.186062363687340451e+02
3.500000000000002554e-01,1.974549792589895958e+01,2.820257679652564131e-01,1.133625588227526748e+02
3.600000000000002642e-01,2.088452109008742497e+01,2.536261211180315112e-01,1.139631610823249588e+02
3.700000000000002731e-01,2.203011641367409723e+01,2.368209840391003462e-01,1.149669115934335792e+02
3.800000000000002820e-01,2.318652093467684949e+01,2.033267309383315069e-01,1.135738779059013410e+02
3.900000000000002909e-01,2.434539217818436185e+01,1.934981182064913485e-01,1.137770655188295592e+02
4.000000000000002442e-01,2.551740945810143657e+01,1.698869934734137943e-01,1.191728398409660912e+02
4.100000000000002531e-01,2.668440190792167854e+01,1.507784576597800130e-01,1.150222795319392048e+02
4.200000000000002620e-01,2.788413193215957264e+01,1.264636703097134773e-01,1.202296733316149329e+02
4.300000000000002709e-01,2.906833098612152710e+01,1.011982420527104548e-01,1.171948027683574338e+02
4.400000000000002798e-01,3.027348352399338793e+01,8.849919462159616668e-02,1.221616647563228355e+02
4.500000000000002887e-01,3.146698175581729728e+01,7.790701944441745519e-02,1.174758175784102150e+02
4.600000000000002975e-01,3.265484740493838700e+01,8.235516944519044591e-02,1.171304897369135176e+02
4.700000000000003064e-01,3.385979248725600854e+01,7.598080139237486930e-02,1.223163203040664087e+02
4.800000000000003153e-01,3.506075976980070408e+01,6.830096976724610303e-02,1.212601253796826768e+02
4.900000000000003242e-01,3.628143380210760682e+01,5.210742063142795311e-02,1.222000873183027352e+02
5.000000000000003331e-01,3.749485128140134549e+01,2.659937564042437821e-02,1.220802065210640563e+02
5.100000000000003419e-01,3.871384228819859885e+01,6.898028340541307452e-03,1.217453937420049641e+02
5.200000000000003508e-01,3.992700383256699581e+01,-1.347843499185551880e-02,1.210275226521781349e+02
5.300000000000003597e-01,4.111350531817290488e+01,-3.170328392193463157e-02,1.168215296121147162e+02
5.400000000000003686e-01,4.232153031103545970e+01,-5.557753260809298462e-02,1.231048524520578269e+02
5.500000000000003775e-01,4.352738757620303289e+01,-7.732157534495190387e-02,1.215935757902859535e+02
5.600000000000003864e-01,4.474653414330073531e+01,-1.004410595640644471e-01,1.215320746642570668e+02
5.700000000000003952e-01,4.596052560350917560e+01,-1.209474448394432522e-01,1.213103620574698169e+02
5.800000000000004041e-01,4.715289293780207203e+01,-1.429823069480628817e-01,1.176263574491706692e+02
5.900000000000004130e-01,4.835465659100168523e+01,-1.573596866229182989e-01,1.220339102721117257e+02
6.000000000000004219e-01,4.955210403375303230e+01,-1.694458589548271943e-01,1.207200038640556414e+02
6.100000000000004308e-01,5.075853837540865499e+01,-1.749333160340381110e-01,1.202285166320891818e+02
6.200000000000004396e-01,5.196056695706585771e+01,-1.780758135886585658e-01,1.202027664357697461e+02
6.300000000000004485e-01,5.316690749384730452e+01,-1.844279229137678611e-01,1.207178767627726614e+02
6.400000000000004574e-01,5.434793599279973364e+01,-1.954698250788023950e-01,1.162382127492431323e+02
6.500000000000004663e-01,5.555208252527377510e+01,-2.082200671091275213e-01,1.224576550666486128e+02
6.600000000000004752e-01,5.672755075125457580e+01,-2.305196836380576653e-01,1.165913601766238799e+02
6.700000000000004841e-01,5.793661589876869300e+01,-2.417651099127827163e-01,1.212369446343788582e+02
6.800000000000004929e-01,5.912509682082812645e+01,-2.410468218018878006e-01,1.169425959037538405e+02
6.900000000000005018e-01,6.034091633569997981e+01,-2.497669791010571072e-01,1.213233786197530577e+02
7.000000000000005107e-01,6.155488209097741503e+01,-2.459238746649304863e-01,1.213931055140337065e+02
7.100000000000005196e-01,6.274903233591611951e+01,-2.437368373081355288e-01,1.176245517677506029e+02
7.200000000000005285e-01,6.396266580305811544e+01,-2.367521476856702112e-01,1.231570297558611742e+02
7.300000000000005373e-01,6.516765505520432100e+01,-2.325955472471751551e-01,1.185720139073179240e+02
7.400000000000005462e-01,6.639129862906798962e+01,-2.215543582300059655e-01,1.231284269466410564e+02
7.500000000000005551e-01,6.762176447662675116e+01,-2.135966986684167401e-01,1.229031284261325112e+02
7.600000000000005640e-01,6.882638363398466197e+01,-2.086789455299369322e-01,1.185552788945347373e+02
7.700000000000005729e-01,7.004579608937154944e+01,-2.146218161783155221e-01,1.238182051925379028e+02
7.800000000000005818e-01,7.126052241353148986e+01,-2.206062148516991506e-01,1.225876713949326700e+02
7.900000000000005906e-01,7.246567472607291904e+01,-2.389763475744171028e-01,1.185118103629766608e+02
8.000000000000005995e-01,7.368940734896631284e+01,-2.465131472122654988e-01,1.228455853617487605e+02
8.100000000000006084e-01,7.491973621440439501e+01,-2.520295243037913302e-01,1.227461306606639795e+02
8.200000000000006173e-01,7.613993443380518045e+01,-2.510062278948718695e-01,1.219660762246292478e+02
8.300000000000006262e-01,7.735678332240743771e+01,-2.480705666736164605e-01,1.214903779415522678e+02
8.400000000000006350e-01,7.854597918714219418e+01,-2.478713020004659484e-01,1.169693383012788672e+02
8.500000000000006439e-01,7.975292946296306695e+01,-2.509438824772619037e-01,1.227019942696383907e+02
8.600000000000006528e-01,8.095405255571213843e+01,-2.619128634131778210e-01,1.185320761628274653e+02
8.700000000000006617e-01,8.218931145284828688e+01,-2.786579082763261939e-01,1.236680489402229171e+02
8.800000000000006706e-01,8.342756925686441605e+01,-3.007993283491646186e-01,1.237563407475209800e+02
8.900000000000006795e-01,8.463731400058202325e+01,-3.291307588592373712e-01,1.192373132035952352e+02
9.000000000000005773e-01,8.586334554137306441e+01,-3.460676093011837429e-01,1.244128833471751960e+02
9.100000000000005862e-01,8.706871538406149114e+01,-3.593288872439064363e-01,1.193313622562491645e+02
9.200000000000005951e-01,8.829891846434823321e+01,-3.734068789684304446e-01,1.248491821881822403e+02
9.300000000000006040e-01,8.952400333643444696e+01,-3.857362380535833690e-01,1.234074400529880933e+02
9.400000000000006128e-01,9.075567641303391042e+01,-4.015408661117208511e-01,1.226215931118042022e+02
9.500000000000006217e-01,9.197892154445258939e+01,-4.166108652544301405e-01,1.220830621138197785e+02
9.600000000000006306e-01,9.319938270387346790e+01,-4.347301798191181010e-01,1.220445769047163083e+02
9.700000000000006395e-01,9.439863574981318095e+01,-4.596507967782466619e-01,1.180662702559966135e+02
9.800000000000006484e-01,9.560768110086092975e+01,-4.839278089304019925e-01,1.226475712513978067e+02
9.900000000000006573e-01,9.681149678272552705e+01,-5.099103345805757748e-01,1.214959120888328528e+02
1.000000000000000666e+00,9.802728474662885105e+01,-5.316516915069748883e-01,1.214326427118489704e+02
1.010000000000000675e+00,9.924326551108211447e+01,-5.474966416233386646e-01,1.216594592258800134e+02
1.020000000000000684e+00,1.004221220710436882e+02,-5.630809703011913081e-01,1.145637558910260765e+02
1.030000000000000693e+00,1.016417841632399899e+02,-5.661956480437594363e-01,1.262238865791971705e+02
1.040000000000000702e+00,1.028655825938264741e+02,-5.707010819673432600e-01,1.233904592272970575e+02
1.050000000000000711e+00,1.040956950348236347e+02,-5.793692535626081552e-01,1.223339347862055178e+02
1.060000000000000719e+00,1.053161422735206401e+02,-5.915705777437173518e-01,1.216899164393572477e+02
1.070000000000000728e+00,1.065339977060481402e+02,-6.089563858143989261e-01,1.217943859774482291e+02
1.080000000000000737e+00,1.077451090839104211e+02,-6.289000242584344980e-01,1.209706869182340512e+02
1.090000000000000746e+00,1.089322392607916328e+02,-6.525948078797155771e-01,1.167513901083511882e+02
1.100000000000000755e+00,1.101378843380283854e+02,-6.712964513675796496e-01,1.225129774527935638e+02
1.110000000000000764e+00,1.113136233618041473e+02,-7.025680052810059362e-01,1.141616050543013472e+02
1.120000000000000773e+00,1.125457526657738470e+02,-7.103436727241378978e-01,1.232957660390336230e+02
1.130000000000000782e+00,1.137735688969434165e+02,-7.226269200595559772e-01,1.225131823433894596e+02
1.140000000000000790e+00,1.149755065893020429e+02,-7.358339141189196297e-01,1.182951306642713689e+02
1.150000000000000799e+00,1.161936376327573157e+02,-7.584397169175229880e-01,1.237865853638200093e+02
1.160000000000000808e+00,1.174198773571459640e+02,-7.803009293701060889e-01,1.233359797800237061e+02
1.170000000000000817e+00,1.186284118625566180e+02,-8.030773049844890377e-01,1.188083938387019174e+02
1.180000000000000826e+00,1.198464655704371040e+02,-8.158232968261464046e-01,1.233684545090694371e+02
1.190000000000000835e+00,1.210535970187916206e+02,-8.280373699422515221e-01,1.217554420033828393e+02
1.200000000000000844e+00,1.222693186053440400e+02,-8.357076147158224444e-01,1.211731111026283543e+02
1.210000000000000853e+00,1.234767882326947728e+02,-8.491980318315273113e-01,1.205650514522799313e+02
1.220000000000000862e+00,1.246616248604642436e+02,-8.664414543515278622e-01,1.169083946215831986e+02
1.230000000000000870e+00,1.258736041511142787e+02,-8.828273622445157454e-01,1.234124763936194142e+02
1.240000000000000879e+00,1.270795921930583745e+02,-8.993129165798410263e-01,1.186455823310786428e+02
1.250000000000000888e+00,1.282994694223223178e+02,-9.295423438400627347e-01,1.232232847956317130e+02
1.260000000000000897e+00,1.295197652317823156e+02,-9.515440245067918745e-01,1.230507068616431070e+02
1.270000000000000906e+00,1.307505731117410619e+02,-9.894886689721983375e-01,1.225369275386653243e+02
1.280000000000000915e+00,1.319683912349365187e+02,-1.035825549032696413e+00,1.213321477233963321e+02
1.290000000000000924e+00,1.331543150358069170e+02,-1.091521492274995841e+00,1.166557773509976812e+02
1.300000000000000933e+00,1.343559866402642058e+02,-1.145108136703059776e+00,1.222037013166331008e+02
1.310000000000000941e+00,1.355443117783944444e+02,-1.200583786139200360e+00,1.168835752268015540e+02
1.320000000000000950e+00,1.367468949039300412e+02,-1.244277558571981190e+00,1.221023847518448662e+02
1.330000000000000959e+00,1.379596129303911312e+02,-1.279277888226324489e+00,1.210533312949548161e+02
1.340000000000000968e+00,1.391462918415539036e+02,-1.302850057710913223e+00,1.166451422220474115e+02
1.350000000000000977e+00,1.403419668190418577e+02,-1.337386496015227078e+00,1.222800143493185487e+02
1.360000000000000986e+00,1.415482266207558268e+02,-1.364675474925150622e+00,1.200901156657014468e+02
1.370000000000000995e+00,1.427425630297294390e+02,-1.390159452762018466e+00,1.189793200664452684e+02
1.380000000000001004e+00,1.439312605432887437e+02,-1.413619939168748507e+00,1.187357443400778294e+02
1.390000000000001013e+00,1.451005355212630832e+02,-1.441052905909661286e+00,1.153820352167260808e+02
1.400000000000001021e+00,1.462974307001536545e+02,-1.461032902192916261e+00,1.218543348779793689e+02
1.410000000000001030e+00,1.474869443350560800e+02,-1.490813255695691453e+00,1.172009316345752552e+02
1.420000000000001039e+00,1.486756863554129779e+02,-1.504532067295684117e+00,1.175573019835872657e+02
1.430000000000001048e+00,1.498972501407219795e+02,-1.528381356478988318e+00,1.217650819404710489e+02
1.440000000000001057e+00,1.511107883074150209e+02,-1.548041869184833663e+00,1.211885082472149406e+02
1.450000000000001066e+00,1.523254950488390307e+02,-1.563049423974689489e+00,1.216339730242884229e+02
1.460000000000001075e+00,1.535194092377783477e+02,-1.577707214290381410e+00,1.175972453957221546e+02
1.470000000000001084e+00,1.547290475503381515e+02,-1.580187831164275858e+00,1.228446632536389131e+02
1.480000000000001092e+00,1.559277953454947294e+02,-1.582615070851420391e+00,1.179088166622035629e+02
1.490000000000001101e+00,1.571186378458385491e+02,-1.573468005546573734e+00,1.174551407837303856e+02
1.500000000000001110e+00,1.583254627002366419e+02,-1.575511076266864041e+00,1.224890381369822592e+02
1.510000000000001119e+00,1.595436457579910154e+02,-1.581862119633474117e+00,1.218131034412763114e+02
1.520000000000001128e+00,1.607673313249723321e+02,-1.593410140438343170e+00,1.227031377020222180e+02
1.530000000000001137e+00,1.619828928777194506e+02,-1.614156337083844761e+00,1.228197755251015053e+02
1.540000000000001146e+00,1.632103389916348135e+02,-1.627641022117308767e+00,1.224363643047577739e+02
1.550000000000001155e+00,1.644357565572423141e+02,-1.640582653820381598e+00,1.223255848295108308e+02
1.560000000000001164e+00,1.656353642235029611e+02,-1.652113332104259147e+00,1.181272388787339338e+02
1.570000000000001172e+00,1.668560212264228539e+02,-1.668703282536091903e+00,1.243010798410506510e+02
1.580000000000001181e+00,1.680852298905380167e+02,-1.683778908521533113e+00,1.226042801587141611e+02
1.590000000000001190e+00,1.693082571143582697e+02,-1.695619839465630330e+00,1.221565409027335818e+02
1.600000000000001199e+00,1.705078833041787618e+02,-1.706943123079220026e+00,1.182895729334606330e+02
1.610000000000001208e+00,1.717229203567665365e+02,-1.713197850835666225e+00,1.235317488621299162e+02
1.620000000000001217e+00,1.729239964603126509e+02,-1.717367674080495510e+00,1.180840198461641961e+02
1.630000000000001226e+00,1.741328915022592696e+02,-1.714256324845260249e+00,1.223749088447826381e+02
1.640000000000001235e+00,1.753474150259001192e+02,-1.705720419081547146e+00,1.212203779761650537e+02
1.650000000000001243e+00,1.765600255847545270e+02,-1.696163194612301695e+00,1.212793527063699344e+02
1.660000000000001252e+00,1.777555429939199030e+02,-1.688611311632173484e+00,1.179534726586371534e+02
1.670000000000001261e+00,1.789690576561793307e+02,-1.685606398157741381e+00,1.232579182915608129e+02
1.680000000000001270e+00,1.801687254109044432e+02,-1.681911136200991974e+00,1.179360127822347550e+02
1.690000000000001279e+00,1.813697730897529823e+02,-1.682425888795376467e+00,1.227901222785418724e+02
1.700000000000001288e+00,1.825822154319330650e+02,-1.673135466853457487e+00,1.218686556103607472e+02
1.710000000000001297e+00,1.837863524480469835e+02,-1.651468842232657552e+00,1.217370380716647844e+02
1.720000000000001306e+00,1.850126683064847555e+02,-1.628871113455786501e+00,1.228572728468871844e+02
1.730000000000001315e+00,1.862400074407989052e+02,-1.599702928365114962e+00,1.225622317329197557e+02
1.740000000000001323e+00,1.874449854155169533e+02,-1.573262908419199801e+00,1.186581806979659461e+02
1.750000000000001332e+00,1.886732253491460085e+02,-1.542160919796825125e+00,1.246708419252110929e+02
1.760000000000001341e+00,1.899067211284471455e+02,-1.508075010642191183e+00,1.231566258892508472e+02
1.770000000000001350e+00,1.911295617506320639e+02,-1.473911103391859934e+00,1.220142729158855417e+02
1.780000000000001359e+00,1.923267217771487765e+02,-1.439481124275564961e+00,1.179367042926960778e+02
1.790000000000001368e+00,1.935403844560838138e+02,-1.413306165570894501e+00,1.234097110805941924e+02
1.800000000000001377e+00,1.947473107706053099e+02,-1.386580567074124248e+00,1.187747772904637031e+02
1.810000000000001386e+00,1.959434954252394903e+02,-1.370607333019539853e+00,1.196786934609598916e+02
1.820000000000001394e+00,1.971772181464002358e+02,-1.336393888044870693e+00,1.231474763839892859e+02
1.830000000000001403e+00,1.984067905098211497e+02,-1.297614800713266181e+00,1.227478006939283688e+02
1.840000000000001412e+00,1.996346984369019140e+02,-1.252811375402298477e+00,1.227919653410044560e+02
1.850000000000001421e+00,2.008462194786941097e+02,-1.194758792483392229e+00,1.196518414776936936e+02
1.860000000000001430e+00,2.020547635303711047e+02,-1.154184867588847307e+00,1.187136673216284919e+02
1.870000000000001439e+00,2.032751655565188003e+02,-1.105924196295633655e+00,1.239258446696721307e+02
1.880000000000001448e+00,2.044901732884219427e+02,-1.061435675787746780e+00,1.225003165820004511e+02
1.890000000000001457e+00,2.057156850134793729e+02,-1.020794794203796263e+00,1.221429455553588070e+02
1.900000000000001243e+00,2.069368219556346844e+02,-9.855460890348620717e-01,1.219934064578919788e+02
1.910000000000000142e+00,2.081603891090597642e+02,-9.544089593339787347e-01,1.224029040896689366e+02
1.919999999999999041e+00,2.093741229090945808e+02,-9.299531673043676117e-01,1.220789101502414411e+02
1.929999999999997939e+00,2.105831163143108711e+02,-9.006351568183801337e-01,1.213933029807049451e+02
1.939999999999996838e+00,2.117727039776217453e+02,-8.752830781262925797e-01,1.170940971522648368e+02
1.949999999999995737e+00,2.129835190353604730e+02,-8.533701314121370229e-01,1.235188551372679058e+02
1.959999999999994635e+00,2.141982360749103407e+02,-8.338420154291463771e-01,1.202736262946831403e+02
1.969999999999993534e+00,2.154376550689904946e+02,-8.159536808975005329e-01,1.242767232706207778e+02
1.979999999999992433e+00,2.166785319637566545e+02,-7.982034975503633500e-01,1.238167630898250735e+02
1.989999999999991331e+00,2.178948563740955251e+02,-7.887635718717734834e-01,1.198112190450303416e+02
1.999999999999990230e+00,2.191275798346427166e+02,-7.770164058256219253e-01,1.249694651880998890e+02
2.009999999999989129e+00,2.203683239650279404e+02,-7.691097441060290585e-01,1.238052585888061401e+02
2.019999999999988027e+00,2.216054508281502535e+02,-7.617542140339146339e-01,1.235445610407197847e+02
2.029999999999986926e+00,2.228384639885953789e+02,-7.454610044515405098e-01,1.234059234572834782e+02
2.039999999999985825e+00,2.240679330956592423e+02,-7.224801791136896689e-01,1.226810307509822167e+02
2.049999999999984723e+00,2.252694321029838989e+02,-6.911021798262592108e-01,1.182064872772176471e+02
2.059999999999983622e+00,2.264909484412408744e+02,-6.606730751340790242e-01,1.242025668932509603e+02
2.069999999999982521e+00,2.276995168720733318e+02,-6.283210870131603620e-01,1.187772611546213284e+02
2.079999999999981419e+00,2.289307186541543899e+02,-6.004826486246801487e-01,1.226809511639712582e+02
2.089999999999980318e+00,2.301531095697173157e+02,-5.749118082268996899e-01,1.220846607461742366e+02
2.099999999999979217e+00,2.313722866790273258e+02,-5.539673239310124453e-01,1.217209182932954974e+02
2.109999999999978115e+00,2.325552985988931880e+02,-5.336752313907680012e-01,1.179096793434986097e+02
2.119999999999977014e+00,2.337747017378832766e+02,-5.163765918781891839e-01,1.236007262773300681e+02
2.129999999999975913e+00,2.349903996563706983e+02,-4.975776735669964479e-01,1.221780534060117560e+02
2.139999999999974811e+00,2.362082638316369980e+02,-4.762078190072432937e-01,1.215043350697310132e+02
2.149999999999973710e+00,2.374255697322836625e+02,-4.561748982730867152e-01,1.217730527944314076e+02
2.159999999999972609e+00,2.386396332421122963e+02,-4.422271650307928459e-01,1.212838533910157679e+02
2.169999999999971507e+00,2.398313455008023141e+02,-4.312145031253197813e-01,1.171526487823703349e+02
2.179999999999970406e+00,2.410462883017924582e+02,-4.254038728723860685e-01,1.235897615272638603e+02
2.189999999999969305e+00,2.422575224600167587e+02,-4.155219431893986681e-01,1.221215853870646839e+02
2.199999999999968203e+00,2.434614507898427576e+02,-4.109590676797175157e-01,1.212224456680786489e+02
2.209999999999967102e+00,2.446657255130852491e+02,-3.950440443753608921e-01,1.208052360223152704e+02
2.219999999999966001e+00,2.458679135020652495e+02,-3.815241927916299125e-01,1.198403530441611906e+02
2.229999999999964899e+00,2.470644436651122362e+02,-3.697793937067764269e-01,1.194669495215212152e+02
2.239999999999963798e+00,2.482370425665209837e+02,-3.654366148597388286e-01,1.154552575866327544e+02
2.249999999999962697e+00,2.494327745794814462e+02,-3.623766078783788869e-01,1.219296051301320887e+02
2.259999999999961595e+00,2.506240621652413552e+02,-3.576719070813687562e-01,1.173789633948348268e+02
2.269999999999960494e+00,2.518345416220076629e+02,-3.528695833361971124e-01,1.232191926057884359e+02
2.279999999999959392e+00,2.530402100327540893e+02,-3.591527873204626853e-01,1.218640600779171024e+02
2.289999999999958291e+00,2.542449554581156121e+02,-3.697191334062938650e-01,1.187306355612234512e+02
2.299999999999957190e+00,2.554711115864371038e+02,-4.024331870373374920e-01,1.219849679323685336e+02
2.309999999999956088e+00,2.566802700853473311e+02,-4.424212781998941857e-01,1.203951736146672431e+02
2.319999999999954987e+00,2.578563375331884231e+02,-4.937994003047688207e-01,1.154956407342513813e+02
2.329999999999953886e+00,2.590449692871105185e+02,-5.373236130415615097e-01,1.207273515589242834e+02
2.339999999999952784e+00,2.602209425180481617e+02,-5.844422249842718964e-01,1.155693697615344888e+02
2.349999999999951683e+00,2.614206914838837292e+02,-6.182371633408824119e-01,1.197283464855170934e+02
2.359999999999950582e+00,2.626157728526619053e+02,-6.503542368488323122e-01,1.193456344391636605e+02
2.369999999999949480e+00,2.637828584483544319e+02,-6.780583466220632127e-01,1.146298163747838146e+02
2.379999999999948379e+00,2.649609990392327177e+02,-7.085758258015102395e-01,1.196019515901569150e+02
2.389999999999947278e+00,2.661406728671298652e+02,-7.443617885181850191e-01,1.177848834197213250e+02
2.399999999999946176e+00,2.673169303342004355e+02,-7.822864427325699754e-01,1.175674730625291033e+02
2.409999999999945075e+00,2.684972492595933318e+02,-8.229174934795256968e-01,1.183407878039770935e+02
2.419999999999943974e+00,2.696667927010619792e+02,-8.734742332409438648e-01,1.154850304274663131e+02
2.429999999999942872e+00,2.708644912901067414e+02,-9.223983628206721130e-01,1.222668622485987271e+02
2.439999999999941771e+00,2.720431402717234732e+02,-9.750009157810978211e-01,1.174182423288138182e+02
2.449999999999940670e+00,2.732537619004075964e+02,-1.025886696863143710e+00,1.227506618618742209e+02
2.459999999999939568e+00,2.744729397294098590e+02,-1.077472603792615669e+00,1.215641516285542565e+02
2.469999999999938467e+00,2.756841130851915977e+02,-1.130845827474895149e+00,1.206674581378910318e+02
2.479999999999937366e+00,2.768843609372323158e+02,-1.181510506783749692e+00,1.196356069962960760e+02
2.489999999999936264e+00,2.780585486828563262e+02,-1.232098824021485628e+00,1.155066679985186937e+02
2.499999999999935163e+00,2.792435311902149806e+02,-1.277532022808104850e+00,1.205860229904810694e+02
2.509999999999934062e+00,2.804124830136538549e+02,-1.321464675907559894e+00,1.164578192006677284e+02
2.519999999999932960e+00,2.816094886166146125e+02,-1.369014872590502030e+00,1.211724977131244430e+02
2.529999999999931859e+00,2.828040308941219791e+02,-1.421040525653981312e+00,1.199090840226150618e+02
2.539999999999930758e+00,2.839992894500619514e+02,-1.474692025901960468e+00,1.193118712937835824e+02
2.549999999999929656e+00,2.851959424284288502e+02,-1.526905973008538364e+00,1.198750903272257915e+02
2.559999999999928555e+00,2.863788896752740243e+02,-1.580737214234331445e+00,1.167812281615211845e+02
2.569999999999927454e+00,2.875771252849334587e+02,-1.619425215200101187e+00,1.217779446576505507e+02
2.579999999999926352e+00,2.887475772216124597e+02,-1.665606931705647664e+00,1.163403159071568496e+02
2.589999999999925251e+00,2.899578447229273479e+02,-1.690471421857576262e+00,1.203467362422855587e+02
2.599999999999924150e+00,2.911543014461296366e+02,-1.721172530852863147e+00,1.192172078280911478e+02
2.609999999999923048e+00,2.923430915458461641e+02,-1.750689017026451078e+00,1.184646874499512847e+02
2.619999999999921947e+00,2.935275565613811750e+02,-1.781492651096744817e+00,1.184106611682153414e+02
2.629999999999920846e+00,2.947127383477930493e+02,-1.814887082366162918e+00,1.184583553189191889e+02
2.639999999999919744e+00,2.958767462131989987e+02,-1.847616019565113676e+00,1.147101985314818933e+02
2.649999999999918643e+00,2.970390998659275397e+02,-1.886254694068912885e+00,1.167387288280052218e+02
2.659999999999917542e+00,2.982243420704511436e+02,-1.902040705711623758e+00,1.168001272093075755e+02
2.669999999999916440e+00,2.994367030139304120e+02,-1.917391938174480392e+00,1.210965556052409937e+02
2.679999999999915339e+00,3.006493928296280842e+02,-1.933265709270288069e+00,1.214300748225259241e+02
2.689999999999914237e+00,3.018361018606224775e+02,-1.949096109591899495e+00,1.167339415063942880e+02
2.699999999999913136e+00,3.030384203930765921e+02,-1.972122630020905598e+00,1.221457864080664422e+02
2.709999999999912035e+00,3.042425818756240119e+02,-1.998516854577336188e+00,1.210326900175139997e+02
2.719999999999910933e+00,3.054275096403745806e+02,-2.034180445033171747e+00,1.163679687263345244e+02
2.729999999999909832e+00,3.066248414176446317e+02,-2.057529673249707702e+00,1.214446150454138404e+02
2.739999999999908731e+00,3.078222402621818219e+02,-2.081137185772198528e+00,1.207144599063662014e+02
2.749999999999907629e+00,3.090317612465258321e+02,-2.093308958813480114e+00,1.209905082990128307e+02
2.759999999999906528e+00,3.102414319038975918e+02,-2.096966929927513767e+00,1.209159261296392884e+02
2.769999999999905427e+00,3.114291201002463367e+02,-2.098676641816953570e+00,1.169628152913879831e+02
2.779999999999904325e+00,3.126335861402511114e+02,-2.095534118285669489e+00,1.223302256851987835e+02
2.789999999999903224e+00,3.138303502298056742e+02,-2.089112476543539820e+00,1.178175700238729888e+02
2.799999999999902123e+00,3.150540913328404145e+02,-2.078825920865835286e+00,1.225131746707181861e+02
2.809999999999901021e+00,3.162730681443206322e+02,-2.069931972144726018e+00,1.216079017433007863e+02
2.819999999999899920e+00,3.174679132865459223e+02,-2.053593980803746444e+00,1.176936857597318209e+02
2.829999999999898819e+00,3.186894339245015999e+02,-2.048456016028732840e+00,1.218537050347604804e+02
2.839999999999897717e+00,3.198805725602557004e+02,-2.041132799276191623e+00,1.170850350227519385e+02
2.849999999999896616e+00,3.210869257402009112e+02,-2.022645263683795491e+00,1.226179379340022706e+02
2.859999999999895515e+00,3.222917922380567006e+02,-1.999034186117534473e+00,1.189711148583439240e+02
2.869999999999894413e+00,3.235322530114389110e+02,-1.956643785324583051e+00,1.242917300537759644e+02
2.879999999999893312e+00,3.247739629060107518e+02,-1.909190646433058358e+00,1.239579431448365057e+02
2.889999999999892211e+00,3.259774934371777704e+02,-1.854002987639802313e+00,1.183929788874922480e+02
2.899999999999891109e+00,3.271987274957572822e+02,-1.800569670563524349e+00,1.240566222864649717e+02
2.909999999999890008e+00,3.284068675773414157e+02,-1.743044892071434537e+00,1.187268009170782506e+02
2.919999999999888907e+00,3.296340466011084231e+02,-1.687808236807521789e+00,1.228495380760616200e+02
2.929999999999887805e+00,3.308568281000959246e+02,-1.631178490648094170e+00,1.218648161444041591e+02
2.939999999999886704e+00,3.320597104021861696e+02,-1.578915762342814055e+00,1.216529803070618385e+02
2.949999999999885603e+00,3.332787398884161689e+02,-1.523460303800560078e+00,1.215415062385293226e+02
2.959999999999884501e+00,3.344892874418598581e+02,-1.471161673878221610e+00,1.206823181122844062e+02
2.969999999999883400e+00,3.356580942674149242e+02,-1.407695901527598270e+00,1.161954451721588129e+02
2.979999999999882299e+00,3.368598527176453672e+02,-1.358798760055876631e+00,1.223874996159764521e+02
2.989999999999881197e+00,3.380624299119381817e+02,-1.305086484431049021e+00,1.186390829226979520e+02
2.999999999999880096e+00,3.392843909864307648e+02,-1.246190048299256725e+00,1.240767409821778244e+02
3.009999999999878995e+00,3.405049271946138560e+02,-1.182818976680632961e+00,1.224896216995649638e+02
3.019999999999877893e+00,3.417093394281526457e+02,-1.126620625887332805e+00,1.213099297311415654e+02
3.029999999999876792e+00,3.429230981624313017e+02,-1.069160387378506938e+00,1.209073359231222895e+02
3.039999999999875691e+00,3.441300966324611181e+02,-1.016682900498574238e+00,1.203538760943223309e+02
3.049999999999874589e+00,3.453334989522476803e+02,-9.685198896788180800e-01,1.201526173140354103e+02
3.059999999999873488e+00,3.465333968644068250e+02,-9.250126628249387695e-01,1.202261434085091452e+02
3.069999999999872387e+00,3.477354582718713800e+02,-8.855968592921129590e-01,1.202067570583905649e+02
3.079999999999871285e+00,3.488899197737043210e+02,-8.361526821464692061e-01,1.118632665999237190e+02
3.089999999999870184e+00,3.500883147217624014e+02,-8.075981689379538864e-01,1.219416012260466715e+02
3.099999999999869083e+00,3.512834912840536958e+02,-7.772430548091884273e-01,1.179390381205052591e+02
3.109999999999867981e+00,3.525061962011015453e+02,-7.515785526894784851e-01,1.249022016473127366e+02
3.119999999999866880e+00,3.537342812225398916e+02,-7.228410391523941714e-01,1.235346634599321192e+02
3.129999999999865778e+00,3.549725995913949532e+02,-6.905445572324453440e-01,1.237326362797265915e+02
3.139999999999864677e+00,3.561845753712131568e+02,-6.609658414950086991e-01,1.192807437677750499e+02
3.149999999999863576e+00,3.573977840919664573e+02,-6.136595350133096094e-01,1.194185133371565826e+02
3.159999999999862474e+00,3.586208692232393105e+02,-5.799034229951530728e-01,1.239299193616350721e+02
3.169999999999861373e+00,3.598523997393632499e+02,-5.481715101531434708e-01,1.228756107139905396e+02
3.179999999999860272e+00,3.610823013611469037e+02,-5.187713274548575448e-01,1.228617950791448550e+02
3.189999999999859170e+00,3.623086688247008169e+02,-4.934947671617674336e-01,1.223665444519582763e+02
3.199999999999858069e+00,3.635098716392381561e+02,-4.748535529771469865e-01,1.184272692044946211e+02
3.209999999999856968e+00,3.647314748048382285e+02,-4.573994048560997006e-01,1.242518164155596878e+02
3.219999999999855866e+00,3.659386432637975872e+02,-4.451605958773772187e-01,1.187828300874676586e+02
3.229999999999854765e+00,3.671664229931354271e+02,-4.365434298735989538e-01,1.222725028776719256e+02
3.239999999999853664e+00,3.683637028639006985e+02,-4.252126816320382918e-01,1.179999054269692493e+02
3.249999999999852562e+00,3.695805381118628929e+02,-4.248617972674919585e-01,1.235787088795440951e+02
3.259999999999851461e+00,3.708025513181140127e+02,-4.238094760707292741e-01,1.229271671597167455e+02
3.269999999999850360e+00,3.720339583319355938e+02,-4.319508134928172760e-01,1.230175869174789085e+02
3.279999999999849258e+00,3.732407451578826567e+02,-4.453651251674951017e-01,1.186708551952638118e+02
3.289999999999848157e+00,3.744614517458838350e+02,-4.498449528972715550e-01,1.240289687121887852e+02
3.299999999999847056e+00,3.756923456177744356e+02,-4.577849354348403343e-01,1.231554983005095210e+02
3.309999999999845954e+00,3.769257651790060777e+02,-4.744829914563641893e-01,1.234194920409480147e+02
3.319999999999844853e+00,3.781440402586015352e+02,-5.027494945020674066e-01,1.203438873528512261e+02
3.329999999999843752e+00,3.793795688404142652e+02,-5.447334102777805498e-01,1.253024352271462618e+02
3.339999999999842650e+00,3.806182348741468786e+02,-5.991319247939960180e-01,1.244571164170820339e+02
3.349999999999841549e+00,3.818560080606291081e+02,-6.632942056659326679e-01,1.232784767183846952e+02
3.359999999999840448e+00,3.830615933399328128e+02,-7.401077165763941812e-01,1.185268701737055750e+02
3.369999999999839346e+00,3.842721970118670924e+02,-8.069850854119717809e-01,1.227412832487640060e+02
3.379999999999838245e+00,3.854902339411979710e+02,-8.758349463386192468e-01,1.214464906903133254e+02
3.389999999999837144e+00,3.867002248227278187e+02,-9.453759734175284368e-01,1.207698527704359321e+02
3.399999999999836042e+00,3.878837569669501022e+02,-1.021075276874100712e+00,1.164586146513471050e+02
3.409999999999834941e+00,3.890852674684730914e+02,-1.099586107209114205e+00,1.221350902607261588e+02
3.419999999999833840e+00,3.902904503105402227e+02,-1.187174445834579872e+00,1.210909815120429585e+02
3.429999999999832738e+00,3.914947545838441556e+02,-1.282040615884161738e+00,1.199654499429546348e+02
3.439999999999831637e+00,3.926918142677542960e+02,-1.382917252402173558e+00,1.195351500567008145e+02
3.449999999999830536e+00,3.938815118329560505e+02,-1.491044831861607411e+00,1.196487730525497710e+02
3.459999999999829434e+00,3.950422094610553927e+02,-1.595215910331449605e+00,1.151898848830503255e+02
3.469999999999828333e+00,3.962244449509704509e+02,-1.683318327578954943e+00,1.199230967144283824e+02
3.479999999999827232e+00,3.973954457222267251e+02,-1.774402178695751120e+00,1.151567437404389551e+02
3.489999999999826130e+00,3.985814066200627508e+02,-1.852275757042360471e+00,1.189117946313326399e+02
3.499999999999825029e+00,3.997668431071412556e+02,-1.933997782550759714e+00,1.182088279162277757e+02
3.509999999999823928e+00,4.009493442104480323e+02,-2.019929814202044760e+00,1.182606722775500145e+02
3.519999999999822826e+00,4.021368862322217979e+02,-2.109174665132482751e+00,1.191521250227871320e+02
3.529999999999821725e+00,4.033050200692868543e+02,-2.202889177336025739e+00,1.156506522086262976e+02
3.539999999999820623e+00,4.045063612585703936e+02,-2.288636814798326036e+00,1.225256096835873905e+02
3.549999999999819522e+00,4.057066095259094709e+02,-2.380637825121468598e+00,1.183332006313523976e+02
3.559999999999818421e+00,4.069235173914781285e+02,-2.461268155842953220e+00,1.232571747288841806e+02
3.569999999999817319e+00,4.081446640996307451e+02,-2.537406936476209296e+00,1.225528054131052897e+02
3.579999999999816218e+00,4.093588814127860473e+02,-2.611190887655329362e+00,1.215973331795156156e+02
3.589999999999815117e+00,4.105713320149258152e+02,-2.673815316899326167e+00,1.210382890684746542e+02
3.599999999999814015e+00,4.117802863486493266e+02,-2.729774095258941102e+00,1.209831455680937040e+02
3.609999999999812914e+00,4.129668597148411209e+02,-2.794838206046741824e+00,1.168203479019926476e+02
3.619999999999811813e+00,4.141714627312297807e+02,-2.852311734320685410e+00,1.223985925819095542e+02
3.629999999999810711e+00,4.153702751019757216e+02,-2.923465866899532362e+00,1.180804654419828097e+02
3.639999999999809610e+00,4.165910185083538977e+02,-2.989271704235157312e+00,1.217457907113574009e+02
3.649999999999808509e+00,4.178045126942923844e+02,-3.067758220178602890e+00,1.211328754763749629e+02
3.659999999999807407e+00,4.189949021669635272e+02,-3.148895890393780483e+00,1.170308245293242919e+02
3.669999999999806306e+00,4.202110716072929222e+02,-3.230735887125361749e+00,1.211208921757872332e+02
3.679999999999805205e+00,4.214144953310769210e+02,-3.309507620619271506e+00,1.200196521831551593e+02
3.689999999999804103e+00,4.225876718941030958e+02,-3.396604487587975285e+00,1.155738690627654819e+02
3.699999999999803002e+00,4.237773657511436340e+02,-3.471266181262722128e+00,1.209903130380581615e+02
3.709999999999801901e+00,4.249616174941562008e+02,-3.551520386130212703e+00,1.166164910736200824e+02
3.719999999999800799e+00,4.261529751516304714e+02,-3.628111556570714935e+00,1.207147938421393860e+02
3.729999999999799698e+00,4.273524662790842967e+02,-3.704937072878079274e+00,1.197370864876680798e+02
3.739999999999798597e+00,4.285495365717862910e+02,-3.784711798038474573e+00,1.197641097433844521e+02
3.749999999999797495e+00,4.297286971705502197e+02,-3.862956120675963501e+00,1.162161455918281376e+02
3.759999999999796394e+00,4.309270685640381657e+02,-3.935246281256724821e+00,1.218009970815106016e+02
3.769999999999795293e+00,4.321325150619461510e+02,-4.005847435990075311e+00,1.215140310482541395e+02
3.779999999999794191e+00,4.333288112104687571e+02,-4.090507885080771011e+00,1.179655574140140288e+02
3.789999999999793090e+00,4.345376869125756230e+02,-4.153023609205506617e+00,1.212778007539962175e+02
3.799999999999791989e+00,4.357467896493384956e+02,-4.215100126036841921e+00,1.205182498349328881e+02
3.809999999999790887e+00,4.369501129027322577e+02,-4.279356503557583125e+00,1.202371278813412232e+02
3.819999999999789786e+00,4.381548541977339823e+02,-4.345473964623516316e+00,1.206744301694605781e+02
3.829999999999788685e+00,4.393489756937296420e+02,-4.417489868676931941e+00,1.183845966070307725e+02
3.839999999999787583e+00,4.405693087617736410e+02,-4.480920678802044144e+00,1.239049800024186538e+02
3.849999999999786482e+00,4.417827835732571202e+02,-4.551745205112717407e+00,1.195367333136440067e+02
3.859999999999785381e+00,4.430215866534451834e+02,-4.604361951297701872e+00,1.234731599847173129e+02
3.869999999999784279e+00,4.442345423909928286e+02,-4.659964303673985953e+00,1.225454994222081666e+02
3.879999999999783178e+00,4.454630415723192414e+02,-4.707776979238945003e+00,1.226550262081051130e+02
3.889999999999782077e+00,4.466896829892688743e+02,-4.750158505174534085e+00,1.227378113167876705e+02
3.899999999999780975e+00,4.479190183119092126e+02,-4.790123411282752208e+00,1.227867561639988310e+02
3.909999999999780318e+00,4.491422144312721798e+02,-4.829417718157618999e+00,1.220035164500395553e+02
3.919999999999779217e+00,4.503383449102290683e+02,-4.874392298627458153e+00,1.178258639394214242e+02
3.929999999999778115e+00,4.515533506696251607e+02,-4.899594827081537929e+00,1.236490836352936782e+02
3.939999999999777014e+00,4.527725053198273599e+02,-4.921722786989762177e+00,1.226260713659236501e+02
3.949999999999775913e+00,4.539942365348262001e+02,-4.931877666218899670e+00,1.219216421020594083e+02
3.959999999999774811e+00,4.551890931878858737e+02,-4.938977776346184179e+00,1.176746400392377723e+02
3.969999999999773710e+00,4.564004386285110400e+02,-4.944717758556753218e+00,1.231116612336277285e+02
3.979999999999772609e+00,4.576094717330385038e+02,-4.954091067071257015e+00,1.221283603360692211e+02
3.989999999999771507e+00,4.588355765777878332e+02,-4.967107679490501582e+00,1.225292610223317666e+02
3.999999999999770406e+00,4.600492629930484441e+02,-4.993747055122852885e+00,1.229548570219160837e+02
4.009999999999769749e+00,4.612879251813599808e+02,-5.017710086511123713e+00,1.239383243310047078e+02
4.019999999999768647e+00,4.625306635314202026e+02,-5.043823229804290875e+00,1.242848807733566616e+02
4.029999999999767546e+00,4.637748314006182113e+02,-5.069366371461577536e+00,1.241594675790030919e+02
4.039999999999766445e+00,4.649881013558143650e+02,-5.094136620990992625e+00,1.192257673417030048e+02
4.049999999999765343e+00,4.662195326207328208e+02,-5.115372434440583760e+00,1.237178379705555500e+02
4.059999999999764242e+00,4.674506821960841876e+02,-5.132022325234181004e+00,1.228109385820000909e+02
4.069999999999763141e+00,4.686547235093734685e+02,-5.151809135825477171e+00,1.186080339952407599e+02
4.079999999999762039e+00,4.698720002276660352e+02,-5.161978869363513134e+00,1.236385479087158643e+02
4.089999999999760938e+00,4.710972384480504047e+02,-5.175918348670002445e+00,1.231009790525965997e+02
4.099999999999759837e+00,4.723225371628587936e+02,-5.193020722061208794e+00,1.221195251443445926e+02
4.109999999999758735e+00,4.735180067095491268e+02,-5.212587669107851873e+00,1.176626404901816301e+02
4.119999999999757634e+00,4.747437755943543038e+02,-5.238807643276196302e+00,1.225217491838076995e+02
4.129999999999756533e+00,4.759696344575666558e+02,-5.264523413068437740e+00,1.225742511891991313e+02
4.139999999999755431e+00,4.771775347681449944e+02,-5.299840996995444087e+00,1.216179821608607057e+02
4.149999999999754330e+00,4.783766838802991401e+02,-5.323741402862528282e+00,1.183353688483007176e+02
4.159999999999753229e+00,4.795998979634368311e+02,-5.337460627488215259e+00,1.243740336215627593e+02
4.169999999999752127e+00,4.808136417402895404e+02,-5.351319860315732591e+00,1.194277110461678433e+02
4.179999999999751026e+00,4.820458434829827752e+02,-5.348348582889843605e+00,1.235190625716817294e+02
4.189999999999749924e+00,4.832747561544538257e+02,-5.337104764385768085e+00,1.224711684523057471e+02
4.199999999999748823e+00,4.844910486499172748e+02,-5.326173026929343912e+00,1.211751036949679161e+02
4.209999999999747722e+00,4.857049035033639939e+02,-5.310870133149573569e+00,1.213890344943023223e+02
4.219999999999746620e+00,4.868974172276191439e+02,-5.292191292878852593e+00,1.174140115980238477e+02
4.229999999999745519e+00,4.881037609574251519e+02,-5.272622518721551188e+00,1.228850840439746008e+02
4.239999999999744418e+00,4.893006518942970047e+02,-5.253324587276427593e+00,1.176623561717284048e+02
4.249999999999743316e+00,4.905136184578137204e+02,-5.232669887407724651e+00,1.216784226668132192e+02
4.259999999999742215e+00,4.917274967312613967e+02,-5.213794067878962935e+00,1.211656916060218663e+02
4.269999999999741114e+00,4.929183822203133900e+02,-5.191712633745799721e+00,1.174769851501813491e+02
4.279999999999740012e+00,4.941448038890279122e+02,-5.177865690209978666e+00,1.236174817477760257e+02
4.289999999999738911e+00,4.953558357146811204e+02,-5.175986772573149430e+00,1.191585895418553633e+02
4.299999999999737810e+00,4.965873785902172699e+02,-5.161764450515015312e+00,1.249255133829058906e+02
4.309999999999736708e+00,4.978199021516662128e+02,-5.155150860584098105e+00,1.237471494830988377e+02
4.319999999999735607e+00,4.990512217693820389e+02,-5.153581859679741584e+00,1.227900109183256632e+02
4.329999999999734506e+00,5.002760828612678097e+02,-5.161397071631608213e+00,1.224676628146196293e+02
4.339999999999733404e+00,5.014807202085558515e+02,-5.180377091213276053e+00,1.188853229353993726e+02
4.349999999999732303e+00,5.027062041714455631e+02,-5.206397907581394868e+00,1.245650039626856795e+02
4.359999999999731202e+00,5.039306487067588591e+02,-5.243397263722862078e+00,1.237351500659084564e+02
4.369999999999730100e+00,5.051483655312589462e+02,-5.295666900381956310e+00,1.198778123023366078e+02
4.379999999999728999e+00,5.063709672956856593e+02,-5.335317929349155719e+00,1.236319201639327900e+02
4.389999999999727898e+00,5.075979121767443303e+02,-5.376818233973339467e+00,1.221536147856135699e+02
4.399999999999726796e+00,5.088107319011653544e+02,-5.422729006420139442e+00,1.210750538719972127e+02
4.409999999999725695e+00,5.100184367916456836e+02,-5.472197224203323884e+00,1.204748104174220771e+02
4.419999999999724594e+00,5.111990342863612682e+02,-5.529175837127930038e+00,1.163030202793942038e+02
4.429999999999723492e+00,5.124000449990486459e+02,-5.584122608330043036e+00,1.221432425568028037e+02
4.439999999999722391e+00,5.135943563797262641e+02,-5.649668956278549814e+00,1.175397307798097302e+02
4.449999999999721290e+00,5.148030715046792238e+02,-5.714907674804958759e+00,1.212874450282888574e+02
4.459999999999720188e+00,5.160109853679184653e+02,-5.784731096660779670e+00,1.204536680043604520e+02
4.469999999999719087e+00,5.172136362857236236e+02,-5.850112783700945229e+00,1.200711270591362023e+02
4.479999999999717986e+00,5.184123716107001201e+02,-5.913051655193930500e+00,1.197421743689705238e+02
4.489999999999716884e+00,5.195628360030779049e+02,-5.983322018022033895e+00,1.114840647164879499e+02
4.499999999999715783e+00,5.207580482127320920e+02,-6.031512554224619294e+00,1.210568800608112525e+02
4.509999999999714682e+00,5.219497156700585947e+02,-6.084583067604463658e+00,1.200868599826985417e+02
4.519999999999713580e+00,5.231480823813905090e+02,-6.131474896239294203e+00,1.193720690772626085e+02
4.529999999999712479e+00,5.243394519198093349e+02,-6.187302964738379707e+00,1.190002843496496183e+02
4.539999999999711378e+00,5.255321803592269134e+02,-6.251213119987632183e+00,1.194250592821709915e+02
4.549999999999710276e+00,5.267128521616377839e+02,-6.314438172938487526e+00,1.199540616849324408e+02
4.559999999999709175e+00,5.279009648028722950e+02,-6.383356928355348181e+00,1.175077046987177454e+02
4.569999999999708074e+00,5.291104665325260612e+02,-6.436879819812873826e+00,1.227187419903281125e+02
4.579999999999706972e+00,5.303125842946577677e+02,-6.490844412376831407e+00,1.183320226352783493e+02
4.589999999999705871e+00,5.315277721695357513e+02,-6.527486143217125836e+00,1.231045541642289436e+02
4.599999999999704769e+00,5.327381135976238511e+02,-6.568920431736986920e+00,1.218379114275198987e+02
4.609999999999703668e+00,5.339561086263533980e+02,-6.603020269230945871e+00,1.214246508412296350e+02
4.619999999999702567e+00,5.351620902393783581e+02,-6.642741657885842699e+00,1.207771158429231946e+02
4.629999999999701465e+00,5.363758517713507672e+02,-6.680534433147224505e+00,1.217330235213003107e+02
4.639999999999700364e+00,5.375803835196243199e+02,-6.724299694764693136e+00,1.194314960608916891e+02
4.649999999999699263e+00,5.388102884488887412e+02,-6.753439282509318353e+00,1.248842305954407408e+02
4.659999999999698161e+00,5.400350446088674516e+02,-6.786854719569840100e+00,1.207032679369996799e+02
4.669999999999697060e+00,5.412745272136072572e+02,-6.805305200573713797e+00,1.255611897592885100e+02
4.679999999999695959e+00,5.425187599083811847e+02,-6.821658323760944498e+00,1.240489885547277709e+02
4.689999999999694857e+00,5.437300949277257587e+02,-6.831925044136699654e+00,1.189683352078085647e+02
4.699999999999693756e+00,5.449675691352179001e+02,-6.838175614801436986e+00,1.234734101484224169e+02
4.709999999999692655e+00,5.461964350867561961e+02,-6.843717319114094089e+00,1.227329148640191647e+02
4.719999999999691553e+00,5.474035188186448977e+02,-6.858415964265784481e+00,1.191089348735800968e+02
4.729999999999690452e+00,5.486310747622941335e+02,-6.859749967459451092e+00,1.245955478260558209e+02
4.739999999999689351e+00,5.498422408946298674e+02,-6.873456424806113851e+00,1.191491089775698100e+02
4.749999999999688249e+00,5.510702415821758677e+02,-6.878192691645811152e+00,1.222846755201945683e+02
4.759999999999687148e+00,5.522868480948164915e+02,-6.893340157196700346e+00,1.214085638841443853e+02
4.769999999999686047e+00,5.534789670373201034e+02,-6.912469287795329542e+00,1.175055865095517902e+02
4.779999999999684945e+00,5.546994700112086321e+02,-6.930454448357608044e+00,1.244755691206948001e+02
4.789999999999683844e+00,5.559124634055111756e+02,-6.949590018098179556e+00,1.194544253247131138e+02
4.799999999999682743e+00,5.571652639466697110e+02,-6.961822048963830945e+00,1.249382619836658392e+02
4.809999999999681641e+00,5.583853179950377807e+02,-6.989244743073505184e+00,1.203182684350398119e+02
4.819999999999680540e+00,5.596198975010446475e+02,-6.997397885830880071e+00,1.235200216796949064e+02
4.829999999999679439e+00,5.608491865455956713e+02,-7.010489987658152344e+00,1.224912197026972080e+02
4.839999999999678337e+00,5.620731478869572584e+02,-7.027842408368442761e+00,1.224006691852603979e+02
4.849999999999677236e+00,5.632815759734925223e+02,-7.054219510323572528e+00,1.194950892483500411e+02
4.859999999999676135e+00,5.645084740201251634e+02,-7.078444355853904746e+00,1.245420492092883791e+02
4.869999999999675033e+00,5.657255645632592405e+02,-7.110651448159329924e+00,1.198028846300232431e+02
4.879999999999673932e+00,5.669644194449524548e+02,-7.129139283865202792e+00,1.240421848092761792e+02
4.889999999999672831e+00,5.681908559705982498e+02,-7.147784697549150579e+00,1.231942509967431221e+02
4.899999999999671729e+00,5.694202990541992904e+02,-7.159354921250288051e+00,1.227254789723950807e+02
4.909999999999670628e+00,5.706444310564012312e+02,-7.169686389215441658e+00,1.232662252329552359e+02
4.919999999999669527e+00,5.718788875495156390e+02,-7.175460890908031075e+00,1.233923223733433900e+02
4.929999999999668425e+00,5.731096707733505582e+02,-7.183303497763287915e+00,1.226806664802223139e+02
4.939999999999667324e+00,5.743120041954282442e+02,-7.196152898047239788e+00,1.185308696775007036e+02
4.949999999999666223e+00,5.755357371200121861e+02,-7.195194262502481841e+00,1.247185952288878923e+02
4.959999999999665121e+00,5.767659611622168541e+02,-7.190900509526635176e+00,1.237077081742686175e+02
4.969999999999664020e+00,5.779971457240671953e+02,-7.175345958326746931e+00,1.227685871122906178e+02
4.979999999999662919e+00,5.791987909876405638e+02,-7.154208335548757347e+00,1.182025591030211302e+02
4.989999999999661817e+00,5.804148440979574843e+02,-7.133031058640189492e+00,1.236123224647871268e+02
4.999999999999660716e+00,5.816323925678804017e+02,-7.113924778733202281e+00,1.223197501630111930e+02
5.009999999999659615e+00,5.828318869372599238e+02,-7.110394985621043773e+00,1.181348458713106453e+02
5.019999999999658513e+00,5.840594545769649812e+02,-7.088331445528721630e+00,1.228552206522224566e+02
5.029999999999657412e+00,5.852920598133243857e+02,-7.072773951191869912e+00,1.235781695276008350e+02
5.039999999999656310e+00,5.865303090932970917e+02,-7.061482541265799995e+00,1.238547368779471753e+02
5.049999999999655209e+00,5.877675227061529313e+02,-7.053787668395063548e+00,1.234445038886375272e+02
5.059999999999654108e+00,5.889741279035542902e+02,-7.046603252842935206e+00,1.185950474958514604e+02
5.069999999999653006e+00,5.901992309801577221e+02,-7.034877157667104974e+00,1.245467305594681875e+02
5.079999999999651905e+00,5.914162136935977969e+02,-7.028728479784676964e+00,1.202139428320650580e+02
5.089999999999650804e+00,5.926536787088264191e+02,-7.009530158097920349e+00,1.258621512761171743e+02
5.099999999999649702e+00,5.938818844840428710e+02,-6.988669341890696884e+00,1.208448001632494311e+02
5.109999999999648601e+00,5.951209819744607330e+02,-6.953461964251836491e+00,1.256251476942772598e+02
5.119999999999647500e+00,5.963633836990766213e+02,-6.921578493609759519e+00,1.237640365357238039e+02
5.129999999999646398e+00,5.975734821843061582e+02,-6.889956544053665866e+00,1.188078080408335069e+02
5.139999999999645297e+00,5.987975413373452511e+02,-6.864885167329466853e+00,1.245011863626020840e+02
5.149999999999644196e+00,6.000218399530861006e+02,-6.844015712292195630e+00,1.236746039687935763e+02
5.159999999999643094e+00,6.012599619084965070e+02,-6.820217513448866953e+00,1.236031026161768409e+02
5.169999999999641993e+00,6.024737434351460479e+02,-6.800985661646506308e+00,1.197285771136236576e+02
5.179999999999640892e+00,6.037078090935029877e+02,-6.776446606860381472e+00,1.253906102088115944e+02
5.189999999999639790e+00,6.049432890901240398e+02,-6.760769555477379456e+00,1.246785060288647600e+02
5.199999999999638689e+00,6.061894459738110754e+02,-6.750225389884624505e+00,1.239962236580943085e+02
5.209999999999637588e+00,6.074143052489599768e+02,-6.743988068465676555e+00,1.229179960010745134e+02
5.219999999999636486e+00,6.086370515789159299e+02,-6.746582758019921577e+00,1.219048778013582961e+02
5.229999999999635385e+00,6.098543505854403293e+02,-6.747505285108984729e+00,1.216198225539642408e+02
5.239999999999634284e+00,6.110390508186458192e+02,-6.755714817365706892e+00,1.173652667239832397e+02
5.249999999999633182e+00,6.122491402759883385e+02,-6.748593079260459149e+00,1.231079380747379730e+02
5.259999999999632081e+00,6.134496865881988015e+02,-6.742106330251686153e+00,1.179882331705333769e+02
5.269999999999630980e+00,6.146704901473187874e+02,-6.727079087656232304e+00,1.216845631810788717e+02
5.279999999999629878e+00,6.158825117546762158e+02,-6.711494300255116841e+00,1.210160170645848012e+02
5.289999999999628777e+00,6.170715518870825917e+02,-6.691263919829837370e+00,1.172934732953190462e+02
5.299999999999627676e+00,6.182890808577601547e+02,-6.671137590246177140e+00,1.240496704901850649e+02
5.309999999999626574e+00,6.194870062394576280e+02,-6.665236234786778624e+00,1.188531016646234377e+02
5.319999999999625473e+00,6.207185340077033970e+02,-6.641858420559433540e+00,1.233953673346560151e+02
5.329999999999624372e+00,6.219480717900496529e+02,-6.624622611577417608e+00,1.225368559174466583e+02
5.339999999999623270e+00,6.231708913046322778e+02,-6.616022729946616110e+00,1.221081725001518663e+02
5.349999999999622169e+00,6.243909131461557536e+02,-6.616689975024605985e+00,1.221143345429573088e+02
5.359999999999621068e+00,6.255944695038106147e+02,-6.632054556191229189e+00,1.188894622286866110e+02
5.369999999999619966e+00,6.268199200797434969e+02,-6.652412358908800449e+00,1.246861681816137946e+02
5.379999999999618865e+00,6.280413965040694393e+02,-6.683574865534941623e+00,1.202743270829874263e+02
5.389999999999617764e+00,6.292845253303277104e+02,-6.709035930393159042e+00,1.244111188684358353e+02
5.399999999999616662e+00,6.305043805826805965e+02,-6.756623841129770547e+00,1.200598384931855520e+02
5.409999999999615561e+00,6.317149364871943362e+02,-6.782615415874190923e+00,1.219653908481483313e+02
5.419999999999614460e+00,6.329343066512655014e+02,-6.827665295310279880e+00,1.214833402081510769e+02
5.429999999999613358e+00,6.341424970721905083e+02,-6.877022171555230656e+00,1.205174442161210493e+02
5.439999999999612257e+00,6.353481478179422766e+02,-6.923358505140636332e+00,1.205483711212099678e+02
5.449999999999611155e+00,6.365333325267042710e+02,-6.979918253160369623e+00,1.168648445755894727e+02
5.459999999999610054e+00,6.377349004082655028e+02,-7.022491630750613112e+00,1.218946248041302738e+02
5.469999999999608953e+00,6.389271401939632824e+02,-7.063664549196673192e+00,1.172850960023821898e+02
5.479999999999607851e+00,6.401370976156423467e+02,-7.082120639582252686e+00,1.207797352485034281e+02
5.489999999999606750e+00,6.413394046650259952e+02,-7.101422596350744243e+00,1.199343206779604145e+02
5.499999999999605649e+00,6.425336109397912878e+02,-7.116357778818353630e+00,1.189854417370603983e+02
5.509999999999604547e+00,6.436950485212112198e+02,-7.132426054317078545e+00,1.140969016580968116e+02
5.519999999999603446e+00,6.448514759748036340e+02,-7.156278493422234099e+00,1.162394791785367403e+02
5.529999999999602345e+00,6.460173160722083594e+02,-7.165652599414274349e+00,1.149742065033536562e+02
5.539999999999601243e+00,6.472220668242379134e+02,-7.171513452196115246e+00,1.201353510756739951e+02
5.549999999999600142e+00,6.484196354614132360e+02,-7.179779368263296213e+00,1.194969371965870550e+02
5.559999999999599041e+00,6.496127519837806403e+02,-7.190060811316592471e+00,1.191680223055303571e+02
5.569999999999597939e+00,6.507824510677259013e+02,-7.199145774784964757e+00,1.155078854432781270e+02
5.579999999999596838e+00,6.519781466220928223e+02,-7.203861826881964525e+00,1.221303378805444311e+02
5.589999999999595737e+00,6.531748368147626707e+02,-7.210696630566439502e+00,1.180574796071378643e+02
5.599999999999594635e+00,6.543837056244949508e+02,-7.200749293733127665e+00,1.224409154509864521e+02
5.609999999999593534e+00,6.555824445148158475e+02,-7.194248170517705709e+00,1.178423308478479612e+02
5.619999999999592433e+00,6.567920287510796697e+02,-7.177219021826008571e+00,1.225349480140042573e+02
5.629999999999591331e+00,6.580072332091253884e+02,-7.164609370336948224e+00,1.213993405965182291e+02
5.639999999999590230e+00,6.591983401038205557e+02,-7.150110386868978374e+00,1.171621682913760623e+02
5.649999999999589129e+00,6.604211576674221078e+02,-7.149129732376489521e+00,1.219531459590277365e+02
5.659999999999588027e+00,6.616368617442919913e+02,-7.149104579446079022e+00,1.214736524961111286e+02
5.669999999999586926e+00,6.628360640768690928e+02,-7.152146762929511681e+00,1.185850349817296490e+02
5.679999999999585825e+00,6.640580719909988829e+02,-7.137773888379747689e+00,1.240565492885010457e+02
5.689999999999584723e+00,6.652914249686182302e+02,-7.117214382180010901e+00,1.240997816964531495e+02
5.699999999999583622e+00,6.665264630973051680e+02,-7.086373680282820331e+00,1.230900189929347448e+02
5.709999999999582521e+00,6.677311039077144414e+02,-7.052691070540601181e+00,1.183120283823625272e+02
5.719999999999581419e+00,6.689480812442991464e+02,-7.017115137044256379e+00,1.235751013470665924e+02
5.729999999999580318e+00,6.701770981207768045e+02,-6.978228908147153575e+00,1.230546184797849207e+02
5.739999999999579217e+00,6.714058704324530709e+02,-6.939305106019897806e+00,1.227107624263665571e+02
5.749999999999578115e+00,6.726096205774738337e+02,-6.907933144194116970e+00,1.187794052806806917e+02
5.759999999999577014e+00,6.738261326532946214e+02,-6.871662262397618015e+00,1.232375234824548471e+02
5.769999999999575913e+00,6.750469069368390365e+02,-6.836711211651485876e+00,1.216022950640114288e+02
5.779999999999574811e+00,6.762577457052939280e+02,-6.808124887652915014e+00,1.207978571628222824e+02
5.789999999999573710e+00,6.774668569812856731e+02,-6.781930564715146659e+00,1.209735053302930794e+02
5.799999999999572609e+00,6.786580330288576306e+02,-6.754099546894607009e+00,1.173030458257868389e+02
5.809999999999571507e+00,6.798699538668165587e+02,-6.723922090260078477e+00,1.236184785981641738e+02
5.819999999999570406e+00,6.810829894494477230e+02,-6.693578393236585100e+00,1.227054199726226358e+02
5.829999999999569305e+00,6.823039002103676012e+02,-6.666732960270193686e+00,1.226656769439150310e+02
5.839999999999568203e+00,6.835231694126185857e+02,-6.633520838490087002e+00,1.216145500612538513e+02
5.849999999999567102e+00,6.847374872552411489e+02,-6.600060531638924921e+00,1.212816695535553748e+02
5.859999999999566000e+00,6.859534056158033763e+02,-6.565925033433503089e+00,1.217347958378573622e+02
5.869999999999564899e+00,6.871555414382245317e+02,-6.535307371601271953e+00,1.188754062764405575e+02
5.879999999999563798e+00,6.883793580126073266e+02,-6.500595369926191580e+00,1.242984417457562785e+02
5.889999999999562696e+00,6.895979362781637292e+02,-6.469399069195024055e+00,1.200885653554136780e+02
5.899999999999561595e+00,6.908404767051337103e+02,-6.429912999683372377e+00,1.248181928884634573e+02
5.909999999999560494e+00,6.920615648180836388e+02,-6.383828912325088645e+00,1.201413434735709558e+02
5.919999999999559392e+00,6.932931439553107111e+02,-6.339840668015452430e+00,1.250705708990206659e+02
5.929999999999558291e+00,6.945310268885384630e+02,-6.297081752118838693e+00,1.246478154233605835e+02
5.939999999999557190e+00,6.957778395425445979e+02,-6.263381781639321133e+00,1.245769466665045826e+02
5.949999999999556088e+00,6.970068401088411747e+02,-6.243627516919699971e+00,1.214920304679488510e+02
5.959999999999554987e+00,6.982530535334125261e+02,-6.220064474374176200e+00,1.261767363407918481e+02
5.969999999999553886e+00,6.994956895806668626e+02,-6.199977157841455089e+00,1.250029079073864011e+02
5.979999999999552784e+00,7.007411759580265880e+02,-6.173235051804392803e+00,1.242195782089853680e+02
5.989999999999551683e+00,7.019776691803890571e+02,-6.140580570924456083e+00,1.233423669111753895e+02
5.999999999999550582e+00,7.031850050616070575e+02,-6.103832811535442104e+00,1.186963289838479199e+02
