time_s,phase,angle_deg,x_m,y_m,vx_cm_s,vy_cm_s,speed_cm_s,lane_error_cm
0.0,STRAIGHT,0.0,0.03702192762632241,-0.035371145206474885,13.0241986788892,-12.171695077889126,17.826382479243776,0.0
0.01,STRAIGHT,0.0,0.03986962265871412,-0.03652353421912769,36.84840114141024,-11.018109262066256,38.4604133933726,0.0
0.02,STRAIGHT,0.0,0.04176259476583789,-0.03768424863419026,8.96984791481483,-11.74505043987215,14.778510799469915,0.0
0.03,STRAIGHT,0.0,0.04370356808121314,-0.03888857716594323,23.896311361375595,-13.689505290228604,27.539721345195296,0.0
0.04,STRAIGHT,0.0,0.04507012198647484,-0.04004941833801176,6.8645703614981795,-10.15789001301794,12.259896237918527,0.0
0.05,STRAIGHT,0.0,0.04635042505559305,-0.0410160491709867,16.775881432126667,-9.473754550296572,19.266089979651746,0.0
0.060000000000000005,STRAIGHT,0.0,0.04800929344117207,-0.04198716723027428,16.15347009945254,-9.880072160716306,18.935427699285505,0.0
0.07,STRAIGHT,0.0,0.050235826950024265,-0.042915500895641626,24.43740462600634,-9.099487034541959,26.076568201106394,0.0
0.08,STRAIGHT,0.0,0.053166815872422786,-0.04377959606746991,32.163351842849906,-8.359284119786805,33.231894811495124,0.0
0.09,STRAIGHT,0.0,0.05674439716035823,-0.04457554547656632,36.84852923317072,-7.820730960903566,37.66932358578626,0.0
0.09999999999999999,STRAIGHT,0.0,0.06041273140437609,-0.0454302086078955,38.17740539136863,-8.018291573771196,39.01034839858409,0.0
0.10999999999999999,STRAIGHT,0.0,0.0644492392918768,-0.0461937148284821,41.664057096508024,-7.435666514942641,42.32236749359043,0.0
0.11999999999999998,STRAIGHT,0.0,0.06885572497613592,-0.046914414765834696,45.42087440645658,-7.09538623335892,45.97173411616797,0.0
0.12999999999999998,STRAIGHT,0.0,0.0736420487408201,-0.04759539806980287,49.321572327962635,-6.650407417958233,49.76791552523858,0.0
0.13999999999999999,STRAIGHT,0.0,0.07884577438452124,-0.04822625194101882,53.677030956318816,-6.116834215785218,54.024432557029314,0.0
0.15,STRAIGHT,0.0,0.08451747586382327,-0.048798146037051605,58.568048091709876,-5.466328092904077,58.822589199151324,0.0
0.16,STRAIGHT,0.0,0.09048190223581924,-0.04931610879082327,59.95422081931417,-5.008010302745931,60.16301821919754,0.0
0.17,STRAIGHT,0.0,0.09716895568395724,-0.04975489339119525,71.08508658366168,-3.9884402349822308,71.19689031211055,0.0
0.18000000000000002,STRAIGHT,0.0,0.10411824146079131,-0.05016935142681451,67.28340476200133,-4.467626483266521,67.43156710889409,0.0
0.19000000000000003,STRAIGHT,0.0,0.11130891107778226,-0.050574168921451536,74.38443166384452,-3.720657274651065,74.47742587192828,0.0
0.20000000000000004,STRAIGHT,0.0,0.11850084896440742,-0.05099462673817999,69.69841191248611,-4.484577515679447,69.84253760149844,0.0
0.21000000000000005,STRAIGHT,0.0,0.1258615491324018,-0.05138766717009741,73.82565631746722,-3.8790617610895306,73.92749590545546,0.0
0.22000000000000006,STRAIGHT,0.0,0.13327137122909338,-0.05177076327746233,73.69539608810429,-3.8348591632956563,73.79510518581085,0.0
0.23000000000000007,STRAIGHT,0.0,0.1403484632056235,-0.05209243641246432,68.6014952097651,-2.759974696960529,68.65699239948752,0.0
0.24000000000000007,STRAIGHT,0.0,0.14754068336872062,-0.05245344767385357,73.95364803583635,-4.007892766711333,74.06217160087746,0.0
0.25000000000000006,STRAIGHT,0.0,0.15474361321435906,-0.052751029943513154,70.60138646174923,-2.3320263105108103,70.63989040927359,0.0
0.26000000000000006,STRAIGHT,0.0,0.16231954654458874,-0.053056457578170874,77.36299979372761,-3.226942846293375,77.43027119426576,0.0
0.2700000000000001,STRAIGHT,0.0,0.1703013776392903,-0.05338422687747973,81.0893802927992,-3.3284580531034904,81.15766278843596,0.0
0.2800000000000001,STRAIGHT,0.0,0.1786653926976366,-0.053745754791440656,84.39574734944763,-4.073534241138793,84.49399891048789,0.0
0.2900000000000001,STRAIGHT,0.0,0.18711409114301486,-0.05423349419402411,85.87322275756158,-4.660012632915701,85.9995703739776,0.0
0.3000000000000001,STRAIGHT,0.0,0.19568205479257014,-0.05475021304444377,85.46121853263887,-5.44866703974891,85.63473504129912,0.0
0.3100000000000001,STRAIGHT,0.0,0.2042435505332658,-0.05533610219811477,85.54836268390541,-6.068606158723432,85.76333912929647,0.0
0.3200000000000001,STRAIGHT,0.0,0.21259196743902367,-0.05598351299726058,81.65302382809968,-6.720556646657448,81.92912901961759,0.0
0.3300000000000001,STRAIGHT,0.0,0.2211871573281291,-0.056633246731534595,88.5011094698242,-6.396849409079364,88.73199005855919,0.0
0.34000000000000014,STRAIGHT,0.0,0.2295704218090125,-0.057161281890312284,80.37753445449619,-4.483109537366934,80.50246155309632,0.0
0.35000000000000014,STRAIGHT,0.0,0.23844021632499018,-0.05776497840745087,92.08046431948628,-6.260582367552213,92.29304849701896,0.0
0.36000000000000015,STRAIGHT,0.0,0.24759174826445818,-0.05845093943731576,90.7125836162901,-7.140737872241464,90.99320284341292,0.0
0.37000000000000016,STRAIGHT,0.0,0.25728704197050795,-0.05913414223569807,97.42904272426185,-6.7628833308940015,97.66347811292266,0.0
0.38000000000000017,STRAIGHT,0.0,0.2669662942365397,-0.05980168638793542,96.33329577129503,-6.561588479577707,96.55650323792352,0.0
0.3900000000000002,STRAIGHT,0.0,0.2767108825378502,-0.06045154506617763,97.55365487378877,-6.381104462624848,97.76213005759043,0.0
0.4000000000000002,STRAIGHT,0.0,0.2864406087676083,-0.06107592049504657,97.02959421825989,-6.2140818570088925,97.22837532061193,0.0
0.4100000000000002,STRAIGHT,0.0,0.29589555148865965,-0.06171855525466644,92.68249716876667,-6.568614311935993,92.91497175061409,0.0
0.4200000000000002,STRAIGHT,0.0,0.3055500849357974,-0.06241782000668893,99.2562671350466,-6.867030077108074,99.49353078297925,0.0
0.4300000000000002,STRAIGHT,0.0,0.3150240498658968,-0.06301873676963464,91.38767876228776,-5.347297848026914,91.54398627891739,0.0
0.4400000000000002,STRAIGHT,0.0,0.32496548650788626,-0.06377402635368416,102.21988680821158,-8.004467639247217,102.53280821898592,0.0
0.45000000000000023,STRAIGHT,0.0,0.33496597869419753,-0.06460300043393058,98.30433523464713,-8.476156141260427,98.66908101759594,0.0
0.46000000000000024,STRAIGHT,0.0,0.34524940253061903,-0.06548417733216384,105.21872185613688,-8.912250407294897,105.59549060618745,0.0
0.47000000000000025,STRAIGHT,0.0,0.355692404331194,-0.06640949969197531,105.64852953428871,-9.426448619234655,106.06823146601694,0.0
0.48000000000000026,STRAIGHT,0.0,0.36632727268295756,-0.06738539902669999,106.7507990048071,-9.874270492056558,107.20650309526482,0.0
0.49000000000000027,STRAIGHT,0.0,0.3768556028505174,-0.06840652861874776,103.91925024245828,-10.655170968610983,104.46407631011243,0.0
0.5000000000000002,STRAIGHT,0.0,0.3877156677248734,-0.06935938420996945,111.32498350583397,-8.873466333746235,111.67806569488181,0.0
0.5100000000000002,STRAIGHT,0.0,0.3986752296877851,-0.07031032841738051,107.71565040451326,-10.033591604829846,108.18194998501286,0.0
0.5200000000000002,STRAIGHT,0.0,0.4097048334239837,-0.07110384679047013,108.62348884785706,-7.217097585002474,108.86298189482031,0.0
0.5300000000000002,STRAIGHT,0.0,0.4209817994117034,-0.07193505775623393,115.08126861357377,-9.03629925592857,115.43549319837558,0.0
0.5400000000000003,STRAIGHT,0.0,0.4323438059185487,-0.0727903826551081,113.14765091420283,-8.417735353261447,113.46034186392993,0.0
0.5500000000000003,STRAIGHT,0.0,0.443614369871295,-0.07360398305642142,112.3828115624986,-7.964933940667292,112.66470834902678,0.0
0.5600000000000003,STRAIGHT,0.0,0.45484355855106307,-0.07437988849584758,112.1163998282506,-7.613203588803444,112.37458778270432,0.0
0.5700000000000003,STRAIGHT,0.0,0.4655148033734754,-0.07524715326027931,102.90007314494294,-9.46114643169285,103.3341102687614,0.0
0.5800000000000003,STRAIGHT,0.0,0.4765569509176558,-0.0760326448952325,113.16930747620555,-7.6072944882401075,113.42470226575321,0.0
0.5900000000000003,STRAIGHT,0.0,0.48762676924414283,-0.07671557705578973,108.86799783594205,-6.47421805120911,109.06033399995292,0.0
0.6000000000000003,STRAIGHT,0.0,0.4988558491374127,-0.07733079115169296,114.28454246505235,-5.965752556149936,114.44014527257278,0.0
0.6100000000000003,STRAIGHT,0.0,0.5100977570740356,-0.07786988036112416,111.0980120991359,-5.075318673688562,111.2138802129448,0.0
0.6200000000000003,STRAIGHT,0.0,0.5216349058737755,-0.07835660996704698,117.98508244002215,-4.8299322469798796,118.08390205226638,0.0
0.6300000000000003,STRAIGHT,0.0,0.5332066096159944,-0.07882375847405536,116.30702553413545,-4.721323446909919,116.40281389935718,0.0
0.6400000000000003,STRAIGHT,0.0,0.5446790800740537,-0.07921308755477778,112.77738476770625,-3.2339318809527264,112.82374231718208,0.0
0.6500000000000004,STRAIGHT,0.0,0.5562056778377041,-0.07968940840109395,116.25079927508733,-5.985620598018147,116.40479365576,0.0
0.6600000000000004,STRAIGHT,0.0,0.5679823665005322,-0.0801101338678563,118.01040429335636,-3.097547771383829,118.05104965089225,0.0
0.6700000000000004,STRAIGHT,0.0,0.5799526232700775,-0.08062116829268302,117.68130094349323,-5.711799826857039,117.8198338524338,0.0
0.6800000000000004,STRAIGHT,0.0,0.5921906474249683,-0.08103270096229989,122.59579529884894,-3.8773524864440247,122.65709472860267,0.0
0.6900000000000004,STRAIGHT,0.0,0.6045342619351726,-0.08139683889268416,123.83167998317273,-3.5461461973153745,123.88244476239414,0.0
0.7000000000000004,STRAIGHT,0.0,0.6167496769809374,-0.08173990226907756,121.03048176945512,-3.460439928720375,121.07994120351518,0.0
0.7100000000000004,STRAIGHT,0.0,0.6292769061676632,-0.08209451639435039,127.34415038876104,-3.6021363154692176,127.39508634272599,0.0
0.7200000000000004,STRAIGHT,0.0,0.6417616338246577,-0.08249548565413871,123.05714658413254,-4.133023970462626,123.12653334098667,0.0
0.7300000000000004,STRAIGHT,0.0,0.6545009780131656,-0.08292659760284248,129.7532348953545,-4.410640717596925,129.82817767090765,0.0
0.7400000000000004,STRAIGHT,0.0,0.6672821490404618,-0.08335529519398488,125.58368949790204,-4.097353980152918,125.65051284234437,0.0
0.7500000000000004,STRAIGHT,0.0,0.6801164797840513,-0.08372204307745075,130.1949582695507,-3.4666217849948473,130.2411019049296,0.0
0.7600000000000005,STRAIGHT,0.0,0.692628762112358,-0.08397905976150673,121.17137229821839,-1.9711588888451943,121.18740418046143,0.0
0.7700000000000005,STRAIGHT,0.0,0.7052119943207086,-0.08434858844117885,125.6591915901456,-4.820284171390086,125.75161060830145,0.0
0.7800000000000005,STRAIGHT,0.0,0.7178398744274432,-0.08467393068319014,126.46692006527218,-2.2554153051067467,126.48703004258759,0.0
0.7900000000000005,STRAIGHT,0.0,0.730606052067125,-0.08508004298518689,126.79860531526552,-4.836140496814686,126.89079779401426,0.0
0.8000000000000005,STRAIGHT,0.0,0.74369141678224,-0.08544041298619348,131.6675926221749,-3.2761670655002004,131.7083452844203,0.0
0.8100000000000005,STRAIGHT,0.0,0.7569137336351097,-0.08572913237289316,132.03721153021203,-2.653260310867027,132.0638671967135,0.0
0.8200000000000005,STRAIGHT,0.0,0.7696901820105791,-0.08586521563394589,124.14070907523089,-0.4757289113056846,124.14162061008453,0.0
0.8300000000000005,STRAIGHT,0.0,0.7828803282063838,-0.0861327169158129,133.75698312689212,-2.5422067246987217,133.78113974039394,0.0
0.8400000000000005,STRAIGHT,0.0,0.7960504495738615,-0.08636717744412617,129.91325628288874,-2.2560633385931546,129.9328441149938,0.0
0.8500000000000005,STRAIGHT,0.0,0.809316820105694,-0.086567981556275,134.3510236058729,-1.8295395445356748,134.3634800043927,0.0
0.8600000000000005,STRAIGHT,0.0,0.8224417552551966,-0.0867499252054585,129.17072458951583,-1.8063551790853072,129.18335422961255,0.0
0.8700000000000006,STRAIGHT,0.0,0.8354303598473699,-0.0870160816006912,130.0096991582761,-3.2708703022999552,130.05083801252465,0.0
0.8800000000000006,STRAIGHT,0.0,0.8485476649175824,-0.08720577107876944,130.019376228873,-1.8178684400965441,130.0320838893645,0.0
0.8900000000000006,STRAIGHT,0.0,0.8618387754341987,-0.08738938785980559,132.76853933512078,-1.9999670133855791,132.78360179342982,0.0
0.9000000000000006,STRAIGHT,0.0,0.8746514042578248,-0.08746423653686944,124.75318587581337,0.2481768474871266,124.75343272997688,0.0
0.9100000000000006,STRAIGHT,0.0,0.8879768393086366,-0.08760309058640667,135.8311175907175,-1.1093704681719456,135.83564778355856,0.0
0.9200000000000006,STRAIGHT,0.0,0.9012420123636196,-0.0876683414450985,130.50735120549896,-0.36681071351489963,130.5078666930657,0.0
0.9300000000000006,STRAIGHT,0.0,0.9146466177906248,-0.08768423072981456,135.9900941992464,-0.018440592667839303,135.99009544954137,0.0
0.9400000000000006,STRAIGHT,0.0,0.9278304918537896,-0.08776407787335713,127.88212950549105,-1.4403415737330765,127.89024056083484,0.0
0.9500000000000006,STRAIGHT,0.0,0.9412855280791133,-0.08780723511212754,138.33029060562393,0.1622453903806588,138.33038575310584,0.0
0.9600000000000006,STRAIGHT,0.0,0.9546381819730418,-0.08789996731217942,132.94903150136093,-0.7937689070106217,132.95140106906584,0.0
0.9700000000000006,STRAIGHT,0.0,0.9682775702181811,-0.08800309671940322,135.7063403413096,-1.317877059758601,135.71273930171773,0.0
0.9800000000000006,STRAIGHT,0.0,0.9816419147802282,-0.08803581930660487,131.9949358616421,0.3653436390272288,131.99544147088406,0.0
0.9900000000000007,STRAIGHT,0.0,0.9951818168287959,-0.08808057062355674,137.51523114114923,-0.8874472654157142,137.5180946583125,0.0
1.0000000000000007,STRAIGHT,0.0,1.008401207384437,-0.088075745540065,128.40456379865876,0.7259619620803838,128.4066159708845,0.0
1.0100000000000007,STRAIGHT,0.0,1.0220867296080616,-0.08807430784464307,139.04598228164576,0.49430892018721556,139.04686091378088,0.0
1.0200000000000007,STRAIGHT,0.0,1.035694797694498,-0.08805769735439901,133.73587208108663,0.027997147551402958,133.73587501164016,0.0
1.0300000000000007,STRAIGHT,0.0,1.049355002177792,-0.0880295133610581,138.24611542326704,0.30488823623529254,138.24645162339561,0.0
1.0400000000000007,STRAIGHT,0.0,1.0628813059573314,-0.08805080135746943,133.34354556626607,-0.5665363893147315,133.34474908170662,0.0
1.0500000000000007,STRAIGHT,0.0,1.0760560028141934,-0.08807793075432777,129.96277559005415,-0.20791133834842673,129.9629418957396,0.0
1.0600000000000007,STRAIGHT,0.0,1.0894933347884819,-0.08811593224025561,136.6214142879758,-0.46638702200728155,136.62221034261236,0.0
1.0700000000000007,STRAIGHT,0.0,1.1029144562591207,-0.08810215640697681,130.03034786585778,0.3568586385752596,130.03083755095906,0.0
1.0800000000000007,STRAIGHT,0.0,1.116588425288675,-0.08813005035171237,138.28813870982714,0.4232737141380153,138.28878648851276,0.0
1.0900000000000007,STRAIGHT,0.0,1.1302742618606338,-0.08815731011783785,138.22640820282393,0.09982512698719567,138.2264442489558,0.0
1.1000000000000008,STRAIGHT,0.0,1.1439706863699608,-0.08818410330472637,135.066071301546,-0.6477973676724967,135.06762475983604,0.0
1.1100000000000008,STRAIGHT,0.0,1.1578116141874346,-0.0882426306227307,140.4648730076867,-0.6403603779859056,140.46633265832506,0.0
1.1200000000000008,STRAIGHT,0.0,1.1716175023991633,-0.08827522971782407,135.8819676362912,-0.1611584643977088,135.8820632046803,0.0
1.1300000000000008,STRAIGHT,0.0,1.1854977710013028,-0.0882539781733263,140.46428714868065,0.398136723614944,140.4648513936412,0.0
1.1400000000000008,STRAIGHT,0.0,1.1988581026376643,-0.08816371891424428,130.86423047389297,2.4159157583106703,130.88652897252427,0.0
1.1500000000000008,STRAIGHT,0.0,1.212590105387681,-0.08803431296718013,140.89343076099158,0.5481008390095417,140.89449686248236,0.0
1.1600000000000008,STRAIGHT,0.0,1.226349361297916,-0.08795258820037821,135.71820406148686,0.7639829705953235,135.7203543454509,0.0
1.1700000000000008,STRAIGHT,0.0,1.240228938244223,-0.08786116451351657,138.60346479306443,1.0353613602341254,138.6073317894422,0.0
1.1800000000000008,STRAIGHT,0.0,1.2538379353105553,-0.08776827038808614,134.33998201238222,0.8721264505761323,134.3428128767333,0.0
1.1900000000000008,STRAIGHT,0.0,1.2676473304965312,-0.08758315706472652,140.41744450574686,2.5401950683655907,140.44041908407226,0.0
1.2000000000000008,STRAIGHT,0.0,1.281472910391803,-0.08734273581175768,136.48378247364244,2.240636022092673,136.50217334568723,0.0
1.2100000000000009,STRAIGHT,0.0,1.2952200955803117,-0.08699214119393439,137.6450357555296,4.209729831857861,137.70939580652532,0.0
1.2200000000000009,STRAIGHT,0.0,1.3091133434879516,-0.08668860678605629,139.55756379402283,2.061454274641332,139.57278819973894,0.0
1.2300000000000009,STRAIGHT,0.0,1.3232506381205615,-0.08640635763891873,139.24572902267806,2.8150763806001806,139.27418176419383,0.0
1.2400000000000009,STRAIGHT,0.0,1.3371471377321493,-0.08633369200563572,138.6466051757504,-0.4197523348467104,138.64724057399422,0.0
1.2500000000000009,STRAIGHT,0.0,1.3511682442313981,-0.08622906033037121,142.11792784806298,1.5463762928914033,142.1263406109735,0.0
1.260000000000001,STRAIGHT,0.0,1.3650693697852216,-0.08615901708139058,136.7987188275475,0.23352087237914382,136.79891814212655,0.0
1.270000000000001,STRAIGHT,0.0,1.379051715532356,-0.08603783859423861,141.4633127233673,1.8826347539749586,141.4758394931307,0.0
1.280000000000001,STRAIGHT,0.0,1.3927268580409697,-0.08589960006946083,133.23169966174618,1.0473776446272554,133.23581648598923,0.0
1.290000000000001,STRAIGHT,0.0,1.4067035211857535,-0.08575720589316335,143.53571933760955,1.782070356123391,143.5467815749249,0.0
1.300000000000001,STRAIGHT,0.0,1.420694365890434,-0.08561827117852146,137.64130392060093,1.2214745948727461,137.64672369929173,0.0
1.310000000000001,STRAIGHT,0.0,1.4347365440419222,-0.08559752414089045,142.2944374691053,-0.336148917243015,142.29483451883868,0.0
1.320000000000001,STRAIGHT,0.0,1.4486960990783988,-0.08565475678954537,137.6363269171897,-0.6947895306025827,137.63808055820655,0.0
1.330000000000001,STRAIGHT,0.0,1.4625334368376475,-0.08582359820940633,138.73758515483792,-2.3693479881214183,138.75781543568894,0.0
1.340000000000001,STRAIGHT,0.0,1.4764140582822507,-0.08588330998857374,140.00272337638359,0.35348068783595743,140.00316961198004,0.0
1.350000000000001,STRAIGHT,0.0,1.4904959020199844,-0.08603553913118457,140.78589088170037,-2.6220576826068527,140.81030593619545,0.0
1.360000000000001,STRAIGHT,0.0,1.5046722023772805,-0.08617757022629484,141.56262325676036,-0.4196794018469986,141.56324535039386,0.0
1.370000000000001,STRAIGHT,0.0,1.5189054561220328,-0.0863655615720912,144.8502201000932,-2.1505965196330323,144.86618421300292,0.0
1.380000000000001,STRAIGHT,0.0,1.5333181702223175,-0.0865494810055959,143.67111558254305,-1.7199236918868943,143.68141003706205,0.0
1.390000000000001,STRAIGHT,0.0,1.5473762810918037,-0.08672374953948542,138.48272240160694,-1.8274230256805344,138.49477924700017,0.0
1.400000000000001,STRAIGHT,0.0,1.5613261238522778,-0.08680703744871787,139.86077781351085,0.01151961318990799,139.8607782879165,0.0
1.410000000000001,STRAIGHT,0.0,1.5753394839826302,-0.08698329009640635,140.1104039947564,-2.9235876085367427,140.1409029230176,0.0
1.420000000000001,STRAIGHT,0.0,1.589385504267518,-0.0871751383626824,140.52827483820684,-1.2138811601978106,140.5335174841706,0.0
1.430000000000001,STRAIGHT,0.0,1.6035746296501843,-0.08747090739821166,141.09580142537078,-3.5584794697050226,141.14066726498064,0.0
1.440000000000001,STRAIGHT,0.0,1.6178177786359014,-0.0878352646624853,142.88793635827594,-3.6676025279470963,142.93499804117155,0.0
1.450000000000001,STRAIGHT,0.0,1.6322358353877937,-0.08804935240298128,146.32949951895657,-1.0211655320509125,146.33306259527325,0.0
1.460000000000001,STRAIGHT,0.0,1.6464084712779394,-0.08816325968103539,137.81686192433813,-1.27565771603884,137.82276565676867,0.0
1.470000000000001,STRAIGHT,0.0,1.6609335935948486,-0.08821247108949583,146.84202126516996,-1.146404410322441,146.84649622075642,0.0
1.480000000000001,STRAIGHT,0.0,1.6752778347574049,-0.08825329885473114,141.09881000862487,0.10033557238642177,141.09884568300728,0.0
1.490000000000001,STRAIGHT,0.0,1.6896520708439684,-0.08833435368631352,145.269313794983,-1.3861047942952867,145.27592648806618,0.0
1.500000000000001,JUMP +30°,30.0,1.7039013736694584,-0.0883858996536164,140.68727141007346,0.13969410743343483,140.68734076403365,0.0
1.5100000000000011,JUMP +30°,30.0,1.718047865893285,-0.08943149936190631,139.00593709449532,-15.993111466429099,139.92294365791628,-0.10000959971572243
1.5200000000000011,JUMP +30°,30.0,1.7320697656879487,-0.08956801212701644,144.97956919134015,-0.004804830022296647,144.97956927095962,-0.10016914931822996
1.5300000000000011,JUMP +30°,30.0,1.7461145249346905,-0.08980965966669505,137.65070626420575,-4.338111609629383,137.7190478741857,-0.10185464231922126
1.5400000000000011,JUMP +30°,30.0,1.7603704881954927,-0.0899531595290796,145.5690869851802,0.8618954006070163,145.57163854741947,-0.08421444228172703
1.5500000000000012,JUMP +30°,30.0,1.774486165807762,-0.09013670662981135,136.98124347548662,-2.0696607468916097,136.99687791952695,-0.0617875968112358
1.5600000000000012,JUMP +30°,30.0,1.788460370242008,-0.0901036039626473,142.66352496353744,0.666026367123251,142.66507963108413,-0.009198477533800542
1.5700000000000012,JUMP +30°,30.0,1.802547954490219,-0.09022727590947954,141.67922665164033,-2.184727480502692,141.69607015994106,0.03709875946698027
1.5800000000000012,JUMP +30°,30.0,1.816712563990444,-0.09026946567193424,141.59270463400932,0.8854716008959058,141.5954733228778,0.10093643603572566
1.5900000000000012,JUMP +30°,30.0,1.8310048251512474,-0.0903911470555231,141.96855174949127,-1.9251896637995474,141.98160458696606,0.1666691356195127
1.6000000000000012,JUMP +30°,30.0,1.845595751610816,-0.09053534971345353,148.35400608499253,-0.8225038038850628,148.35628612894502,0.24132983190199297
1.6100000000000012,JUMP +30°,30.0,1.8600244116638978,-0.0905528726675838,141.22216990874333,0.4322866898913145,141.2228315305858,0.33711483776852624
1.6200000000000012,JUMP +30°,30.0,1.874693615244285,-0.09070664985867236,150.46036838056,-2.5147350582264147,150.48138205647533,0.4305803367904204
1.6300000000000012,JUMP +30°,30.0,1.8892623481544486,-0.09099527312080252,141.99838010129494,-2.583658479932619,142.02188297066323,0.5194834121533543
1.6400000000000012,JUMP +30°,30.0,1.9039499687886983,-0.091373187732384,149.80041996721963,-4.292983233362581,149.86192153911983,0.6101606171544649
1.6500000000000012,JUMP +30°,30.0,1.9184272405672598,-0.09176346739800866,141.48902895989576,-3.520625713485538,141.53282347720148,0.7073052134159763
1.6600000000000013,JUMP +30°,30.0,1.9326619769987685,-0.09224107216271424,142.2797402618284,-5.524221141964982,142.38694289926548,0.8027064360995428
1.6700000000000013,JUMP +30°,30.0,1.9470344118988057,-0.09269796467586497,144.87878068178952,-3.9059215735392283,144.93142280120176,0.9108232315812703
1.6800000000000013,JUMP +30°,30.0,1.9615289010567425,-0.09330755940940247,144.85097776988266,-7.290767834833756,145.03434440336014,1.0144986799955902
1.6900000000000013,JUMP +30°,30.0,1.9762810187502657,-0.09404153451675966,150.07321805298736,-8.340279081185658,150.30479377561966,1.1184719525309195
1.7000000000000013,JUMP +30°,30.0,1.9910924380741184,-0.0948469525799684,146.63345654467324,-7.606192511438034,146.83059879589004,1.2259437724890798
1.7100000000000013,JUMP +30°,30.0,2.0060657548784033,-0.0957228604257034,151.3981738882097,-9.028390163961507,151.66713185669892,1.3385306915081774
1.7200000000000013,JUMP +30°,30.0,2.020698621216058,-0.09649906348869584,145.88178942885006,-7.134950734202894,146.05616730882284,1.4662140961046344
1.7300000000000013,JUMP +30°,30.0,2.0355861803086315,-0.09743076046519553,150.60879359866192,-10.359558758398286,150.96466198058755,1.5919500544055776
1.7400000000000013,JUMP +30°,30.0,2.0504066950647992,-0.0983837583736711,146.5605820755255,-8.773852106846691,146.82297061124214,1.7244983434630434
1.7500000000000013,JUMP +30°,30.0,2.065382554562235,-0.0994672873554851,151.45730092580246,-11.765263093685604,151.91357878541572,1.8565603132981945
1.7600000000000013,JUMP +30°,30.0,2.080202613301201,-0.10035255336854235,147.10231586919232,-8.557849659487935,147.35103706752128,2.0155973665779037
1.7700000000000014,JUMP +30°,30.0,2.09527832629793,-0.10147216064107567,152.52299296446526,-12.225887710719082,153.01220772589824,2.165875438388598
1.7800000000000014,JUMP +30°,30.0,2.1101102190315992,-0.10245789237979906,145.12328070827056,-7.84981440522751,145.33542647863945,2.335037253117722
1.7900000000000014,JUMP +30°,30.0,2.1250401211986074,-0.10362427224203043,152.22888956847885,-12.600581344752824,152.74949908093924,2.4981171444050876
1.8000000000000014,JUMP +30°,30.0,2.1401471195021187,-0.10482108571153283,149.60285113361397,-11.263810949113518,150.0262860448249,2.6716337444673055
1.8100000000000014,JUMP +30°,30.0,2.155396735172171,-0.10609304746443825,153.84968357750338,-13.285844684394549,154.42227431907537,2.8508504398052192
1.8200000000000014,JUMP +30°,30.0,2.170568506939231,-0.1073403628105302,150.32180689005833,-11.727777964346975,150.77860061253062,3.0412035265540815
1.8300000000000014,JUMP +30°,30.0,2.1856537846464925,-0.10850084028467057,151.0121011779654,-11.3718224084543,151.4396680103119,3.2483876211010454
1.8400000000000014,JUMP +30°,30.0,2.2007916616646828,-0.10986019695185409,151.2874563041455,-14.704980686504591,152.00043056507837,3.4474031094606783
1.8500000000000014,JUMP +30°,30.0,2.215963407862443,-0.1113296565709066,150.44391831325103,-13.294123497629002,151.03015022509368,3.6466277949940284
1.8600000000000014,JUMP +30°,30.0,2.2309762815038505,-0.11280379891265782,149.80234038275825,-15.46770757547188,150.59877543257807,3.8518580564627314
1.8700000000000014,JUMP +30°,30.0,2.2461465383845227,-0.11445264600015002,154.65332578389467,-17.120185503924905,155.598046027925,4.053913377946028
1.8800000000000014,JUMP +30°,30.0,2.2613278500131573,-0.11600544721602417,149.83777244350946,-14.384513254505382,150.52664970828906,4.275747834265609
1.8900000000000015,JUMP +30°,30.0,2.2766730606040473,-0.11765278676724134,155.2448737221933,-17.352605093169085,156.21166320265337,4.502776213018489
1.9000000000000015,JUMP +30°,30.0,2.291925839960647,-0.11931145674910411,150.7582344400497,-15.962778947400288,151.60097480954585,4.736661713627788
1.9100000000000015,JUMP +30°,30.0,2.3072200969522725,-0.12105915063702881,154.67375181224483,-18.574300905684304,155.78502544792556,4.973303279887276
1.9200000000000015,JUMP +30°,30.0,2.3220720272437356,-0.12255373429505093,145.72548883198618,-12.970556978059047,146.30158387263756,5.2324116427789225
1.9300000000000015,JUMP +30°,30.0,2.337199619969009,-0.12426242227815497,154.65467624227088,-19.517344785043132,155.88135113303284,5.488294465449917
1.9400000000000015,JUMP +30°,30.0,2.3522395441736554,-0.12589557598715223,147.30117751452212,-13.824060902609409,147.9484422256747,5.758870994781029
1.9500000000000015,JUMP +30°,30.0,2.367561933568722,-0.12766000445101486,156.6955710049104,-19.758839480930842,157.93642300048495,6.034991383300836
1.9600000000000015,JUMP +30°,30.0,2.382730680023632,-0.1294149762736142,148.07037776491467,-16.405582953068297,148.97644083369204,6.31757941365465
1.9700000000000015,JUMP +30°,30.0,2.3983102361207487,-0.13124742577005125,157.83110537981185,-18.90515947151555,158.9593120268728,6.615314216837742
1.9800000000000015,JUMP +30°,30.0,2.4139833473617642,-0.13311318988210488,156.06661699811787,-18.551596323797064,157.16536090181685,6.92326594795416
1.9900000000000015,JUMP +30°,30.0,2.429315562119195,-0.13489546020067736,151.36585549909202,-17.0698081121817,152.3253116194374,7.238791090328656
2.0000000000000013,JUMP +30°,30.0,2.4447225125285756,-0.13671758865904704,155.72333012933595,-18.905559495773772,156.8667451259775,7.563012818839754
2.010000000000001,JUMP +30°,30.0,2.459949539173504,-0.13835709242289532,149.65880989603187,-14.231437615968698,150.3339389363354,7.908593530037589
2.020000000000001,JUMP +30°,30.0,2.4754919719154684,-0.1402830490400246,158.70746269844045,-22.243444492806084,160.2586332747207,8.247626671469988
2.0300000000000007,JUMP +30°,30.0,2.490916560360815,-0.14218484980356458,153.49647779152792,-18.832411302515542,154.64743260032526,8.595097289077813
2.0400000000000005,JUMP +30°,30.0,2.5065569464193826,-0.14420969866582098,157.93467858981663,-20.664255551925834,159.28080285704232,8.948630687081494
2.0500000000000003,JUMP +30°,30.0,2.5219929987461973,-0.1460491241034685,151.4496216496402,-16.25829526548157,152.31979537393931,9.322497084243864
2.06,JUMP +30°,30.0,2.5377772471890827,-0.14797085830969947,159.5035231058326,-19.522598263738455,160.69382603616168,9.711243121650392
2.07,JUMP +30°,30.0,2.553464143588829,-0.14991203264683312,154.7835869697141,-18.98073934486295,155.94302568979697,10.104919110913757
2.0799999999999996,JUMP +30°,30.0,2.569187209204591,-0.1519121498035491,158.6611185172628,-20.754718571585595,160.01283971023895,10.504656373274601
2.0899999999999994,JUMP +30°,30.0,2.5845179830793623,-0.15377122789289926,149.82910632655035,-16.834510617612136,150.77188680369835,10.912654691437584
2.099999999999999,JUMP +30°,30.0,2.600019391843501,-0.15588798474478857,158.1205492161772,-23.516229050043748,159.8596919587913,11.313096464222516
2.109999999999999,JUMP +30°,30.0,2.6153719965266142,-0.15802598000353912,150.51231912783103,-19.386329696618017,151.75568519282572,11.715603349949122
2.1199999999999988,JUMP +30°,30.0,2.630715420828873,-0.16027774397487754,153.3943678145701,-23.60527925833362,155.20000414334896,12.116966210537417
2.1299999999999986,JUMP +30°,30.0,2.64621698687719,-0.16262718118821265,157.6644281696744,-24.923699695740837,159.62225006744484,12.525457617585145
2.1399999999999983,JUMP +30°,30.0,2.6617173816653295,-0.16509923088557707,152.94746011440134,-24.2552395244585,154.8587814747205,12.932560689595807
2.149999999999998,JUMP +30°,30.0,2.67726815873533,-0.167455037277171,154.27853417683554,-22.119491216631122,155.85614520908578,13.36217819626131
2.159999999999998,JUMP +30°,30.0,2.6928992748791782,-0.16996517675715436,157.52797785691203,-26.786293941770616,159.78914027812624,13.791000848929169
2.1699999999999977,JUMP +30°,30.0,2.708314426600052,-0.17235891356238345,153.20636204509853,-23.7038263176298,155.02922548084334,14.230992542910537
2.1799999999999975,JUMP +30°,30.0,2.723939646515972,-0.1749291104963155,157.96881967554765,-26.60110880882851,160.19290552188892,14.673766699790836
2.1899999999999973,JUMP +30°,30.0,2.739476393300397,-0.17749443542897492,153.51308659980893,-24.706304691302023,155.48848590458357,15.122912431350866
2.199999999999997,JUMP +30°,30.0,2.755082497389958,-0.1800969643690969,157.52527196030877,-26.694602343367347,159.7711272428149,15.581493108211397
2.209999999999997,JUMP +30°,30.0,2.7703594602073776,-0.18266598257151997,149.07197834894365,-24.670770289113257,151.099641414287,16.03790414970114
2.2199999999999966,JUMP +30°,30.0,2.7857917588548404,-0.18516632442172426,154.20951621923155,-24.863398204158884,156.20103540894985,16.51679405900954
2.2299999999999964,JUMP +30°,30.0,2.801311743151744,-0.18771908282407823,155.6308549779525,-25.722070778577326,157.74215652864208,17.00444287768086
2.239999999999996,JUMP +30°,30.0,2.8168995822306178,-0.1903085158461616,153.9574924571813,-24.798940735875377,155.9419665943857,17.501446747271032
2.249999999999996,JUMP +30°,30.0,2.832380667231692,-0.19274758270971995,155.2398908124194,-23.920224611633163,157.07196072158416,18.016080789558497
2.259999999999996,JUMP +30°,30.0,2.8479232500340124,-0.19532792734519516,155.45283601909023,-26.777354232775135,157.74222936831364,18.53045359124512
2.2699999999999956,JUMP +30°,30.0,2.863617415510464,-0.19801250637057974,158.81899699145342,-28.137597700438,161.29227572863797,19.05234198913437
2.2799999999999954,JUMP +30°,30.0,2.8790656190240966,-0.2005873417847127,151.12444811054826,-23.868546971851227,152.99773315727674,19.58117250317084
2.289999999999995,JUMP +30°,30.0,2.894737270158621,-0.20335752773334617,159.93105296644825,-29.686204131580823,162.66287965820217,20.1131700694412
2.299999999999995,JUMP +30°,30.0,2.9103248643394664,-0.20611340230132602,154.23529244377582,-26.642624459079133,156.5195031722391,20.651540449467156
2.3099999999999947,JUMP +30°,30.0,2.9260867701423083,-0.2089570246229993,159.5534884777207,-29.24279708733662,162.21114902158018,21.20036462788759
2.3199999999999945,JUMP +30°,30.0,2.9415659543327717,-0.21167516656603524,151.41619886476448,-25.687458010695007,153.57965613226617,21.754856893292907
2.3299999999999943,JUMP +30°,30.0,2.9571298836846496,-0.21425356862832504,157.94815468321738,-25.573128661225702,160.00501391318076,22.334616283338793
2.339999999999994,JUMP +30°,30.0,2.9727521463691837,-0.216914583986172,157.38550020751128,-27.61040950476113,159.7890183604278,22.919239563557483
2.349999999999994,JUMP +30°,30.0,2.9886278821082204,-0.21969131518114351,159.10309466529495,-28.613251264206085,161.65553773373307,23.516313320298686
2.3599999999999937,JUMP +30°,30.0,3.0042627429127187,-0.22248692040060822,154.2347004610795,-27.139735882723087,156.60430418766558,24.108137576337807
2.3699999999999934,JUMP +30°,30.0,3.0199419962268914,-0.22531868972275124,158.39969441964658,-29.085080476575705,161.04783481489687,24.70817789590276
2.3799999999999932,JUMP +30°,30.0,3.035501714315463,-0.2280987730190632,153.70469427358432,-26.770601420762276,156.01858268220917,25.31495085674287
2.389999999999993,JUMP +30°,30.0,3.0511971046541455,-0.23087055283325764,158.93581498409435,-28.098106113868898,161.40042395187353,25.938512419890447
2.399999999999993,JUMP +30°,30.0,3.0667361389819416,-0.23333844667628412,152.79410476315635,-22.199991327429835,154.39843932278708,26.58748207346111
2.4099999999999926,JUMP +30°,30.0,3.0825953751216084,-0.2358708206887823,162.13963752925466,-27.466041841871697,164.44952268881028,27.25726074310053
2.4199999999999924,JUMP +30°,30.0,3.0981367815108287,-0.23826907199017053,150.54397538104087,-21.54934954817765,152.0784764175292,27.92884825182047
2.429999999999992,JUMP +30°,30.0,3.1139935394722755,-0.24087773579513888,163.59930983576172,-28.926583410586943,166.13693570831023,28.609122864097493
2.439999999999992,JUMP +30°,30.0,3.1298540360500366,-0.24346284532194967,156.80691523579324,-24.254447756208876,158.67163231568492,29.30004599853988
2.4499999999999917,JUMP +30°,30.0,3.1456825756351643,-0.24610183959853185,159.2766592113047,-27.73075879818797,161.67266049965704,29.99314423193198
2.4599999999999915,JUMP +30°,30.0,3.161166256931999,-0.24846398410376036,154.005551612281,-24.168294959582408,155.89039870580973,30.697075402382357
2.4699999999999913,JUMP +30°,30.0,3.176868609438622,-0.2511058594928267,158.7081019979163,-27.20921832352536,161.02361069594195,31.39893475683224
2.479999999999991,JUMP +30°,30.0,3.192519681624769,-0.2537142395931214,154.83594521939173,-25.049906043438252,156.84918783585576,32.10857246498109
2.489999999999991,JUMP +30°,30.0,3.208235827853164,-0.2563419428589469,158.84630863823122,-27.01804587687305,161.12766544264528,32.82849507897492
2.4999999999999907,JUMP +30°,30.0,3.223860699755337,-0.2589000611409047,154.60659527804944,-24.68042507223716,156.56411685062736,33.55648525878969
2.5099999999999905,JUMP +30°,30.0,3.2390956450403046,-0.2613462878274275,150.4622294288522,-24.018410131154138,152.36720943145502,34.27762463029125
2.5199999999999902,JUMP +30°,30.0,3.2545390750386733,-0.263970314134834,156.85943464750497,-27.341943876867482,159.22457138551403,35.0046223855355
2.52999999999999,JUMP +30°,30.0,3.2701157299303505,-0.2666973685972028,154.97226734937016,-25.80274845579546,157.10565067901828,35.73916255362142
2.53999999999999,JUMP +30°,30.0,3.2859343205871228,-0.2695433656563986,159.58887025195565,-29.63451034210055,162.31700992659887,36.48690848090661
2.5499999999999896,JUMP +30°,30.0,3.3016682160536863,-0.2723182334872247,155.92615122386113,-26.740005399836587,158.20237837741158,37.242836968963374
2.5599999999999894,JUMP +30°,30.0,3.317431094034871,-0.2752122809449136,158.67117603941986,-30.31708594383227,161.54153585334728,37.99895692748798
2.569999999999989,JUMP +30°,30.0,3.332613819937434,-0.27787725638590555,146.90969568415935,-23.722315297864558,148.81265715356207,38.744067319086284
2.579999999999989,JUMP +30°,30.0,3.3482270881692595,-0.2807413173197873,159.79952491612858,-29.90934792022734,162.57446680347317,39.508069707661605
2.5899999999999888,JUMP +30°,30.0,3.3636908412258344,-0.2834933654524858,151.15917753928008,-25.80936678710346,153.34673249959658,40.27860362132167
2.5999999999999885,JUMP +30°,30.0,3.37934706216333,-0.28632686884040276,159.97085041103708,-29.626192700876565,162.69107005358308,41.0624181676376
2.6099999999999883,JUMP +30°,30.0,3.394949539047241,-0.28911383120482703,154.3826327578139,-26.728573366698427,156.67933473005627,41.85363662372659
2.619999999999988,JUMP +30°,30.0,3.410422516555811,-0.29182956177837205,154.7546733918821,-27.189306725023936,157.12500544730472,42.64903619522289
2.629999999999988,JUMP +30°,30.0,3.425885828307764,-0.2947243999660095,154.5073339493404,-29.78716963554869,157.35244427408793,43.43721524022794
2.6399999999999877,JUMP +30°,30.0,3.4412898212117033,-0.29771756761668294,152.4561885924265,-28.95342975835212,155.1811539295328,44.22110108445083
2.6499999999999875,JUMP +30°,30.0,3.4565774655383197,-0.30074291451323665,152.94137779289548,-30.924666677004115,156.03653434459824,45.001851302711906
2.6599999999999873,JUMP +30°,30.0,3.472021227268142,-0.30375909413211155,155.15916895838643,-29.399697417624544,157.91994782200564,45.80051493336734
2.669999999999987,JUMP +30°,30.0,3.4877559453643894,-0.30684199315460087,158.85047777130882,-31.56110235901727,161.95547990200717,46.620580344809156
2.679999999999987,JUMP +30°,30.0,3.503429556773781,-0.3099335581089262,155.08927326709232,-30.202931616594785,158.00284731849464,47.44299111306716
2.6899999999999866,JUMP +30°,30.0,3.5191425999525223,-0.31313076662945066,158.33586707372083,-33.026029839013155,161.74351748652674,48.26728369549564
2.6999999999999864,JUMP +60°,60.0,3.5345271433333854,-0.3162226969322406,150.8753937224352,-29.13959087713488,153.6635942160232,49.08397214858189
2.709999999999986,JUMP +60°,60.0,3.5494650985813436,-0.3194918143835179,148.3609937872352,-34.27566272841275,152.26885936726507,49.86384310837586
2.719999999999986,JUMP +60°,60.0,3.564723423473011,-0.32270626381852696,156.16146475751376,-31.013429134708577,159.21129313558697,50.67610038146819
2.7299999999999858,JUMP +60°,60.0,3.5802276636156676,-0.32611503743876635,155.6516949513726,-37.30918038560155,160.06069187117902,51.497832091542065
2.7399999999999856,JUMP +60°,60.0,3.595816730188855,-0.3294738829866103,156.10955623348525,-30.634025369885787,159.08688524758568,52.33582219892248
2.7499999999999853,JUMP +60°,60.0,3.6114043141587944,-0.3328950369243075,155.19310860153587,-33.641594640427044,158.79753728367112,53.1759869057542
2.759999999999985,JUMP +60°,60.0,3.6270000535485916,-0.33626104261265294,156.60570198664612,-33.424031973723004,160.1327942930825,54.02737071376769
2.769999999999985,JUMP +60°,60.0,3.6425287872279477,-0.3397300212457849,155.74801652110537,-35.88097443484079,159.82768526338674,54.8733523107301
2.7799999999999847,JUMP +60°,60.0,3.658271661598155,-0.3432730609473504,159.2594025839282,-35.21232149592822,163.10568627893485,55.73587321272586
2.7899999999999845,JUMP +60°,60.0,3.6737814758470533,-0.3465813089725612,151.91516362251673,-30.886113575399783,155.02312392107356,56.60500149753673
2.7999999999999843,JUMP +60°,60.0,3.689428289466917,-0.350026232211755,159.38295082905827,-36.612251284834635,163.534039145133,57.48072606437895
2.809999999999984,JUMP +60°,60.0,3.704950991232666,-0.3535534481606299,152.37550363312164,-33.783975943596424,156.07578652053934,58.34827442073749
2.819999999999984,JUMP +60°,60.0,3.720676463388172,-0.3573358896897075,160.5291022765393,-40.161885124872065,165.47679503330684,59.219195319582866
2.8299999999999836,JUMP +60°,60.0,3.736363407917888,-0.36114895123656054,154.90474262054883,-36.468607526320156,159.13968273578797,60.09184522233326
2.8399999999999834,JUMP +60°,60.0,3.752264800159198,-0.3651601650407698,161.4549973624798,-42.1724948770437,166.87191344702867,60.973129556153616
2.849999999999983,JUMP +60°,60.0,3.767954856462968,-0.36895322887712306,154.31649874347804,-35.005977109107036,158.2371644646389,61.86057825592064
2.859999999999983,JUMP +60°,60.0,3.78353195321521,-0.37301416133046117,155.2054688464331,-42.03240615063703,160.79633306345397,62.728000794913584
2.869999999999983,JUMP +60°,60.0,3.799271145768296,-0.377364247659107,158.65432322747577,-43.9820379293021,164.63782657452367,63.59439762127459
2.8799999999999826,JUMP +60°,60.0,3.8151098074183034,-0.38218145659802727,157.38446111225016,-47.32618863960919,164.34608827333025,64.44360477003382
2.8899999999999824,JUMP +60°,60.0,3.831070849718523,-0.3871581123160699,161.24211294306008,-51.35049059060448,169.22142851967152,65.29838904521128
2.899999999999982,JUMP +60°,60.0,3.8471242615921266,-0.3922455956313202,161.10388738497338,-51.3439921812445,169.08775255368994,66.15996225631125
2.909999999999982,JUMP +60°,60.0,3.8630493988219103,-0.3971534285568373,158.02466530380045,-47.38693403311892,164.9767146037201,67.03101669071513
2.9199999999999817,JUMP +60°,60.0,3.879003967593231,-0.40218580869359644,160.54798163722424,-52.04185628419713,168.77206289339335,67.9031447767028
2.9299999999999815,JUMP +60°,60.0,3.894747966930765,-0.4071404424400073,157.60082519033674,-48.951734425579765,165.02815639746925,68.7714193872294
2.9399999999999813,JUMP +60°,60.0,3.910747644577774,-0.4123323792804385,161.11194621720495,-53.25941689288317,169.68684304230976,69.65060460365922
2.949999999999981,JUMP +60°,60.0,3.926629014714563,-0.41721230904196155,157.32813285583597,-45.195999707775385,163.69123305018144,70.54790951697534
2.959999999999981,JUMP +60°,60.0,3.942601430108368,-0.4224486597382677,161.2087814039348,-56.80210760210809,170.92323022276142,71.43609464173247
2.9699999999999807,JUMP +60°,60.0,3.958527975894889,-0.42774525890851794,158.4844154020198,-52.27418742624911,166.88289485862413,72.32387363085691
2.9799999999999804,JUMP +60°,60.0,3.974333468453351,-0.4331545385508719,156.54121441832126,-53.07602561298532,165.29433234818765,73.20206855075075
2.9899999999999802,JUMP +60°,60.0,3.9903367407221837,-0.43874763534835953,160.58215857398127,-56.29359431257205,170.16344617134348,74.09094505767588
2.99999999999998,JUMP +60°,60.0,4.006300866655403,-0.44419609830389367,158.60851298131453,-52.59046425747555,167.10002190592505,74.99287192581896
3.00999999999998,JUMP +60°,60.0,4.022313653423709,-0.449748946757033,161.07628519727257,-57.161072082923006,170.91798563820663,75.89899194610541
3.0199999999999796,JUMP +60°,60.0,4.038263231417921,-0.4552590706116766,158.59985809580158,-53.62288711864578,167.41961955203286,76.80969078290234
3.0299999999999794,JUMP +60°,60.0,4.054092606271106,-0.460861442881092,158.11922683578848,-57.313680787634944,168.18605144474512,77.71201638327203
3.039999999999979,JUMP +60°,60.0,4.070033222321128,-0.46657321431920007,160.293773238068,-56.75511812594423,170.04480930739126,78.62319711718922
3.049999999999979,JUMP +60°,60.0,4.086073528149077,-0.472548006848334,161.72512184673283,-62.509225565057314,173.38517329080878,79.53316054362989
3.0599999999999787,JUMP +60°,60.0,4.102145113324429,-0.4787048103144741,159.91617450444699,-60.204727988291054,170.87361452336884,80.44165290295493
3.0699999999999785,JUMP +60°,60.0,4.118100507155364,-0.4847889539993639,158.5983091400175,-58.722403012469584,169.12050223917694,81.35227555964208
3.0799999999999783,JUMP +60°,60.0,4.134170779455365,-0.4909762972330407,161.77721976404257,-63.3418123728516,173.73558653672788,82.2729009284934
3.089999999999978,JUMP +60°,60.0,4.150215037561506,-0.4970205937298284,159.5498855374722,-58.406986103382074,169.90450847667685,83.20686340207342
3.099999999999978,JUMP +60°,60.0,4.166299814200159,-0.5028764451979177,161.46970762246514,-58.43816122398277,171.71920442083518,84.16196494431571
3.1099999999999777,JUMP +60°,60.0,4.1821282131001976,-0.5088071351039012,155.7249542669773,-56.550201347323956,165.67494274595373,85.09848978503913
3.1199999999999775,JUMP +60°,60.0,4.198076745301588,-0.5149601050720372,161.85019570114844,-64.46727718324985,174.21686392517233,86.03839356106246
3.1299999999999772,JUMP +60°,60.0,4.214027614103612,-0.5210847098642503,159.3696150738465,-59.747071462850535,170.2010186725478,86.986762554137
3.139999999999977,JUMP +60°,60.0,4.230084987501983,-0.5273196546370114,160.76396187003445,-61.93515449173466,172.28178893331975,87.94411782225748
3.149999999999977,JUMP +60°,60.0,4.2460867458153215,-0.5332577940031688,159.35691485993715,-57.32786439730234,169.35498324534987,88.92039643889701
3.1599999999999766,JUMP +60°,60.0,4.262179958035429,-0.5392923783814656,162.3456709072038,-62.11688577648925,173.8235437473288,89.90510582082649
3.1699999999999764,JUMP +60°,60.0,4.278284420507728,-0.5454294159691001,159.99986191960932,-59.8552284150393,170.8291666633967,90.89138579037841
3.179999999999976,JUMP +60°,60.0,4.2943810390129675,-0.5516725637323945,161.4434092331049,-63.78533031769968,173.58727703534564,91.87750973298536
3.189999999999976,JUMP +60°,60.0,4.310321563606407,-0.5578660233381505,158.28984714739016,-60.795006641996274,169.5632877203804,92.85979685529836
3.1999999999999758,JUMP +60°,60.0,4.326057677355578,-0.5639453028083821,156.7726622783619,-60.34262965387745,167.98482250307714,93.8375225018322
3.2099999999999755,JUMP +60°,60.0,4.342012226182458,-0.5703809078124009,162.16505293879126,-68.55329849020623,176.0598169047335,94.82010771452005
3.2199999999999753,JUMP +60°,60.0,4.357965870355252,-0.5768530103302093,157.713489243718,-61.65383483478289,169.336174632779,95.80695343522353
3.229999999999975,JUMP +60°,60.0,4.374067128548879,-0.5836496190906714,162.81025174826488,-71.28185977734167,177.7309247363834,96.79505906497927
3.239999999999975,JUMP +60°,60.0,4.390227746214115,-0.5906243660014308,162.0403978014007,-70.00832931453412,176.51701530744407,97.78520426504996
3.2499999999999747,JUMP +60°,60.0,4.4061862318086975,-0.5973885468407036,158.28129058996325,-65.94267521940775,171.4683742441057,98.77602641586591
3.2599999999999745,JUMP +60°,60.0,4.422173528302272,-0.6042903541112653,161.06088068020583,-70.87043113906162,175.96370448282786,99.76837418931393
3.2699999999999743,JUMP +60°,60.0,4.438119590163777,-0.6111680038034796,158.37120794245547,-66.90148682578535,171.92221626262616,100.76485352309615
3.279999999999974,JUMP +60°,60.0,4.4541723325726235,-0.6181406728818138,162.0097555443522,-71.37862309981344,177.0369134592161,101.77180524309657
3.289999999999974,JUMP +60°,60.0,4.4701528173083815,-0.6247635358519309,158.44923246542626,-62.58282333132959,170.36070276035818,102.79693955760382
3.2999999999999736,JUMP +60°,60.0,4.48616291192145,-0.6316896458503014,161.37880776686617,-73.70096755209674,177.41181531783715,103.81509761903129
3.3099999999999734,JUMP +60°,60.0,4.501890396363922,-0.6384787284551087,155.48619221252417,-65.86398224007543,168.86094908317608,104.82204735348523
3.319999999999973,JUMP +60°,60.0,4.517822879008186,-0.6456511122257488,160.771852692833,-73.28921144707301,176.68870120304743,105.8332674855877
3.329999999999973,JUMP +60°,60.0,4.533763148329582,-0.6527985653423033,158.44026700401278,-69.8725808956204,173.16320558743962,106.85262109767658
3.3399999999999728,JUMP +60°,60.0,4.549792240284297,-0.6600005520372927,161.43778685875375,-73.34844368665543,177.319353757865,107.88311431077533
3.3499999999999726,JUMP +60°,60.0,4.565785380064585,-0.6672339601937187,158.83436065705348,-71.29153406568744,174.10007741174041,108.91509051539137
3.3599999999999723,JUMP +60°,60.0,4.581694049125641,-0.6744176558570376,159.45798640256962,-71.99328120334094,174.95680028505723,109.9482410150578
3.369999999999972,JUMP +60°,60.0,4.597516356403546,-0.681668089745378,156.84297660739279,-71.6838224215899,172.4479333249233,110.97658208670174
3.379999999999972,JUMP +60°,60.0,4.613455020244953,-0.6890019583104786,160.96634275811945,-74.02024249055846,177.16986143045176,112.01703893214683
3.3899999999999717,JUMP +60°,60.0,4.6293796065449415,-0.6963277831691371,158.0478325014072,-72.41628752263237,173.84831335665422,113.06263581032874
3.3999999999999715,JUMP +60°,60.0,4.6454382579736215,-0.7037555994551592,161.76318554391568,-74.87878586538727,178.25308067461222,114.12112220015209
3.4099999999999713,JUMP +60°,60.0,4.661390854098505,-0.711164206697227,158.35879409305704,-73.59187887917513,174.62322956460983,115.17715160166703
3.419999999999971,JUMP +60°,60.0,4.677249134217533,-0.7186725993042445,158.62540932607922,-76.2928590785483,176.01880817186955,116.22606606939279
3.429999999999971,JUMP +60°,60.0,4.69327083197783,-0.7262559864388212,161.46802480988768,-75.54235626427044,178.26544989415214,117.29185617247491
3.4399999999999706,JUMP +60°,60.0,4.709113112539825,-0.7334093491124148,156.1085899212985,-70.1417174779752,171.142491444925,118.36739896416239
3.4499999999999704,JUMP +60°,60.0,4.725106904234046,-0.7407992103535296,162.2532744744766,-75.90237276121877,179.12926971456352,119.45113667231774
3.45999999999997,JUMP +60°,60.0,4.741124555780453,-0.748276372326479,159.0488634713424,-73.95761659165163,175.40316423441013,120.53872047266894
3.46999999999997,JUMP +60°,60.0,4.757163926764331,-0.7558617978021779,161.43461593096117,-76.85352990772567,178.79485529526465,121.62907283905126
3.47999999999997,JUMP +60°,60.0,4.773086746624415,-0.7634309449221806,157.83705861610036,-74.6892750637042,174.61679438737835,122.71542812544362
3.4899999999999696,JUMP +60°,60.0,4.788880339820982,-0.7709171071092611,157.89460322791214,-74.33973645967849,174.51963255002073,123.79945837571276
3.4999999999999694,JUMP +60°,60.0,4.804737667428091,-0.7785212162403035,159.35047223251664,-78.09370521893005,177.45759999376526,124.889505246384
3.509999999999969,JUMP +60°,60.0,4.820592354871753,-0.7859353663980911,159.50044201266365,-72.12894564900812,175.0513519018709,125.99306751996538
3.519999999999969,JUMP +60°,60.0,4.836497693645245,-0.7935952649829466,158.5886122567197,-79.20746821740138,177.26864065288828,127.09593407910992
3.5299999999999687,JUMP +60°,60.0,4.8524075675914,-0.8012396171781451,159.56237869370196,-74.03227298339678,175.90034149335963,128.20533193283308
3.5399999999999685,JUMP +60°,60.0,4.868145772642441,-0.8089126069858371,155.59233903828746,-77.97660443833949,174.03829120954578,129.3033615662628
3.5499999999999683,JUMP +60°,60.0,4.884252679702255,-0.8167729956601045,161.98411515450152,-76.6020691162138,179.18351083532215,130.43228973633032
3.559999999999968,JUMP +60°,60.0,4.900242734080252,-0.8245555184054891,158.488693147499,-78.00564972572015,176.64525820053547,131.55934744133546
3.569999999999968,JUMP +60°,60.0,4.916072034634684,-0.8324188392105583,158.1828938630215,-75.6258185345099,175.3313786516679,132.67379313270467
3.5799999999999677,JUMP +60°,60.0,4.931863799791141,-0.8406772971395254,156.96922368680532,-84.58281556630364,178.3075709945084,133.7739620470489
3.5899999999999674,JUMP +60°,60.0,4.94764301456883,-0.8489736854303368,158.66990257487404,-81.46342964752678,178.3603889686765,134.87698369096458
3.5999999999999672,JUMP +60°,60.0,4.963524625328095,-0.8574447031075684,161.32908359074995,-86.47028386698774,183.04147946372328,135.98787129235538
3.609999999999967,JUMP +60°,60.0,4.979537331617043,-0.865873717069659,158.97601075887368,-82.6595999697563,179.18142053227967,137.11807345189015
3.619999999999967,JUMP +60°,60.0,4.995424757402808,-0.8741509751552703,158.67673215560677,-82.62401708368019,178.89950678139513,138.2483301752331
3.6299999999999666,JUMP +60°,60.0,5.011274089634334,-0.8825296732246163,158.56315640655947,-84.02653606005951,179.45120041912097,139.37648798576214
3.6399999999999664,JUMP +60°,60.0,5.026950378701489,-0.8907430828152935,155.48855582501596,-80.55769609909792,175.1177700672999,140.50048728544223
3.649999999999966,JUMP +60°,60.0,5.042800018758106,-0.8991635967292827,161.2301994226337,-87.57367679929001,183.4784076506245,141.63770225347352
3.659999999999966,JUMP +60°,60.0,5.058545660951219,-0.9073859802999106,155.12799286054863,-79.92915383425047,174.50892183954863,142.77815633589478
3.6699999999999657,JUMP +60°,60.0,5.074462880124166,-0.9159869347029931,159.43275808545764,-87.50940774049995,181.87001070497888,143.92531909434072
3.6799999999999655,JUMP +60°,60.0,5.090069365585266,-0.9243409285098041,154.06343050804608,-80.71152748378874,173.92495878589114,145.05824676040197
3.6899999999999653,JUMP +60°,60.0,5.105869057047921,-0.9330377738353166,159.96549530109797,-90.20712041986155,183.64717330078622,146.2014836249384
3.699999999999965,JUMP +60°,60.0,5.1215559634911205,-0.9414954974466964,154.7845623144234,-81.11083124953247,174.74904199124455,147.34829046677476
3.709999999999965,JUMP +60°,60.0,5.13742764717787,-0.9502145534899133,160.80374265005491,-90.40227068362869,184.47334277618853,148.507872677995
3.7199999999999647,JUMP +60°,60.0,5.153225610227342,-0.9587670050674019,156.1783347462006,-82.10281347001444,176.44416744054837,149.67180165311902
3.7299999999999645,JUMP +60°,60.0,5.168944881117462,-0.9673020913107854,157.90749462692617,-87.06740600962348,180.3205757771346,150.83404559416013
3.7399999999999642,JUMP +60°,60.0,5.184677015298724,-0.975841665325512,157.08878716204876,-83.73013742482225,178.01017657769756,152.00230421904078
3.749999999999964,JUMP +60°,60.0,5.200424864512457,-0.9846193940293084,156.21423088286187,-88.15637150630255,179.37232720651565,153.16864315219104
3.759999999999964,JUMP +60°,60.0,5.216118465669861,-0.9933897760111261,157.55428152377405,-87.34065813421262,180.14367096789732,154.33519553454812
3.7699999999999636,JUMP +60°,60.0,5.231475031714882,-1.0018812638650914,149.77375573037634,-79.85886735505233,169.73395830185038,155.4846214006818
3.7799999999999634,JUMP +60°,60.0,5.2472278546604745,-1.0107037751349308,159.40719334900945,-91.18554441107266,183.64492043329753,156.6647602604571
3.789999999999963,JUMP +60°,60.0,5.262930608108865,-1.0193341501615347,155.28587303991293,-82.77028895409018,175.96767629116303,157.8515771368867
3.799999999999963,JUMP +60°,60.0,5.278708809113384,-1.028102186133152,157.98353434939563,-89.59378141706365,181.62005063906145,159.04568641616424
3.8099999999999627,JUMP +60°,60.0,5.29418937394678,-1.0366248749223577,152.73554525657772,-82.05090456148262,173.37963468695403,160.22458610631136
3.8199999999999625,JUMP +60°,60.0,5.309748354700877,-1.0453856896979292,157.52320445254594,-91.1842101088926,182.0113186430483,161.40768178634363
3.8299999999999623,JUMP +60°,60.0,5.325241723705422,-1.0540675619553461,153.95237409692376,-85.78647021075311,176.24032444732845,162.59178885042496
3.839999999999962,JUMP +60°,60.0,5.340884823355006,-1.0628346934399568,158.10351145818592,-88.66082293001509,181.26627336059022,163.7919276422883
3.849999999999962,JUMP +60°,60.0,5.356484958364462,-1.071284642602696,154.20628735474128,-81.19261292868059,174.27512574638868,165.00262743386997
3.8599999999999617,JUMP +60°,60.0,5.372005307951746,-1.0798074216529754,155.55453298500163,-87.3036026762078,178.37917976161657,166.20782501372938
3.8699999999999615,JUMP +60°,60.0,5.387672410827377,-1.0883522057689812,155.77132042036342,-83.49802951447651,176.73886159615245,167.4306379297064
3.8799999999999613,JUMP +60°,60.0,5.403248703977731,-1.0969697033521706,155.7460740079122,-87.72277563180708,178.7515732334304,168.64692489544223
3.889999999999961,JUMP +60°,60.0,5.418684395705877,-1.1055781005770255,153.7213551670773,-84.70960721112141,175.51630291304906,169.85442398883248
3.899999999999961,JUMP +90°,90.0,5.4340008384357645,-1.1139142162910995,151.80519201981022,-80.11158756793095,171.64697138844517,171.06298408402537
3.9099999999999606,JUMP +90°,90.0,5.448713670498175,-1.1230376912515398,144.59474158068414,-98.13325434285997,174.7506077262831,172.19453827540102
3.9199999999999604,JUMP +90°,90.0,5.46389737739101,-1.13200579632513,155.30039452573737,-87.75141223944779,178.3774730448528,173.38003115786194
3.92999999999996,JUMP +90°,90.0,5.4790614780037155,-1.1409104710051932,150.2873568720269,-87.70942200929976,174.00928809918568,174.5698122349063
3.93999999999996,JUMP +90°,90.0,5.494460440181715,-1.1498284646980315,156.55903272035033,-90.21709677087118,180.69270952668916,175.78594049575477
3.9499999999999598,JUMP +90°,90.0,5.50973176180721,-1.1587092623736288,152.69947510289487,-90.17070717457199,177.33551852085927,176.9951416338614
3.9599999999999596,JUMP +90°,90.0,5.525146511332213,-1.1677812094714075,156.5389212490222,-92.25658186587957,181.70225855333587,178.21689157756242
3.9699999999999593,JUMP +90°,90.0,5.540510885285196,-1.1768235500528292,151.99998045653936,-89.19444556580936,176.23746247203084,179.4388989779334
3.979999999999959,JUMP +90°,90.0,5.5559621127671175,-1.1858995713604843,156.3269394070325,-91.62447426135239,181.19921707347203,180.67253514273816
3.989999999999959,JUMP +90°,90.0,5.571295931921023,-1.1947337036185985,151.67544595451054,-85.6563518939487,174.19084799517915,181.9056580229499
3.9999999999999587,JUMP +90°,90.0,5.58655340133993,-1.2037952479333893,154.02406358841802,-94.98114474673507,180.95532603847082,183.1293049354329
4.009999999999959,JUMP +90°,90.0,5.60175326005362,-1.2130158169811578,150.95569786845832,-90.25234609686412,175.87810749192582,184.34725351973816
4.019999999999959,JUMP +90°,90.0,5.617017194251235,-1.2225123175461188,153.7422605383348,-97.63076353187004,182.1220707746679,185.56826698253977
4.0299999999999585,JUMP +90°,90.0,5.632255879281857,-1.2319233791800481,151.7886174274915,-91.57629151489117,177.2738038971627,186.79334039448827
4.039999999999958,JUMP +90°,90.0,5.647485930204582,-1.241654801966426,152.53791446593593,-100.91132465296423,182.89590152005354,188.01354322384645
4.049999999999958,JUMP +90°,90.0,5.662505944147282,-1.2515910354779582,148.8744336535975,-100.22102713371271,179.46545983953507,189.21258211092348
4.059999999999958,JUMP +90°,90.0,5.67756434008287,-1.2620498456890736,151.91914986438238,-107.19202372538845,185.92890589109837,190.40666498380529
4.069999999999958,JUMP +90°,90.0,5.692566059267099,-1.2724688548322525,149.18726654872677,-102.03795799577684,180.74453068413652,191.60094042764646
4.079999999999957,JUMP +90°,90.0,5.70753452166949,-1.2830495384449143,149.83415548116972,-108.45199157309276,184.96515516422417,192.7926789919244
4.089999999999957,JUMP +90°,90.0,5.722356889095702,-1.2938261086671565,147.68702499545392,-106.77958177855089,182.2452645113449,193.970215200401
4.099999999999957,JUMP +90°,90.0,5.737167895375238,-1.3048993380836926,148.09395897431477,-111.26930509830206,185.23681853709607,195.14436828531433
4.109999999999957,JUMP +90°,90.0,5.751955109311646,-1.316149483055664,148.2407214793465,-112.98156809298014,186.3870870888482,196.31697895240708
4.119999999999957,JUMP +90°,90.0,5.766671249024424,-1.3268904770359036,146.63201855014717,-103.15523175454389,179.28176344074808,197.49937135050413
4.129999999999956,JUMP +90°,90.0,5.7814562576375454,-1.3379312819054932,148.92381580371216,-114.9521266514515,188.1283985346958,198.68625260653988
4.139999999999956,JUMP +90°,90.0,5.796219477382181,-1.3488206175273612,146.8124953294051,-104.63300506103246,180.2830400590933,199.87915382109503
4.149999999999956,JUMP +90°,90.0,5.810978033147292,-1.3601164375144725,148.48215289636164,-118.14268629215596,189.7488973698274,201.06724974958217
4.159999999999956,JUMP +90°,90.0,5.825675605072572,-1.3714101923069262,146.5994027608002,-110.7894625806761,183.75442826973813,202.25427484541453
4.1699999999999555,JUMP +90°,90.0,5.840384190177535,-1.3829422443094048,147.83840682702805,-118.16472928980414,189.25934001070212,203.44206574535883
4.179999999999955,JUMP +90°,90.0,5.854999595776654,-1.39455286492449,144.96573401988982,-114.7806868581426,184.9044891709026,204.6239977150915
4.189999999999955,JUMP +90°,90.0,5.869600131024845,-1.4059689231564527,146.8498420216712,-113.78944033436625,185.77651313715114,205.81340816656547
4.199999999999955,JUMP +90°,90.0,5.884143979307149,-1.4176612513047602,144.5072260551634,-118.76662849721586,187.0503954199343,206.99636597084555
4.209999999999955,JUMP +90°,90.0,5.898725088572308,-1.4295206014095028,147.00311071288908,-117.68709946925098,188.30870383694773,208.1844882715779
4.2199999999999545,JUMP +90°,90.0,5.913280538839364,-1.4414793814704443,144.3686788067751,-118.75699107242379,186.9372577871772,209.37307329067147
4.229999999999954,JUMP +90°,90.0,5.927997448062489,-1.4532849193157693,149.227404668273,-117.06433796479467,189.6651721512523,210.58543046721692
4.239999999999954,JUMP +90°,90.0,5.942523494171339,-1.4650270198076885,142.39666461775624,-117.31970219792565,184.50128080333675,211.7851007784891
4.249999999999954,JUMP +90°,90.0,5.957100535176469,-1.4772079682223758,148.12589041084158,-124.21801317851255,193.31682339626258,212.98629012804778
4.259999999999954,JUMP +90°,90.0,5.971521142625771,-1.48979299876193,142.37378066504513,-127.26894296666,190.96512054485063,214.16965708972953
4.269999999999953,JUMP +90°,90.0,5.986020022659594,-1.5024171746424477,147.12113758782797,-125.53184959758379,193.3982274699719,215.36521405280862
4.279999999999953,JUMP +90°,90.0,6.000376698578213,-1.5151731674294193,141.9962394793984,-126.54379597389482,190.20058970932078,216.54963230798162
4.289999999999953,JUMP +90°,90.0,6.014748216608995,-1.5277661453014837,145.08681610603668,-124.9349219446795,191.46518986257024,217.7435655037372
4.299999999999953,JUMP +90°,90.0,6.029030055289339,-1.540369279105596,141.67898696156342,-126.51999113194753,189.94800210184613,218.9335596327422
4.3099999999999525,JUMP +90°,90.0,6.043403559020717,-1.5529762205699793,143.33890972475916,-124.40945356568591,189.79924967605962,220.13755364383815
4.319999999999952,JUMP +90°,90.0,6.057814009092659,-1.5655633466008556,144.90026692277993,-126.6538986678635,192.45076617686485,221.35051467172335
4.329999999999952,JUMP +90°,90.0,6.0721653349200455,-1.5782711839818027,142.7552835665074,-127.1867430686934,191.1950276512853,222.5606505844632
4.339999999999952,JUMP +90°,90.0,6.086525581523254,-1.591101440211706,144.28630293645244,-128.52932140529896,193.23126992279578,223.77472398329888
4.349999999999952,JUMP +90°,90.0,6.1006619278119025,-1.6039561347359144,140.25885336210393,-128.40598656170312,190.15952074859797,224.9713190034643
4.3599999999999515,JUMP +90°,90.0,6.11488994920949,-1.6172755408278527,142.2877242743921,-133.14580855758052,194.8681677843698,226.17495814162325
4.369999999999951,JUMP +90°,90.0,6.1290767430959,-1.6303146483146878,141.72608044843417,-128.19376729975613,191.10186774016643,227.3838935636511
4.379999999999951,JUMP +90°,90.0,6.1432414685116274,-1.6434727081915321,141.72131601761947,-133.40650588706774,194.63357168474872,228.5939533943262
4.389999999999951,JUMP +90°,90.0,6.157339508377689,-1.6565778124359887,140.75917031103418,-129.45691245747298,191.23868910257818,229.803208956396
4.399999999999951,JUMP +90°,90.0,6.171266792459065,-1.669740829868209,138.39755308807793,-132.57725850477152,191.6523210749308,230.99972846296737
4.40999999999995,JUMP +90°,90.0,6.185273765591687,-1.6831157420952885,139.98858328402372,-131.81618444573087,192.2818502399511,232.20626354257243
4.41999999999995,JUMP +90°,90.0,6.199193513204662,-1.6967126008436957,138.7741652559185,-138.09775777912543,195.77859853952108,233.4063157069121
4.42999999999995,JUMP +90°,90.0,6.213057598060485,-1.7100128798014786,138.85273144031538,-129.0965079385161,189.5942757320371,234.60977998781792
4.43999999999995,JUMP +90°,90.0,6.226907318641533,-1.72360855610419,138.91010272608435,-138.12588762418943,195.89481226245252,235.81307820245217
4.4499999999999496,JUMP +90°,90.0,6.240816035336951,-1.7370785137143585,139.2225882370283,-132.31170807899554,192.0659188148654,237.02882273489746
4.459999999999949,JUMP +90°,90.0,6.254819583723674,-1.7503578410059168,140.70382876482284,-132.81586849240256,193.48804188494896,238.26117822149496
4.469999999999949,JUMP +90°,90.0,6.268613159267815,-1.7634829886071393,136.2234911428537,-129.8986538997316,188.229912139674,239.47923513044208
4.479999999999949,JUMP +90°,90.0,6.282387749096545,-1.7770716402226276,137.90454715273268,-138.29359396887492,195.30177228644982,240.69490730709103
4.489999999999949,JUMP +90°,90.0,6.296184617063811,-1.7906633867953838,138.19082880460647,-133.80004927632706,192.35165284460544,241.91766676937644
4.4999999999999485,JUMP +90°,90.0,6.309974137975909,-1.8044160299336809,138.081302474447,-137.93588060765484,195.17364896944702,243.14288448471711
4.509999999999948,JUMP +90°,90.0,6.323738557676882,-1.8181250603515464,137.44274517657203,-135.93846457620575,193.31263371287574,244.37098169156445
4.519999999999948,JUMP +90°,90.0,6.337473484679692,-1.8320186476329368,137.41399114470445,-140.55808175101814,196.5685104685967,245.5992007794767
4.529999999999948,JUMP +90°,90.0,6.351084521195686,-1.8458727250562894,135.48436733980716,-136.62502489146794,192.41208699055795,246.82040568449855
4.539999999999948,JUMP +90°,90.0,6.364570332407272,-1.8598829941159698,134.67524572311882,-142.41542659288584,196.00912106893415,248.03258308579785
4.549999999999947,JUMP +90°,90.0,6.3779453903570245,-1.8736275630645716,133.2664288941101,-134.043610493203,189.01754041422302,249.2410036186411
4.559999999999947,JUMP +90°,90.0,6.391446801260151,-1.8874795208733965,136.2859729145515,-140.84836794548403,195.99012517515345,250.4658123633754
4.569999999999947,JUMP +90°,90.0,6.404922717228108,-1.9018052034768997,134.63846661227984,-145.90650664734451,198.5351993318504,251.688947371575
4.579999999999947,JUMP +90°,90.0,6.418386813591954,-1.9161455862273418,134.98775182736452,-141.3647342406012,195.46273616810433,252.9158044956935
4.589999999999947,JUMP +90°,90.0,6.431716344843117,-1.930329184320687,132.5123379047775,-141.9273238998548,194.1723074137098,254.13541328452567
4.599999999999946,JUMP +90°,90.0,6.445041335677559,-1.9447414295704872,133.47490155842004,-146.891874978395,198.47612521585145,255.35775644422688
4.609999999999946,JUMP +90°,90.0,6.458346604789424,-1.9592176316050542,132.95800424285304,-142.82328367935153,195.13154858503802,256.5826392600707
4.619999999999946,JUMP +90°,90.0,6.471728244807023,-1.9737611082881494,134.50156348659084,-146.93131718460342,199.19709473267918,257.8196504172174
4.629999999999946,JUMP +90°,90.0,6.485075247137409,-1.9882094553023362,132.96948098874978,-142.85141728291816,195.15996078641723,259.05875950738977
4.6399999999999455,JUMP +90°,90.0,6.498326815481336,-2.0023566724396513,132.514482840353,-140.16406899289106,192.8887098797909,260.29499306065685
4.649999999999945,JUMP +90°,90.0,6.511531048390386,-2.0168557103467144,132.0292460268175,-147.29221021453418,197.80474462533104,261.52914483925366
4.659999999999945,JUMP +90°,90.0,6.52477095248941,-2.031349232856888,132.75577083169497,-142.9612395629197,195.09487616665905,262.7716990883955
4.669999999999945,JUMP +90°,90.0,6.5380094662641985,-2.046168004940935,133.17311138999494,-148.13864671474516,199.19873555765378,264.0172575374663
4.679999999999945,JUMP +90°,90.0,6.551216237378643,-2.06094106788991,131.56441108863842,-145.55478542696554,196.20242054008975,265.26479925327385
4.689999999999944,JUMP +90°,90.0,6.564391936048006,-2.0755593203782348,132.09331555942669,-146.41405973992582,197.194626967899,266.5147855904997
4.699999999999944,JUMP +90°,90.0,6.577456473993809,-2.0901175471309856,130.0314622578135,-145.96504308184802,195.4839506936335,267.75864580250686
4.709999999999944,JUMP +90°,90.0,6.590622819033358,-2.1047773223899253,132.71849687313002,-146.21931571232915,197.46971337307605,269.016958747079
4.719999999999944,JUMP +90°,90.0,6.6038429589047745,-2.11958501156542,132.03691415109543,-149.78745702200155,199.6748080746835,270.2848282227153
4.729999999999944,JUMP +90°,90.0,6.617022690766719,-2.134279014955465,131.83026559115015,-145.2255759401767,196.13690839051486,271.5537611332751
4.739999999999943,JUMP +90°,90.0,6.630104427621265,-2.1492167244584586,130.38209773625914,-151.76010132913703,200.07653476991587,272.816848211266
4.749999999999943,JUMP +90°,90.0,6.643114741050455,-2.1640213890543345,131.14053505429425,-147.35414157546464,197.25892368602402,274.07788070315115
4.759999999999943,JUMP +90°,90.0,6.656238110197616,-2.178514537733089,131.23940938890385,-142.6677164518373,193.85009645169166,275.35553765085365
4.769999999999943,JUMP +90°,90.0,6.6692464788270405,-2.193290196469995,129.323224343209,-151.81439202280484,199.42945113442457,276.62556525088746
4.7799999999999425,JUMP +90°,90.0,6.682199116761174,-2.208178336430682,129.62162641030238,-146.92401525657093,195.92966159406566,277.89438309816495
4.789999999999942,JUMP +90°,90.0,6.695135878046175,-2.22318998528045,129.3167449326086,-151.924811249814,199.5093200661487,279.1660283405877
4.799999999999942,JUMP +90°,90.0,6.707946174410757,-2.2379459405340185,127.51935128800352,-143.87917740779838,192.25608610511648,280.42990075835803
4.809999999999942,JUMP +90°,90.0,6.7208458146552985,-2.2529639319502763,129.27571348788155,-152.13796723269422,199.64511306690474,281.70694872340266
4.819999999999942,JUMP +90°,90.0,6.733792416684944,-2.267750602640424,129.9007990258962,-144.06925781722137,193.98497012802636,282.9933371337063
4.8299999999999415,JUMP +90°,90.0,6.746697951924776,-2.282887985284662,128.9342901372497,-153.45366717589766,200.42973617437022,284.27995753079404
4.839999999999941,JUMP +90°,90.0,6.759564327081379,-2.297987597749006,128.6711391229163,-148.80833997518994,196.7236236179087,285.5672071160081
4.849999999999941,JUMP +90°,90.0,6.7724428224254405,-2.3132167067890537,129.23783016573103,-154.4281951030337,201.37150788710647,286.8602271508427
4.859999999999941,JUMP +90°,90.0,6.785487457837853,-2.3281084235694105,131.54637706325224,-144.8305850603728,195.65364215213887,288.17413363649393
4.869999999999941,JUMP +90°,90.0,6.798384351920774,-2.3430435231786735,127.33673903123126,-151.90460957771313,198.21618379452607,289.47761748188503
4.87999999999994,JUMP +90°,90.0,6.811191202496341,-2.358171677803668,129.1666174790679,-149.97262676953852,197.928784796803,290.7766581439537
4.88999999999994,JUMP +90°,90.0,6.82381127234342,-2.373696102203745,125.45498974605245,-155.2083914060774,199.57103801665275,292.0620587506827
4.89999999999994,JUMP +90°,90.0,6.836452078982985,-2.389374074285493,126.97163470127204,-158.98458841633408,203.46472758840636,293.3544131886845
4.90999999999994,JUMP +90°,90.0,6.84910016124358,-2.405012800394674,126.15524437428375,-154.35368806059427,199.3494587427879,294.65204165174237
4.9199999999999395,JUMP +90°,90.0,6.861682535990601,-2.4204063508921303,125.71477390092328,-153.56024930364276,198.45642983576312,295.9470507517226
4.929999999999939,JUMP +90°,90.0,6.874179322113413,-2.4358510056609592,125.09728181771116,-154.79812993574367,199.0271110923917,297.238049853794
4.939999999999939,JUMP +90°,90.0,6.886617352695338,-2.4511083593401555,124.06182987212692,-150.68687880363413,195.18676459945146,298.5269859721538
4.949999999999939,JUMP +90°,90.0,6.899328427650877,-2.466458116076551,128.0893882330205,-152.25357974830527,198.96744438244914,299.84778529396294
4.959999999999939,JUMP +90°,90.0,6.911919392895766,-2.4820512071656067,125.50856796939075,-155.88398248731446,200.1304989996091,301.1617593407983
4.9699999999999385,JUMP +90°,90.0,6.924419405572199,-2.497778376080662,124.87411524742376,-158.07882436426647,201.4508857543582,302.47156602638114
4.979999999999938,JUMP +90°,90.0,6.936783764870327,-2.5133157439050837,122.80734049815084,-152.927763252647,196.13399413076357,303.77143445376163
4.989999999999938,JUMP +90°,90.0,6.949209373106946,-2.529108587714109,125.17666526644982,-160.58106092810263,203.6061753877417,305.0828831861687
4.999999999999938,JUMP +90°,90.0,6.961676631061034,-2.54468948930886,124.64569898586045,-155.89558876119926,199.59956129930418,306.40186347798215
5.009999999999938,JUMP +90°,90.0,6.974168689456678,-2.5604723056475787,125.28356971386907,-158.77247549261065,202.2490341492427,307.7286101035431
5.019999999999937,JUMP +90°,90.0,6.986504622031095,-2.5759685424988965,122.04885662641738,-151.87218698940018,194.8360453939648,309.0425394622515
5.029999999999937,JUMP +90°,90.0,6.998843748791254,-2.591785717512839,124.86593996136858,-161.86932181945886,204.4338042221189,310.36276458040913
5.039999999999937,JUMP +90°,90.0,7.011131735943501,-2.607544377059268,123.22086595981563,-154.06207007957738,197.27773124478966,311.68182451484415
5.049999999999937,JUMP +90°,90.0,7.023479227402584,-2.6235301632981023,123.63961471107312,-163.53738040309938,205.01519240049174,313.0124784597611
5.0599999999999365,JUMP +90°,90.0,7.035807868930575,-2.639245592669423,123.1963536714831,-154.02980039721092,197.23722003808965,314.34379755351165
5.069999999999936,JUMP +90°,90.0,7.048218088906955,-2.6553536126053237,123.98477239777415,-162.55261388548405,204.43966363582953,315.69008255815146
5.079999999999936,JUMP +90°,90.0,7.060597871328041,-2.671261475883526,123.81973679795438,-156.64093908461115,199.6690036485973,317.03622852560994
5.089999999999936,JUMP +90°,90.0,7.072893953781619,-2.6868123071506322,121.18890860796768,-156.7799038734793,198.15824441129809,318.37556526546047
5.099999999999936,STRAIGHT,90.0,7.085101523313706,-2.7025437639756116,123.07607008674691,-157.38263030216572,199.79242064909772,0.0
5.1099999999999355,STRAIGHT,90.0,7.097231206662833,-2.7182919963192664,120.45694147900181,-157.06662710308095,197.93887970788847,0.0
5.119999999999935,STRAIGHT,90.0,7.109489154182506,-2.7340451305617384,124.10812614474037,-157.6553957140589,200.64408980310208,0.0
5.129999999999935,STRAIGHT,90.0,7.121740466401925,-2.7497372417569146,122.21155247292843,-153.27395809516815,196.03206316315374,0.0
5.139999999999935,STRAIGHT,90.0,7.133998946483739,-2.7656930673980984,122.34079442709147,-160.9624663501186,202.17859816153867,0.0
5.149999999999935,STRAIGHT,90.0,7.146112380061043,-2.781568399820305,120.63632457204352,-156.56440115459614,197.6500303950109,0.0
5.159999999999934,STRAIGHT,90.0,7.158076216670025,-2.7975704778528687,119.34547858224684,-162.23267832401984,201.40204858493976,0.0
5.169999999999934,STRAIGHT,90.0,7.169998070286353,-2.8132946104968988,119.27424502434245,-153.85279612695356,194.67159115343156,0.0
5.179999999999934,STRAIGHT,90.0,7.1820452914165305,-2.8291133680808285,121.34951926079974,-160.54725993805366,201.24892173237643,0.0
5.189999999999934,STRAIGHT,90.0,7.1940016088318925,-2.8451113910516606,118.26111680672217,-160.82375930864967,199.62458091763065,0.0
5.199999999999934,STRAIGHT,90.0,7.205897437798388,-2.8613368938035664,118.9076190185268,-165.34585386850293,203.6621546880015,0.0
5.209999999999933,STRAIGHT,90.0,7.21764006345375,-2.877325472549298,117.13181747411359,-156.17411340624767,195.21838121195597,0.0
5.219999999999933,STRAIGHT,90.0,7.229452892203895,-2.893601599747412,118.56442085646108,-164.99902861375688,203.18021886126462,0.0
5.229999999999933,STRAIGHT,90.0,7.241296863238708,-2.9097654321137925,118.52425229789685,-159.41783471475495,198.65055853915044,0.0
5.239999999999933,STRAIGHT,90.0,7.253195370951056,-2.926000228122952,119.24899114831382,-164.08647818725194,202.84154952520487,0.0
5.2499999999999325,STRAIGHT,90.0,7.2651508607279975,-2.9419059032585086,120.13959281212587,-155.45139107705657,196.46540852998876,0.0
5.259999999999932,STRAIGHT,90.0,7.2769090769165246,-2.9578472091459447,116.5698318930628,-161.46849590160593,199.14969464275828,0.0
5.269999999999932,STRAIGHT,90.0,7.288652517038668,-2.9740117377196875,117.58160494218768,-162.99118395670064,200.97651571362195,0.0
5.279999999999932,STRAIGHT,90.0,7.300384453119289,-2.9902722923752885,117.20352604864644,-161.77372942073288,199.76838100392223,0.0
5.289999999999932,STRAIGHT,90.0,7.312183962119832,-3.006506848837025,118.44177626097607,-162.65087268553685,201.20576718678277,0.0
5.299999999999931,STRAIGHT,90.0,7.3238942768997495,-3.0227392557163855,116.65274287805134,-160.79587469403273,198.65340606088745,0.0
5.309999999999931,STRAIGHT,90.0,7.33558022204707,-3.0388919386581903,117.25813639386544,-161.72588812825964,199.76169162638945,0.0
5.319999999999931,STRAIGHT,90.0,7.347174935095406,-3.054890805976553,115.3079814264716,-158.65561796409838,196.13142454032564,0.0
5.329999999999931,STRAIGHT,90.0,7.358875891067751,-3.0710711738459247,118.07997898686776,-163.10433947198243,201.3601425112001,0.0
5.339999999999931,STRAIGHT,90.0,7.370545649783216,-3.0872632440415697,115.69959653242314,-162.20816465818507,199.24328174255305,0.0
5.34999999999993,STRAIGHT,90.0,7.382246688681308,-3.1036033731644412,117.29540442888955,-161.63934762634025,199.7135213279402,0.0
5.35999999999993,STRAIGHT,90.0,7.39380851693564,-3.1198246412538095,114.90082029338471,-160.5779826996018,197.45249310141998,0.0
5.36999999999993,STRAIGHT,90.0,7.4055394253389615,-3.1356832373575623,119.19082969656374,-156.6315249082742,196.82451188519835,0.0
5.37999999999993,STRAIGHT,90.0,7.4171183001657495,-3.1519018997120907,116.16809611066645,-165.01047281119313,201.80060131563172,0.0
5.3899999999999295,STRAIGHT,90.0,7.428740891472734,-3.16815600466803,116.366799722364,-160.5898760989596,198.31878474593364,0.0
5.399999999999929,STRAIGHT,90.0,7.440321869770846,-3.1845391825303677,115.64095227666125,-165.51925092350973,201.91446770782133,0.0
5.409999999999929,STRAIGHT,90.0,7.451804825887681,-3.200580673045993,114.49224287038639,-156.51688228404365,193.922685927688,0.0
5.419999999999929,STRAIGHT,90.0,7.463336628128719,-3.216868234075687,115.90920797792086,-166.30072991911993,202.70884851357866,0.0
5.429999999999929,STRAIGHT,90.0,7.4748876608792045,-3.232691381220655,115.63862362454509,-152.10396233783342,191.07042322831717,0.0
5.4399999999999284,STRAIGHT,90.0,7.4864678594320315,-3.2489624448117835,116.01248232464403,-168.74102201323655,204.77409153796148,0.0
5.449999999999928,STRAIGHT,90.0,7.498046673776013,-3.2651393285020163,115.39536822511916,-158.165422210374,195.78659757704744,0.0
5.459999999999928,STRAIGHT,90.0,7.509567800365589,-3.2813930628622434,115.20087638759232,-165.13901410502524,201.35077824545164,0.0
5.469999999999928,STRAIGHT,90.0,7.521239740790015,-3.297701191126951,117.46493132022155,-161.82392168799765,199.96247578120142,0.0
5.479999999999928,STRAIGHT,90.0,7.532975831186749,-3.3139805245426475,117.35507613189147,-163.05337569432723,200.8945425322387,0.0
5.489999999999927,STRAIGHT,90.0,7.544470710559012,-3.3301985881289484,114.59282826053561,-159.10505701046839,196.07635108562434,0.0
5.499999999999927,STRAIGHT,90.0,7.555826235572769,-3.3467995952633776,113.11798609846167,-169.93487018640963,204.14097796435593,0.0
5.509999999999927,STRAIGHT,90.0,7.567126223624336,-3.363341365888787,113.00425339288019,-163.9848819854886,199.15070375139751,0.0
5.519999999999927,STRAIGHT,90.0,7.578437708157343,-3.380137059753765,113.17780245464341,-169.84339815577925,204.098003090586,0.0
5.5299999999999265,STRAIGHT,90.0,7.589708063740583,-3.396808880270846,112.48574371538305,-164.65556434326078,199.41037437505736,0.0
5.539999999999926,STRAIGHT,90.0,7.600919204148322,-3.413258094454287,112.02591167154547,-164.33654938704882,198.88767269562697,0.0
5.549999999999926,STRAIGHT,90.0,7.612034882969578,-3.429570196538557,110.99093085620082,-161.87367050921847,196.27040514670819,0.0
5.559999999999926,STRAIGHT,90.0,7.623263850694527,-3.4460626891197004,113.21417679162269,-166.56229307717618,201.39624450751788,0.0
5.569999999999926,STRAIGHT,90.0,7.634532648215553,-3.4624485478574596,111.10829685684156,-165.32886305220714,199.19509679849926,0.0
5.5799999999999255,STRAIGHT,90.0,7.6457148771017485,-3.4790378239222046,112.6617793776658,-165.80115975157636,200.45623239876974,0.0
5.589999999999925,STRAIGHT,90.0,7.656786961196079,-3.495572371660968,110.01387569638081,-166.3059924983876,199.40094279268712,0.0
5.599999999999925,STRAIGHT,90.0,7.6679402987829475,-3.5123364396058743,112.4901409717827,-167.91516494946077,202.11267757331842,0.0
5.609999999999925,STRAIGHT,90.0,7.6790884355654985,-3.528910684542988,111.4393466754424,-161.29449158004965,196.04754780796455,0.0
5.619999999999925,STRAIGHT,90.0,7.690253462852588,-3.5456821828337053,111.7373673232388,-171.1571442728363,204.4015833890748,0.0
5.629999999999924,STRAIGHT,90.0,7.701368182313773,-3.5622801650162206,111.21115460406995,-162.41949772169565,196.84515271791236,0.0
5.639999999999924,STRAIGHT,90.0,7.712439763171157,-3.578841530307845,110.27077615134893,-167.2963906560982,200.36897564138698,0.0
5.649999999999924,STRAIGHT,90.0,7.723508499486986,-3.59558450151101,111.16974089276006,-167.02646897798513,200.64035643264103,0.0
5.659999999999924,STRAIGHT,90.0,7.734453936677977,-3.6123204930381476,108.51819365883091,-167.17744385592505,199.31005014593845,0.0
5.6699999999999235,STRAIGHT,90.0,7.745464636283942,-3.628792328352584,112.15072690185049,-164.01189681981526,198.68992889184688,0.0
5.679999999999923,STRAIGHT,90.0,7.756502621247023,-3.6456899208324267,110.42395005161181,-171.26311559631733,203.7756204965609,0.0
5.689999999999923,STRAIGHT,90.0,7.767602841862453,-3.6624722065607016,111.3182551494757,-165.47333116385107,199.43213696890805,0.0
5.699999999999923,STRAIGHT,90.0,7.7785892257542715,-3.6790271538719796,108.74723112024,-165.54319413674304,198.06693161988017,0.0
5.709999999999923,STRAIGHT,90.0,7.789572339608761,-3.6956048575032887,110.75878692310819,-165.92944470434827,199.49959774538857,0.0
5.7199999999999225,STRAIGHT,90.0,7.800519057068774,-3.7122006118666806,108.63721275691015,-165.59318267593395,198.0483429477141,0.0
5.729999999999922,STRAIGHT,90.0,7.811584396397564,-3.7288281868182676,112.10276446961778,-166.4455092100677,200.67669854252966,0.0
5.739999999999922,STRAIGHT,90.0,7.822703833562965,-3.7451954801704264,110.632229705331,-161.62799130654767,195.86499897470853,0.0
5.749999999999922,STRAIGHT,90.0,7.83379794816504,-3.7616800062717792,111.4441569220261,-169.41143542196392,202.78075491473894,0.0
5.759999999999922,STRAIGHT,90.0,7.844840837246359,-3.7780699516451497,109.97639745564511,-160.18995095553885,194.3080759630437,0.0
5.769999999999921,STRAIGHT,90.0,7.855756640459509,-3.794655352449548,108.80399219973505,-169.5366508677421,201.4472256102096,0.0
5.779999999999921,STRAIGHT,90.0,7.866624213715585,-3.810990413075389,108.79069052942442,-159.535433967921,193.0983403274142,0.0
5.789999999999921,STRAIGHT,90.0,7.877571443940015,-3.8273642220947823,110.14229797553654,-166.12465034460695,199.3206593794276,0.0
5.799999999999921,STRAIGHT,90.0,7.888419031777426,-3.843850723045101,107.69205421974799,-163.51696914438583,195.79422294908287,0.0
5.809999999999921,STRAIGHT,90.0,7.899136529631109,-3.8607374314562044,107.38787090311452,-170.73496573223932,201.69923981188654,0.0
5.81999999999992,STRAIGHT,90.0,7.909737507249553,-3.877120017800276,106.44941694530891,-160.92851452299303,192.9493849551571,0.0
5.82999999999992,STRAIGHT,90.0,7.920433498210189,-3.893875234463479,107.20515047612152,-171.30779150797224,202.08736655206022,0.0
5.83999999999992,STRAIGHT,90.0,7.9311263613727645,-3.9104513970445227,107.01193419561945,-162.16108833076137,194.28786022009862,0.0
5.84999999999992,STRAIGHT,90.0,7.941866015473795,-3.927218945270201,107.58132753235033,-171.4224737916391,202.38430412081868,0.0
5.8599999999999195,STRAIGHT,90.0,7.952557812561206,-3.9438747602734807,106.7504080673064,-163.48832540151045,195.25389154925082,0.0
5.869999999999919,STRAIGHT,90.0,7.963159310967227,-3.9602126869852605,105.67301851542439,-166.77296189475933,197.43355252163215,0.0
5.879999999999919,STRAIGHT,90.0,7.97377686787729,-3.9769226626096157,106.76875535165398,-166.50545065060496,197.79694693220716,0.0
5.889999999999919,STRAIGHT,90.0,7.984371721043428,-3.9936716172226414,105.38848550306798,-167.3480200604977,197.7677746620999,0.0
5.899999999999919,STRAIGHT,90.0,7.995032845254685,-4.01040866040794,107.58760552838622,-167.11572732461212,198.75301049937772,0.0
5.909999999999918,STRAIGHT,90.0,8.005604614580902,-4.0271480458687385,104.97278708985253,-165.77984488780487,196.21988431460292,0.0
5.919999999999918,STRAIGHT,90.0,8.016166463716031,-4.043744210649524,106.32950926196041,-166.03605281853476,197.16474171476145,0.0
5.929999999999918,STRAIGHT,90.0,8.026564262584584,-4.06024774157843,102.49198397962572,-163.90764664837718,193.31405383439954,0.0
5.939999999999918,STRAIGHT,90.0,8.037085841578048,-4.0769597722109046,106.4908623995674,-168.83807051749992,199.6161261789134,0.0
5.949999999999918,STRAIGHT,90.0,8.047622020297972,-4.093650662472468,104.59207720826274,-165.403002070508,195.6978684316098,0.0
5.959999999999917,STRAIGHT,90.0,8.058156691838443,-4.11044287398801,105.88056878189185,-169.27855833574458,199.66453154680482,0.0
5.969999999999917,STRAIGHT,90.0,8.068572895592315,-4.1270280601389535,102.8434710531513,-164.03261413732704,193.60650309063897,0.0
5.979999999999917,STRAIGHT,90.0,8.079021664765786,-4.143939908984334,105.42132764070043,-172.29508046618233,201.98824489156829,0.0
5.989999999999917,STRAIGHT,90.0,8.089534615180524,-4.160409260622275,104.82490585540916,-159.82362680984008,191.1330755631961,0.0
5.9999999999999165,STRAIGHT,90.0,8.100060497046247,-4.177233654306278,105.48721716570388,-173.33476741158026,202.9100652481069,0.0
6.009999999999916,STRAIGHT,90.0,8.110503235031157,-4.1938969632238425,104.39104635017054,-161.53806189973307,192.33313807143438,0.0
6.019999999999916,STRAIGHT,90.0,8.120918306534051,-4.210767772199962,103.95495852312169,-173.0708348705403,201.89142449428053,0.0
6.029999999999916,STRAIGHT,90.0,8.131255428574029,-4.227122013118098,103.61045697979492,-158.4918492421191,189.35361911447202,0.0
6.039999999999916,STRAIGHT,90.0,8.141646900324497,-4.243855652479934,103.59244824150502,-171.0217316375526,199.9495637028897,0.0
6.0499999999999154,STRAIGHT,90.0,8.152058702066588,-4.2601342324118265,104.30785644231332,-158.49167646524745,189.7359755669834,0.0
6.059999999999915,STRAIGHT,90.0,8.162444757841698,-4.27680345074907,103.52939727182984,-171.5268936242226,200.3492234470694,0.0
6.069999999999915,STRAIGHT,90.0,8.172887857065641,-4.293371403069042,104.42541885953696,-161.96947089439794,192.71423820206167,0.0
6.079999999999915,STRAIGHT,90.0,8.1832703276615,-4.310028518625777,103.12425853125589,-167.03622838535713,196.30515604748257,0.0
6.089999999999915,STRAIGHT,90.0,8.193743699035984,-4.326828262916931,105.0181674608678,-166.87402330889935,197.16935652412613,0.0
6.099999999999914,STRAIGHT,90.0,8.20421721713339,-4.3436026493592985,103.33792808190051,-170.29029772477196,199.1921506471867,0.0
6.109999999999914,STRAIGHT,90.0,8.214461505983436,-4.360206374658395,102.3468739263429,-162.72440602835857,192.23453102857675,0.0
6.119999999999914,STRAIGHT,90.0,8.224568472572898,-4.377192009545657,100.54005502314737,-173.6801545694709,200.68158549137686,0.0
6.129999999999914,STRAIGHT,90.0,8.234630652148622,-4.394153818400894,100.72774665434865,-168.02722862856263,195.90617271198448,0.0
6.1399999999999135,STRAIGHT,90.0,8.244687308064648,-4.411273443640906,100.45484077575568,-172.7900573623047,199.86890443125708,0.0
6.149999999999913,STRAIGHT,90.0,8.254730228475855,-4.42802618421007,100.51347694286716,-163.69882109778533,192.09441188110864,0.0
6.159999999999913,STRAIGHT,90.0,8.264701099305169,-4.444990273775234,99.5117346024224,-173.5051222519096,200.01653124487748,0.0
6.169999999999913,STRAIGHT,90.0,8.274644337822567,-4.461627206770398,99.495601355284,-163.31359441320757,191.23468516252814,0.0
6.179999999999913,STRAIGHT,90.0,8.284637615489109,-4.478614742410455,100.38201536859377,-173.927833032888,200.81693183837052,0.0
6.1899999999999125,STRAIGHT,90.0,8.294627603499793,-4.495400427990621,99.5369853005019,-164.13056986887835,191.95430552137947,0.0
6.199999999999912,STRAIGHT,90.0,8.304573327521032,-4.512408968457722,99.46474539705179,-173.7401559217405,200.19709627417436,0.0
6.209999999999912,STRAIGHT,90.0,8.31445686751028,-4.529200959070925,99.01009666257814,-164.48661081333043,191.986573431553,0.0
6.219999999999912,STRAIGHT,90.0,8.324361795270045,-4.546316356039702,98.91059904267588,-174.77017577592548,200.81812902158234,0.0
6.229999999999912,STRAIGHT,90.0,8.33430455351383,-4.563126099347271,99.46538642113781,-164.25245254963286,192.02143438813195,0.0
6.239999999999911,STRAIGHT,90.0,8.34425441681151,-4.580213463474857,99.67897642137471,-174.35338686661416,200.8357584004208,0.0
6.249999999999911,STRAIGHT,90.0,8.354189891060836,-4.59685182910923,99.25414983892531,-160.50140865374166,188.71165422433037,0.0
6.259999999999911,STRAIGHT,90.0,8.364094746479172,-4.613840230742912,99.3085431738007,-175.5973323142231,201.73400770116658,0.0
6.269999999999911,STRAIGHT,90.0,8.37396967910729,-4.630727939873465,98.48188663311,-163.4541699053327,190.82962991699713,0.0
6.2799999999999105,STRAIGHT,90.0,8.383697184328668,-4.647853710013653,97.53028601614461,-172.69235032855525,198.3300394604696,0.0
6.28999999999991,STRAIGHT,90.0,8.393355455047354,-4.664415190367854,95.92012722256706,-160.19034490656725,186.71266000911245,0.0
6.29999999999991,STRAIGHT,90.0,8.40318658326648,-4.681474291590756,98.47317540850128,-173.86012036014287,199.81067971126274,0.0
6.30999999999991,STRAIGHT,90.0,8.413071546061914,-4.698367891484703,99.04118837976984,-165.08707554755847,192.51727067596386,0.0
6.31999999999991,STRAIGHT,90.0,8.422841788369452,-4.715129809109336,96.64264345424546,-169.03511185110295,194.7117602312179,0.0
6.3299999999999095,STRAIGHT,90.0,8.432592205084285,-4.731873528828153,98.36664128569883,-166.39333746981532,193.294435698944,0.0
6.339999999999909,STRAIGHT,90.0,8.442280818984461,-4.7486814223684695,95.93465933918549,-168.9038317074645,194.24717045040595,0.0
6.349999999999909,STRAIGHT,90.0,8.452040436657427,-4.765578458619762,98.2158640651102,-171.21288902571055,197.38340690794269,0.0
6.359999999999909,STRAIGHT,90.0,8.46190418742983,-4.782212056102671,98.87292874655942,-162.63035015953537,190.32731499166192,0.0
6.369999999999909,STRAIGHT,90.0,8.471673453525725,-4.798878964663638,96.9642677580656,-168.56644129954375,194.46520088244674,0.0
6.379999999999908,STRAIGHT,90.0,8.481518043311878,-4.815504797590145,98.78910832144717,-162.89959823538845,190.51395494345712,0.0
6.389999999999908,STRAIGHT,90.0,8.491300367737754,-4.832320578406095,97.09229603513538,-171.0835775076681,196.71427106897113,0.0
6.399999999999908,STRAIGHT,90.0,8.500972593503613,-4.848782383421396,97.08142800304765,-159.9441456697149,187.10139870435472,0.0
6.409999999999908,STRAIGHT,90.0,8.510755096789387,-4.865406255798455,98.33630445135199,-169.95155648549226,196.350605614015,0.0
6.419999999999908,STRAIGHT,90.0,8.520403838495811,-4.882186242065688,95.99334127156888,-166.22182886741447,191.9489983316087,0.0
6.429999999999907,STRAIGHT,90.0,8.529984463521856,-4.899241505298583,95.82614847004456,-172.0123558410723,196.90327902957506,0.0
6.439999999999907,STRAIGHT,90.0,8.53945581439111,-4.916169747234466,94.4853697535288,-167.18243461190107,192.03502685766375,0.0
6.449999999999907,STRAIGHT,90.0,8.548799857724175,-4.932699368966181,92.85033414781387,-163.39298933505447,187.93204493966937,0.0
6.459999999999907,STRAIGHT,90.0,8.558291673820582,-4.949542505408067,95.0303132869213,-168.47120313163347,193.4251967248076,0.0
6.4699999999999065,STRAIGHT,90.0,8.567837770804772,-4.966333006676856,95.88562464329902,-167.20292222292227,192.74561010077565,0.0
6.479999999999906,STRAIGHT,90.0,8.577397256014542,-4.983125447290708,95.41317970159533,-168.52230617373266,193.65805570355758,0.0
6.489999999999906,STRAIGHT,90.0,8.586981196052232,-4.999765326864864,94.96762783803577,-167.03721906820402,192.14651412717026,0.0
6.499999999999906,STRAIGHT,90.0,8.596306703495411,-5.016279323768203,92.2616770108778,-163.60073719953482,187.8228374215734,0.0
6.509999999999906,STRAIGHT,90.0,8.605778325616768,-5.033199364681193,95.10295536589358,-169.46118124870688,194.32360656784402,0.0
6.519999999999905,STRAIGHT,90.0,8.615244786102686,-5.0500606201190825,94.4735486506669,-167.73233855318864,192.5081525317082,0.0
6.529999999999905,STRAIGHT,90.0,8.624703783216935,-5.066997945952974,94.37183446597984,-171.29255515745746,195.56886918128075,0.0
6.539999999999905,STRAIGHT,90.0,8.63409205851766,-5.08382497084353,93.63506603743562,-166.73908054644048,191.23139536516302,0.0
6.549999999999905,STRAIGHT,90.0,8.64346511055243,-5.100575137087102,94.08824190703173,-167.6612422806141,192.25735207849635,0.0
6.559999999999905,STRAIGHT,90.0,8.652741671977365,-5.117165501303413,92.23811329545578,-164.67802834052753,188.750424005958,0.0
6.569999999999904,STRAIGHT,90.0,8.662093397278355,-5.133996179335591,94.3323785529342,-169.95546282169124,194.37967225610132,0.0
6.579999999999904,STRAIGHT,90.0,8.671409761208533,-5.150862338342689,92.99063449071623,-165.6981284508,190.0082310719296,0.0
6.589999999999904,STRAIGHT,90.0,8.680670583056838,-5.167990391884464,92.94975369895806,-172.56693628087106,196.0076636513562,0.0
