time_s,x_m,y_m,vx_cm_s,vy_cm_s,speed_cm_s,phase,drift_m
0.0,0.03702192762632241,-0.035371145206474885,13.0241986788892,-12.171695077889126,17.826382479243776,STRAIGHT CRUISE,0.0
0.01,0.03986962265871412,-0.03652353421912769,36.84840114141024,-11.018109262066256,38.4604133933726,STRAIGHT CRUISE,0.0
0.02,0.04176259476583789,-0.03768424863419026,8.96984791481483,-11.74505043987215,14.778510799469915,STRAIGHT CRUISE,0.0
0.03,0.04370356808121314,-0.03888857716594323,23.896311361375595,-13.689505290228604,27.539721345195296,STRAIGHT CRUISE,0.0
0.04,0.04507012198647484,-0.04004941833801176,6.8645703614981795,-10.15789001301794,12.259896237918527,STRAIGHT CRUISE,0.0
0.05,0.04635042505559305,-0.0410160491709867,16.775881432126667,-9.473754550296572,19.266089979651746,STRAIGHT CRUISE,0.0
0.06,0.04800929344117207,-0.04198716723027428,16.15347009945254,-9.880072160716306,18.935427699285505,STRAIGHT CRUISE,0.0
0.07,0.050235826950024265,-0.042915500895641626,24.43740462600634,-9.099487034541959,26.076568201106394,STRAIGHT CRUISE,0.0
0.08,0.053166815872422786,-0.04377959606746991,32.163351842849906,-8.359284119786805,33.231894811495124,STRAIGHT CRUISE,0.0
0.09,0.05674439716035823,-0.04457554547656632,36.84852923317072,-7.820730960903566,37.66932358578626,STRAIGHT CRUISE,0.0
0.1,0.06041273140437609,-0.0454302086078955,38.17740539136863,-8.018291573771196,39.01034839858409,STRAIGHT CRUISE,0.0
0.11,0.0644492392918768,-0.0461937148284821,41.664057096508024,-7.435666514942641,42.32236749359043,STRAIGHT CRUISE,0.0
0.12,0.06885572497613592,-0.046914414765834696,45.42087440645658,-7.09538623335892,45.97173411616797,STRAIGHT CRUISE,0.0
0.13,0.0736420487408201,-0.04759539806980287,49.321572327962635,-6.650407417958233,49.76791552523858,STRAIGHT CRUISE,0.0
0.14,0.07884577438452124,-0.04822625194101882,53.677030956318816,-6.116834215785218,54.024432557029314,STRAIGHT CRUISE,0.0
0.15,0.08451747586382327,-0.048798146037051605,58.568048091709876,-5.466328092904077,58.822589199151324,STRAIGHT CRUISE,0.0
0.16,0.09048190223581924,-0.04931610879082327,59.95422081931417,-5.008010302745931,60.16301821919754,STRAIGHT CRUISE,0.0
0.17,0.09716895568395724,-0.04975489339119525,71.08508658366168,-3.9884402349822308,71.19689031211055,STRAIGHT CRUISE,0.0
0.18,0.10411824146079131,-0.05016935142681451,67.28340476200133,-4.467626483266521,67.43156710889409,STRAIGHT CRUISE,0.0
0.19,0.11130891107778226,-0.050574168921451536,74.38443166384452,-3.720657274651065,74.47742587192828,STRAIGHT CRUISE,0.0
0.2,0.11850084896440742,-0.05099462673817999,69.69841191248611,-4.484577515679447,69.84253760149844,STRAIGHT CRUISE,0.0
0.21,0.1258615491324018,-0.05138766717009741,73.82565631746722,-3.8790617610895306,73.92749590545546,STRAIGHT CRUISE,0.0
0.22,0.13327137122909338,-0.05177076327746233,73.69539608810429,-3.8348591632956563,73.79510518581085,STRAIGHT CRUISE,0.0
0.23,0.1403484632056235,-0.05209243641246432,68.6014952097651,-2.759974696960529,68.65699239948752,STRAIGHT CRUISE,0.0
0.24,0.14754068336872062,-0.05245344767385357,73.95364803583635,-4.007892766711333,74.06217160087746,STRAIGHT CRUISE,0.0
0.25,0.15474361321435906,-0.052751029943513154,70.60138646174923,-2.3320263105108103,70.63989040927359,STRAIGHT CRUISE,0.0
0.26,0.16231954654458874,-0.053056457578170874,77.36299979372761,-3.226942846293375,77.43027119426576,STRAIGHT CRUISE,0.0
0.27,0.1703013776392903,-0.05338422687747973,81.0893802927992,-3.3284580531034904,81.15766278843596,STRAIGHT CRUISE,0.0
0.28,0.1786653926976366,-0.053745754791440656,84.39574734944763,-4.073534241138793,84.49399891048789,STRAIGHT CRUISE,0.0
0.29,0.18711409114301486,-0.05423349419402411,85.87322275756158,-4.660012632915701,85.9995703739776,STRAIGHT CRUISE,0.0
0.3,0.19568205479257014,-0.05475021304444377,85.46121853263887,-5.44866703974891,85.63473504129912,STRAIGHT CRUISE,0.0
0.31,0.2042435505332658,-0.05533610219811477,85.54836268390541,-6.068606158723432,85.76333912929647,STRAIGHT CRUISE,0.0
0.32,0.21259196743902367,-0.05598351299726058,81.65302382809968,-6.720556646657448,81.92912901961759,STRAIGHT CRUISE,0.0
0.33,0.2211871573281291,-0.056633246731534595,88.5011094698242,-6.396849409079364,88.73199005855919,STRAIGHT CRUISE,0.0
0.34,0.2295704218090125,-0.057161281890312284,80.37753445449619,-4.483109537366934,80.50246155309632,STRAIGHT CRUISE,0.0
0.35000000000000003,0.23844021632499018,-0.05776497840745087,92.08046431948628,-6.260582367552213,92.29304849701896,STRAIGHT CRUISE,0.0
0.36,0.24759174826445818,-0.05845093943731576,90.7125836162901,-7.140737872241464,90.99320284341292,STRAIGHT CRUISE,0.0
0.37,0.25728704197050795,-0.05913414223569807,97.42904272426185,-6.7628833308940015,97.66347811292266,STRAIGHT CRUISE,0.0
0.38,0.2669662942365397,-0.05980168638793542,96.33329577129503,-6.561588479577707,96.55650323792352,STRAIGHT CRUISE,0.0
0.39,0.2767108825378502,-0.06045154506617763,97.55365487378877,-6.381104462624848,97.76213005759043,STRAIGHT CRUISE,0.0
0.4,0.2864406087676083,-0.06107592049504657,97.02959421825989,-6.2140818570088925,97.22837532061193,STRAIGHT CRUISE,0.0
0.41000000000000003,0.29589555148865965,-0.06171855525466644,92.68249716876667,-6.568614311935993,92.91497175061409,STRAIGHT CRUISE,0.0
0.42,0.3055500849357974,-0.06241782000668893,99.2562671350466,-6.867030077108074,99.49353078297925,STRAIGHT CRUISE,0.0
0.43,0.3150240498658968,-0.06301873676963464,91.38767876228776,-5.347297848026914,91.54398627891739,STRAIGHT CRUISE,0.0
0.44,0.32496548650788626,-0.06377402635368416,102.21988680821158,-8.004467639247217,102.53280821898592,STRAIGHT CRUISE,0.0
0.45,0.33496597869419753,-0.06460300043393058,98.30433523464713,-8.476156141260427,98.66908101759594,STRAIGHT CRUISE,0.0
0.46,0.34524940253061903,-0.06548417733216384,105.21872185613688,-8.912250407294897,105.59549060618745,STRAIGHT CRUISE,0.0
0.47000000000000003,0.355692404331194,-0.06640949969197531,105.64852953428871,-9.426448619234655,106.06823146601694,STRAIGHT CRUISE,0.0
0.48,0.36632727268295756,-0.06738539902669999,106.7507990048071,-9.874270492056558,107.20650309526482,STRAIGHT CRUISE,0.0
0.49,0.3768556028505174,-0.06840652861874776,103.91925024245828,-10.655170968610983,104.46407631011243,STRAIGHT CRUISE,0.0
0.5,0.3877156677248734,-0.06935938420996945,111.32498350583397,-8.873466333746235,111.67806569488181,STRAIGHT CRUISE,0.0
0.51,0.3986752296877851,-0.07031032841738051,107.71565040451326,-10.033591604829846,108.18194998501286,STRAIGHT CRUISE,0.0
0.52,0.4097048334239837,-0.07110384679047013,108.62348884785706,-7.217097585002474,108.86298189482031,STRAIGHT CRUISE,0.0
0.53,0.4209817994117034,-0.07193505775623393,115.08126861357377,-9.03629925592857,115.43549319837558,STRAIGHT CRUISE,0.0
0.54,0.4323438059185487,-0.0727903826551081,113.14765091420283,-8.417735353261447,113.46034186392993,STRAIGHT CRUISE,0.0
0.55,0.443614369871295,-0.07360398305642142,112.3828115624986,-7.964933940667292,112.66470834902678,STRAIGHT CRUISE,0.0
0.56,0.45484355855106307,-0.07437988849584758,112.1163998282506,-7.613203588803444,112.37458778270432,STRAIGHT CRUISE,0.0
0.5700000000000001,0.4655148033734754,-0.07524715326027931,102.90007314494294,-9.46114643169285,103.3341102687614,STRAIGHT CRUISE,0.0
0.58,0.4765569509176558,-0.0760326448952325,113.16930747620555,-7.6072944882401075,113.42470226575321,STRAIGHT CRUISE,0.0
0.59,0.48762676924414283,-0.07671557705578973,108.86799783594205,-6.47421805120911,109.06033399995292,STRAIGHT CRUISE,0.0
0.6,0.4988558491374127,-0.07733079115169296,114.28454246505235,-5.965752556149936,114.44014527257278,STRAIGHT CRUISE,0.0
0.61,0.5100977570740356,-0.07786988036112416,111.0980120991359,-5.075318673688562,111.2138802129448,STRAIGHT CRUISE,0.0
0.62,0.5216349058737755,-0.07835660996704698,117.98508244002215,-4.8299322469798796,118.08390205226638,STRAIGHT CRUISE,0.0
0.63,0.5332066096159944,-0.07882375847405536,116.30702553413545,-4.721323446909919,116.40281389935718,STRAIGHT CRUISE,0.0
0.64,0.5446790800740537,-0.07921308755477778,112.77738476770625,-3.2339318809527264,112.82374231718208,STRAIGHT CRUISE,0.0
0.65,0.5562056778377041,-0.07968940840109395,116.25079927508733,-5.985620598018147,116.40479365576,STRAIGHT CRUISE,0.0
0.66,0.5679823665005322,-0.0801101338678563,118.01040429335636,-3.097547771383829,118.05104965089225,STRAIGHT CRUISE,0.0
0.67,0.5799526232700775,-0.08062116829268302,117.68130094349323,-5.711799826857039,117.8198338524338,STRAIGHT CRUISE,0.0
0.68,0.5921906474249683,-0.08103270096229989,122.59579529884894,-3.8773524864440247,122.65709472860267,STRAIGHT CRUISE,0.0
0.6900000000000001,0.6045342619351726,-0.08139683889268416,123.83167998317273,-3.5461461973153745,123.88244476239414,STRAIGHT CRUISE,0.0
0.7000000000000001,0.6167496769809374,-0.08173990226907756,121.03048176945512,-3.460439928720375,121.07994120351518,STRAIGHT CRUISE,0.0
0.71,0.6292769061676632,-0.08209451639435039,127.34415038876104,-3.6021363154692176,127.39508634272599,STRAIGHT CRUISE,0.0
0.72,0.6417616338246577,-0.08249548565413871,123.05714658413254,-4.133023970462626,123.12653334098667,STRAIGHT CRUISE,0.0
0.73,0.6545009780131656,-0.08292659760284248,129.7532348953545,-4.410640717596925,129.82817767090765,STRAIGHT CRUISE,0.0
0.74,0.6672821490404618,-0.08335529519398488,125.58368949790204,-4.097353980152918,125.65051284234437,STRAIGHT CRUISE,0.0
0.75,0.6801164797840513,-0.08372204307745075,130.1949582695507,-3.4666217849948473,130.2411019049296,STRAIGHT CRUISE,0.0
0.76,0.692628762112358,-0.08397905976150673,121.17137229821839,-1.9711588888451943,121.18740418046143,STRAIGHT CRUISE,0.0
0.77,0.7052119943207086,-0.08434858844117885,125.6591915901456,-4.820284171390086,125.75161060830145,STRAIGHT CRUISE,0.0
0.78,0.7178398744274432,-0.08467393068319014,126.46692006527218,-2.2554153051067467,126.48703004258759,STRAIGHT CRUISE,0.0
0.79,0.730606052067125,-0.08508004298518689,126.79860531526552,-4.836140496814686,126.89079779401426,STRAIGHT CRUISE,0.0
0.8,0.74369141678224,-0.08544041298619348,131.6675926221749,-3.2761670655002004,131.7083452844203,STRAIGHT CRUISE,0.0
0.81,0.7569137336351097,-0.08572913237289316,132.03721153021203,-2.653260310867027,132.0638671967135,STRAIGHT CRUISE,0.0
0.8200000000000001,0.7696901820105791,-0.08586521563394589,124.14070907523089,-0.4757289113056846,124.14162061008453,STRAIGHT CRUISE,0.0
0.8300000000000001,0.7828803282063838,-0.0861327169158129,133.75698312689212,-2.5422067246987217,133.78113974039394,STRAIGHT CRUISE,0.0
0.84,0.7960504495738615,-0.08636717744412617,129.91325628288874,-2.2560633385931546,129.9328441149938,STRAIGHT CRUISE,0.0
0.85,0.809316820105694,-0.086567981556275,134.3510236058729,-1.8295395445356748,134.3634800043927,STRAIGHT CRUISE,0.0
0.86,0.8224417552551966,-0.0867499252054585,129.17072458951583,-1.8063551790853072,129.18335422961255,STRAIGHT CRUISE,0.0
0.87,0.8354303598473699,-0.0870160816006912,130.0096991582761,-3.2708703022999552,130.05083801252465,STRAIGHT CRUISE,0.0
0.88,0.8485476649175824,-0.08720577107876944,130.019376228873,-1.8178684400965441,130.0320838893645,STRAIGHT CRUISE,0.0
0.89,0.8618387754341987,-0.08738938785980559,132.76853933512078,-1.9999670133855791,132.78360179342982,STRAIGHT CRUISE,0.0
0.9,0.8746514042578248,-0.08746423653686944,124.75318587581337,0.2481768474871266,124.75343272997688,STRAIGHT CRUISE,0.0
0.91,0.8879768393086366,-0.08760309058640667,135.8311175907175,-1.1093704681719456,135.83564778355856,STRAIGHT CRUISE,0.0
0.92,0.9012420123636196,-0.0876683414450985,130.50735120549896,-0.36681071351489963,130.5078666930657,STRAIGHT CRUISE,0.0
0.93,0.9146466177906248,-0.08768423072981456,135.9900941992464,-0.018440592667839303,135.99009544954137,STRAIGHT CRUISE,0.0
0.9400000000000001,0.9278304918537896,-0.08776407787335713,127.88212950549105,-1.4403415737330765,127.89024056083484,STRAIGHT CRUISE,0.0
0.9500000000000001,0.9412855280791133,-0.08780723511212754,138.33029060562393,0.1622453903806588,138.33038575310584,STRAIGHT CRUISE,0.0
0.96,0.9546381819730418,-0.08789996731217942,132.94903150136093,-0.7937689070106217,132.95140106906584,STRAIGHT CRUISE,0.0
0.97,0.9682775702181811,-0.08800309671940322,135.7063403413096,-1.317877059758601,135.71273930171773,STRAIGHT CRUISE,0.0
0.98,0.9816419147802282,-0.08803581930660487,131.9949358616421,0.3653436390272288,131.99544147088406,STRAIGHT CRUISE,0.0
0.99,0.9951818168287959,-0.08808057062355674,137.51523114114923,-0.8874472654157142,137.5180946583125,STRAIGHT CRUISE,0.0
1.0,1.008401207384437,-0.088075745540065,128.40456379865876,0.7259619620803838,128.4066159708845,STRAIGHT CRUISE,0.0
1.01,1.0220867296080616,-0.08807430784464307,139.04598228164576,0.49430892018721556,139.04686091378088,STRAIGHT CRUISE,0.0
1.02,1.035694797694498,-0.08805769735439901,133.73587208108663,0.027997147551402958,133.73587501164016,STRAIGHT CRUISE,0.0
1.03,1.049355002177792,-0.0880295133610581,138.24611542326704,0.30488823623529254,138.24645162339561,STRAIGHT CRUISE,0.0
1.04,1.0628813059573314,-0.08805080135746943,133.34354556626607,-0.5665363893147315,133.34474908170662,STRAIGHT CRUISE,0.0
1.05,1.0760560028141934,-0.08807793075432777,129.96277559005415,-0.20791133834842673,129.9629418957396,STRAIGHT CRUISE,0.0
1.06,1.0894933347884819,-0.08811593224025561,136.6214142879758,-0.46638702200728155,136.62221034261236,STRAIGHT CRUISE,0.0
1.07,1.1029144562591207,-0.08810215640697681,130.03034786585778,0.3568586385752596,130.03083755095906,STRAIGHT CRUISE,0.0
1.08,1.116588425288675,-0.08813005035171237,138.28813870982714,0.4232737141380153,138.28878648851276,STRAIGHT CRUISE,0.0
1.09,1.1302742618606338,-0.08815731011783785,138.22640820282393,0.09982512698719567,138.2264442489558,STRAIGHT CRUISE,0.0
1.1,1.1439706863699608,-0.08818410330472637,135.066071301546,-0.6477973676724967,135.06762475983604,STRAIGHT CRUISE,0.0
1.11,1.1578116141874346,-0.0882426306227307,140.4648730076867,-0.6403603779859056,140.46633265832506,STRAIGHT CRUISE,0.0
1.12,1.1716175023991633,-0.08827522971782407,135.8819676362912,-0.1611584643977088,135.8820632046803,STRAIGHT CRUISE,0.0
1.1300000000000001,1.1854977710013028,-0.0882539781733263,140.46428714868065,0.398136723614944,140.4648513936412,STRAIGHT CRUISE,0.0
1.1400000000000001,1.1988581026376643,-0.08816371891424428,130.86423047389297,2.4159157583106703,130.88652897252427,STRAIGHT CRUISE,0.0
1.1500000000000001,1.212590105387681,-0.08803431296718013,140.89343076099158,0.5481008390095417,140.89449686248236,STRAIGHT CRUISE,0.0
1.16,1.226349361297916,-0.08795258820037821,135.71820406148686,0.7639829705953235,135.7203543454509,STRAIGHT CRUISE,0.0
1.17,1.240228938244223,-0.08786116451351657,138.60346479306443,1.0353613602341254,138.6073317894422,STRAIGHT CRUISE,0.0
1.18,1.2538379353105553,-0.08776827038808614,134.33998201238222,0.8721264505761323,134.3428128767333,STRAIGHT CRUISE,0.0
1.19,1.2676473304965312,-0.08758315706472652,140.41744450574686,2.5401950683655907,140.44041908407226,STRAIGHT CRUISE,0.0
1.2,1.281472910391803,-0.08734273581175768,136.48378247364244,2.240636022092673,136.50217334568723,STRAIGHT CRUISE,0.0
1.21,1.2952200955803117,-0.08699214119393439,137.6450357555296,4.209729831857861,137.70939580652532,STRAIGHT CRUISE,0.0
1.22,1.3091133434879516,-0.08668860678605629,139.55756379402283,2.061454274641332,139.57278819973894,STRAIGHT CRUISE,0.0
1.23,1.3232506381205615,-0.08640635763891873,139.24572902267806,2.8150763806001806,139.27418176419383,STRAIGHT CRUISE,0.0
1.24,1.3371471377321493,-0.08633369200563572,138.6466051757504,-0.4197523348467104,138.64724057399422,STRAIGHT CRUISE,0.0
1.25,1.3511682442313981,-0.08622906033037121,142.11792784806298,1.5463762928914033,142.1263406109735,STRAIGHT CRUISE,0.0
1.26,1.3650693697852216,-0.08615901708139058,136.7987188275475,0.23352087237914382,136.79891814212655,STRAIGHT CRUISE,0.0
1.27,1.379051715532356,-0.08603783859423861,141.4633127233673,1.8826347539749586,141.4758394931307,STRAIGHT CRUISE,0.0
1.28,1.3927268580409697,-0.08589960006946083,133.23169966174618,1.0473776446272554,133.23581648598923,STRAIGHT CRUISE,0.0
1.29,1.4067035211857535,-0.08575720589316335,143.53571933760955,1.782070356123391,143.5467815749249,STRAIGHT CRUISE,0.0
1.3,1.420694365890434,-0.08561827117852146,137.64130392060093,1.2214745948727461,137.64672369929173,STRAIGHT CRUISE,0.0
1.31,1.4347365440419222,-0.08559752414089045,142.2944374691053,-0.336148917243015,142.29483451883868,STRAIGHT CRUISE,0.0
1.32,1.4486960990783988,-0.08565475678954537,137.6363269171897,-0.6947895306025827,137.63808055820655,STRAIGHT CRUISE,0.0
1.33,1.4625334368376475,-0.08582359820940633,138.73758515483792,-2.3693479881214183,138.75781543568894,STRAIGHT CRUISE,0.0
1.34,1.4764140582822507,-0.08588330998857374,140.00272337638359,0.35348068783595743,140.00316961198004,STRAIGHT CRUISE,0.0
1.35,1.4904959020199844,-0.08603553913118457,140.78589088170037,-2.6220576826068527,140.81030593619545,STRAIGHT CRUISE,0.0
1.36,1.5046722023772805,-0.08617757022629484,141.56262325676036,-0.4196794018469986,141.56324535039386,STRAIGHT CRUISE,0.0
1.37,1.5189054561220328,-0.0863655615720912,144.8502201000932,-2.1505965196330323,144.86618421300292,STRAIGHT CRUISE,0.0
1.3800000000000001,1.5333181702223175,-0.0865494810055959,143.67111558254305,-1.7199236918868943,143.68141003706205,STRAIGHT CRUISE,0.0
1.3900000000000001,1.5473762810918037,-0.08672374953948542,138.48272240160694,-1.8274230256805344,138.49477924700017,STRAIGHT CRUISE,0.0
1.4000000000000001,1.5613261238522778,-0.08680703744871787,139.86077781351085,0.01151961318990799,139.8607782879165,STRAIGHT CRUISE,0.0
1.41,1.5753394839826302,-0.08698329009640635,140.1104039947564,-2.9235876085367427,140.1409029230176,STRAIGHT CRUISE,0.0
1.42,1.589385504267518,-0.0871751383626824,140.52827483820684,-1.2138811601978106,140.5335174841706,STRAIGHT CRUISE,0.0
1.43,1.6035746296501843,-0.08747090739821166,141.09580142537078,-3.5584794697050226,141.14066726498064,STRAIGHT CRUISE,0.0
1.44,1.6178177786359014,-0.0878352646624853,142.88793635827594,-3.6676025279470963,142.93499804117155,STRAIGHT CRUISE,0.0
1.45,1.6322358353877937,-0.08804935240298128,146.32949951895657,-1.0211655320509125,146.33306259527325,STRAIGHT CRUISE,0.0
1.46,1.6464084712779394,-0.08816325968103539,137.81686192433813,-1.27565771603884,137.82276565676867,STRAIGHT CRUISE,0.0
1.47,1.6609335935948486,-0.08821247108949583,146.84202126516996,-1.146404410322441,146.84649622075642,STRAIGHT CRUISE,0.0
1.48,1.6752778347574049,-0.08825329885473114,141.09881000862487,0.10033557238642177,141.09884568300728,STRAIGHT CRUISE,0.0
1.49,1.6896520708439684,-0.08833435368631352,145.269313794983,-1.3861047942952867,145.27592648806618,STRAIGHT CRUISE,0.0
1.5,1.7039013736694584,-0.0883858996536164,140.68727141007346,0.13969410743343483,140.68734076403365,OPEN-LOOP ROTATING HEADING,-2.220446049250313e-16
1.51,1.7179297735418768,-0.08860547407762039,136.56717493579865,-3.130113291533143,136.6030412515141,OPEN-LOOP ROTATING HEADING,-0.0001703706265647753
1.52,1.7322822365301693,-0.0886385685562768,145.17346779483285,-0.1673348514579425,145.17356423443587,OPEN-LOOP ROTATING HEADING,-5.1285255631805526e-05
1.53,1.746498056881798,-0.08863541016792761,140.10790211994313,0.1628700217961587,140.10799678496429,OPEN-LOOP ROTATING HEADING,0.00020411398910580303
1.54,1.760866356746666,-0.08859994913512238,145.86146252583129,0.3812547291359003,145.86196078944974,OPEN-LOOP ROTATING HEADING,0.0005971251574221625
1.55,1.775273906251678,-0.08857521651021937,142.3606132773743,0.13007146452631896,142.36067269894454,OPEN-LOOP ROTATING HEADING,0.001083907991281663
1.56,1.7895017156791553,-0.08853391260450497,142.1124921621984,0.6823244422124526,142.11413017429106,OPEN-LOOP ROTATING HEADING,0.0016831389249536421
1.57,1.8037234638397683,-0.08861328527901022,143.4287018085742,-1.9004186766402964,143.44129145277319,OPEN-LOOP ROTATING HEADING,0.0022624600407952222
1.58,1.818110988926772,-0.08861524809745157,143.88290912309563,1.210888176906754,143.88800432246592,OPEN-LOOP ROTATING HEADING,0.003029329551265114
1.59,1.8325556172848794,-0.08862077296742912,144.6389604391176,-0.8658014219916077,144.64155173742762,OPEN-LOOP ROTATING HEADING,0.003899317907583466
1.6,1.8470074460284185,-0.08830382467268155,141.22534837703478,5.141337102057066,141.318903093011,OPEN-LOOP ROTATING HEADING,0.0051951662135159005
1.61,1.8618880371944913,-0.08810828310058116,150.88657087006544,1.493527855961722,150.8939624185932,OPEN-LOOP ROTATING HEADING,0.006506997031124673
1.62,1.8765709834265367,-0.08793401101225776,142.83919757937912,2.254689849433502,142.85699139852431,OPEN-LOOP ROTATING HEADING,0.007890074905107625
1.6300000000000001,1.891478312620532,-0.08780032504631348,152.76879342929206,0.9388244971276207,152.77167812548933,OPEN-LOOP ROTATING HEADING,0.009360034775521608
1.6400000000000001,1.9062838060170346,-0.08765515196777367,144.20277894528496,1.995642723899737,144.21658727561186,OPEN-LOOP ROTATING HEADING,0.010940619127892681
1.6500000000000001,1.9211952045617984,-0.08749920151009027,152.09851483148884,1.3063413917575368,152.1041246704916,OPEN-LOOP ROTATING HEADING,0.012651034767719338
1.6600000000000001,1.9356511829770182,-0.08719878844706984,139.116795009902,4.43330824754582,139.18741637032008,OPEN-LOOP ROTATING HEADING,0.014561448100626428
1.67,1.9501861551195219,-0.08697277099197791,148.56737298069694,0.7741069598334926,148.56938970047221,OPEN-LOOP ROTATING HEADING,0.016509535100955652
1.68,1.9647695993432863,-0.08662011269613966,145.7579070690435,5.3085078152777925,145.8545430501662,OPEN-LOOP ROTATING HEADING,0.018692273973350382
1.69,1.9794941100662717,-0.08627701363641942,146.65017556556245,2.7462392409555756,146.67588698684884,OPEN-LOOP ROTATING HEADING,0.020987715901238158
1.7,1.994271527677801,-0.08578126423532485,145.87667300915996,5.616384604313264,145.98475093051653,OPEN-LOOP ROTATING HEADING,0.023546429449459172
1.71,2.0091876302790928,-0.08530083442411762,151.06520207954526,4.161328478652957,151.12250637823968,OPEN-LOOP ROTATING HEADING,0.026215555418571235
1.72,2.0235744650512313,-0.08472325985300401,140.57260880809451,6.372098342704302,140.7169569895635,OPEN-LOOP ROTATING HEADING,0.02900341534614892
1.73,2.0382760217649363,-0.08428702910015583,150.85866926921526,3.330358713190583,150.89542532110437,OPEN-LOOP ROTATING HEADING,0.03180183291644578
1.74,2.052994098194414,-0.08392113197193035,144.95263250665175,3.839355629203661,145.00347003522342,OPEN-LOOP ROTATING HEADING,0.03463626606660375
1.75,2.06779101643179,-0.08351878931175136,149.4719622557554,4.270368701435019,149.53295138340633,OPEN-LOOP ROTATING HEADING,0.037623076587089965
1.76,2.0823671064588485,-0.08315165974024179,144.5590828866702,3.9796960678563558,144.61385281440954,OPEN-LOOP ROTATING HEADING,0.040637319029714014
1.77,2.097067608047416,-0.08277892512693703,148.4331846719074,3.571018670566489,148.47613439940477,OPEN-LOOP ROTATING HEADING,0.04378057142272551
1.78,2.1116337218806454,-0.08242964613054908,143.98686781064697,3.4558265640838313,144.0283334596417,OPEN-LOOP ROTATING HEADING,0.046974879871784836
1.79,2.125918886970991,-0.08196112597117382,139.19905610976423,5.964463720202698,139.32678152214274,OPEN-LOOP ROTATING HEADING,0.05032659690592922
1.8,2.140507724853667,-0.0815446092308528,149.88168119575604,3.2649929440793093,149.9172389586706,OPEN-LOOP ROTATING HEADING,0.053786033363770525
1.81,2.1550826185077745,-0.08109331153050205,144.8559038868776,4.258605603722708,144.9184895469601,OPEN-LOOP ROTATING HEADING,0.05737406662664091
1.82,2.1696020105453253,-0.08072814114517878,144.91886247256872,3.229337458999717,144.95483890083622,OPEN-LOOP ROTATING HEADING,0.06096258056416737
1.83,2.1842317925077026,-0.08026775701198031,144.13271568451412,4.616429737313937,144.20662659570306,OPEN-LOOP ROTATING HEADING,0.0647653101667065
1.84,2.1989289161934265,-0.07986516212688867,148.4706306744403,3.7032995743774646,148.51680915170385,OPEN-LOOP ROTATING HEADING,0.06862462059510177
1.85,2.213582362058392,-0.07948094522393151,146.69134338650102,3.5677301146938185,146.73472296190718,OPEN-LOOP ROTATING HEADING,0.07255249049505474
1.86,2.2282471395286736,-0.07916999941685589,146.44539535399653,2.95008618596328,146.4751065160663,OPEN-LOOP ROTATING HEADING,0.07650837126622312
1.87,2.242653245122738,-0.07882293745937574,142.3847805270949,3.9529643561867154,142.4396421399263,OPEN-LOOP ROTATING HEADING,0.08052802865457753
1.8800000000000001,2.2569879364255345,-0.07859684309552599,143.77349344008158,1.297725127140581,143.779350069719,OPEN-LOOP ROTATING HEADING,0.08450396923632386
1.8900000000000001,2.271417720008414,-0.0783317520790677,144.50447020140993,3.647083859505668,144.5504864359454,OPEN-LOOP ROTATING HEADING,0.08863411816037337
1.9000000000000001,2.2859213993718392,-0.07814167152474148,145.10009546346168,0.9548815763389285,145.10323739438252,OPEN-LOOP ROTATING HEADING,0.09280413967577372
1.9100000000000001,2.300660205520995,-0.07798260203818659,146.95160573139356,2.146338727436308,146.96727934124598,OPEN-LOOP ROTATING HEADING,0.09710336475239201
1.92,2.315679872274035,-0.07791483701662076,151.55143530579204,-0.004865322371004274,151.55143538388882,OPEN-LOOP ROTATING HEADING,0.1014915714928768
1.93,2.3304824880181663,-0.07781269107467666,146.2201382200656,1.753950356758731,146.2306573976506,OPEN-LOOP ROTATING HEADING,0.10594599168969188
1.94,2.345385743117813,-0.07773342681402391,150.57379678108023,0.30593666344500664,150.57410758265212,OPEN-LOOP ROTATING HEADING,0.11050362775867306
1.95,2.3600245963803106,-0.07743453051958224,143.08436845862263,5.136892733010554,143.17654893226523,OPEN-LOOP ROTATING HEADING,0.1152832180118386
1.96,2.3749848422925064,-0.07734518558135263,151.1297182782502,0.4204606163355249,151.1303031625133,OPEN-LOOP ROTATING HEADING,0.12005607838930077
1.97,2.389572583876407,-0.07723690532758298,141.74798747538875,1.7481195175193087,141.75876648437125,OPEN-LOOP ROTATING HEADING,0.12482123621853836
1.98,2.4044516145667414,-0.07718438805335731,152.88036263997117,-0.0573319733255407,152.8803733900603,OPEN-LOOP ROTATING HEADING,0.12971879840611988
1.99,2.4191962391788855,-0.0771108939885971,143.86237199213414,1.4130547778636835,143.8693115261501,OPEN-LOOP ROTATING HEADING,0.13468355805654975
2.0,2.4341489590558747,-0.07709830022808718,151.34946419709567,0.1328010653265187,151.34952246000282,OPEN-LOOP ROTATING HEADING,0.13975216872552787
2.0100000000000002,2.4488529729188238,-0.07701217115432045,146.24249906072086,1.7022102957392526,146.25240528420673,OPEN-LOOP ROTATING HEADING,0.14489560606602625
2.02,2.4638488710850344,-0.07696651266640922,152.14439167845055,-0.3218553266004273,152.14473211405328,OPEN-LOOP ROTATING HEADING,0.15019258420639758
2.0300000000000002,2.478787426365846,-0.07695242808777647,147.29638791327412,0.7916309232473553,147.29851517179787,OPEN-LOOP ROTATING HEADING,0.15553079430538297
2.04,2.4935865566069557,-0.0768830524666109,149.368114875424,1.6646423907506356,149.37739044355723,OPEN-LOOP ROTATING HEADING,0.1609595998982618
2.05,2.5085928065797027,-0.07693527905946543,148.80211922323164,-0.38594731279975697,148.80261973719786,OPEN-LOOP ROTATING HEADING,0.16643991407279435
2.06,2.5237804641732606,-0.07718314619925191,153.5292438508532,-3.534076472428052,153.56991376544985,OPEN-LOOP ROTATING HEADING,0.17189738214027006
2.07,2.538854913853306,-0.07754936773424198,148.50321884036674,-3.408063924273022,148.5423202513741,OPEN-LOOP ROTATING HEADING,0.17729441563769166
2.08,2.5542726108915565,-0.07809990207205017,157.23513561281547,-6.505514136391072,157.36965903680183,OPEN-LOOP ROTATING HEADING,0.1827462136416944
2.09,2.5695938539006433,-0.07876054906865959,150.27077594969197,-6.409358516682392,150.40740002113554,OPEN-LOOP ROTATING HEADING,0.18815390684534083
2.1,2.585054300434566,-0.0796090772599422,157.63618666425464,-9.475760283858378,157.9207313148115,OPEN-LOOP ROTATING HEADING,0.1935393323423087
2.11,2.6000685242952035,-0.08027724034352805,145.22845617621843,-4.78089543096474,145.3071279891307,OPEN-LOOP ROTATING HEADING,0.1990033991462652
2.12,2.615330922448213,-0.08114187143235985,157.28517589998526,-10.848505949498588,157.65886159434748,OPEN-LOOP ROTATING HEADING,0.2044800773009814
2.13,2.6302649752129974,-0.08195684955016325,144.8240542847344,-6.0577821438164845,144.95069307861084,OPEN-LOOP ROTATING HEADING,0.20995634693623755
2.14,2.6456064933313157,-0.08286239394347658,158.33179887857077,-10.684049781803335,158.69186323143424,OPEN-LOOP ROTATING HEADING,0.21561121687746532
2.15,2.660790324680237,-0.08374250088036982,147.53429940546107,-7.388496348520674,147.7191909649939,OPEN-LOOP ROTATING HEADING,0.22131303980588513
2.16,2.676242234867682,-0.0847868030252105,156.9065928563439,-12.267135717149038,157.3853916362298,OPEN-LOOP ROTATING HEADING,0.22707343623102538
2.17,2.6915170475946795,-0.08570093230674077,151.0417112980779,-7.60865295561515,151.23323097669675,OPEN-LOOP ROTATING HEADING,0.2329647999509361
2.18,2.7066699986492795,-0.08671098292704014,151.34809387107273,-11.373601263405543,151.7748474685644,OPEN-LOOP ROTATING HEADING,0.23880490161520473
2.19,2.7218884041380567,-0.08765583948015603,152.8858250703866,-8.032800032611734,153.09670598617328,OPEN-LOOP ROTATING HEADING,0.24482034200600866
2.2,2.737205292540204,-0.08874954976380342,150.7756182926222,-10.779471817360736,151.1604580708321,OPEN-LOOP ROTATING HEADING,0.2508359603832293
2.21,2.752631923478299,-0.0898699931043513,156.64781522047363,-11.452603175746273,157.06591015509622,OPEN-LOOP ROTATING HEADING,0.2569673446536136
2.22,2.7679816422842167,-0.09107503269769718,150.7661724315402,-12.023871780368726,151.24487509415866,OPEN-LOOP ROTATING HEADING,0.2630770020738269
2.23,2.7834083741955244,-0.09236525601917739,156.85239602459356,-12.971504296545472,157.3878459804671,OPEN-LOOP ROTATING HEADING,0.2692363856591986
2.24,2.7985012288102684,-0.09361002929239531,146.4204048831171,-11.719807124558969,146.88869543015488,OPEN-LOOP ROTATING HEADING,0.27536362277541215
2.25,2.8138825602483184,-0.09490593646718695,158.3666076239898,-13.612478530278699,158.95056458555925,OPEN-LOOP ROTATING HEADING,0.28167057179269017
2.2600000000000002,2.828984155338674,-0.09603089554157522,146.99529115986135,-9.74822353649189,147.31817092704426,OPEN-LOOP ROTATING HEADING,0.2880755512042934
2.27,2.844508418615261,-0.09730100017316304,160.1116652751425,-14.18179338060584,160.73851007356475,OPEN-LOOP ROTATING HEADING,0.2946467065583498
2.2800000000000002,2.85993760135165,-0.09846719827682912,149.9001883778545,-9.744171828252899,150.21656153811665,OPEN-LOOP ROTATING HEADING,0.30134660531671154
2.29,2.8754749925994947,-0.0996899728526086,155.11535461799357,-10.98637128134263,155.5039343302844,OPEN-LOOP ROTATING HEADING,0.3081369616744456
2.3000000000000003,2.891024992164836,-0.10098237213043729,155.2220725484294,-13.792305074063188,155.8336275823864,OPEN-LOOP ROTATING HEADING,0.31495902054466907
2.31,2.9064672240792575,-0.10224318461840048,153.73746053301463,-11.5204295235766,154.16850219012937,OPEN-LOOP ROTATING HEADING,0.3218370978729972
2.32,2.92179985101545,-0.1035972141006755,153.00468554776862,-14.809026433100051,153.7196833963296,OPEN-LOOP ROTATING HEADING,0.3286611662972043
2.33,2.937055525451866,-0.10494025092417918,152.53144506577755,-12.310030133048091,153.02737851682247,OPEN-LOOP ROTATING HEADING,0.3355354425745558
2.34,2.9518920574200824,-0.10615392117566459,145.10386263858464,-11.72855340739631,145.57709269547664,OPEN-LOOP ROTATING HEADING,0.34237579462155576
2.35,2.967079023571755,-0.10745184693077733,156.0228346461526,-13.414930198617053,156.59848429424358,OPEN-LOOP ROTATING HEADING,0.3494079033768531
2.36,2.9823738462067926,-0.10870278760844722,151.0364900389068,-11.847386233851598,151.50043525959538,OPEN-LOOP ROTATING HEADING,0.35661560020987926
2.37,2.997970906585723,-0.11012844178121636,157.72308377053753,-13.7532363419274,158.32157990610415,OPEN-LOOP ROTATING HEADING,0.36392016059127696
2.38,3.013405068395127,-0.1114641592101893,152.23864334443013,-12.791137927991231,152.7750560034114,OPEN-LOOP ROTATING HEADING,0.3712906811139889
2.39,3.0288681385477756,-0.11290458448526298,156.15266022549875,-15.303189531226208,156.90073583424868,OPEN-LOOP ROTATING HEADING,0.37866839946458297
2.4,3.044144691959009,-0.11433056844005299,150.77327982044008,-13.380287154647169,151.36582835023745,OPEN-LOOP ROTATING HEADING,0.3860315594963275
2.41,3.059502202579814,-0.11576692343006484,155.19238895170386,-14.805910619626234,155.8970576303905,OPEN-LOOP ROTATING HEADING,0.3935077256402777
2.42,3.074613642568614,-0.11694636058565024,148.29904955054656,-9.392995892587656,148.5962195664265,OPEN-LOOP ROTATING HEADING,0.401130146475027
2.43,3.090086377579934,-0.11824258720427737,158.68477135528926,-15.259265177744775,159.41675518541066,OPEN-LOOP ROTATING HEADING,0.4089361835995442
2.44,3.105244989221772,-0.1194025548044339,146.51364612670173,-8.877452153087411,146.78234791033537,OPEN-LOOP ROTATING HEADING,0.4167456095217603
2.45,3.120834183393703,-0.1207698471958014,161.66456029510277,-16.538962572052156,162.50836082604692,OPEN-LOOP ROTATING HEADING,0.4247085427248196
2.46,3.136419220831808,-0.1220996943716546,153.58783483462554,-11.216471978192324,153.99685793166623,OPEN-LOOP ROTATING HEADING,0.4327738948617461
2.47,3.1521532565507435,-0.1235614956011815,159.44068888432452,-16.580424074178826,160.30047952014235,OPEN-LOOP ROTATING HEADING,0.4408950110623753
2.48,3.1674055079318872,-0.12472408745627163,149.74149845702675,-11.032205921518601,150.14734738799262,OPEN-LOOP ROTATING HEADING,0.4490430914308918
2.49,3.1828786039303507,-0.1262180447213318,157.602144078682,-16.66337289448532,158.48061021594503,OPEN-LOOP ROTATING HEADING,0.45712766020810225
2.5,3.198259157967105,-0.12767930659639126,151.45842263414298,-13.000834989596823,152.0153791471422,OPEN-LOOP ROTATING HEADING,0.4652536444652182
2.5100000000000002,3.2138127029127985,-0.12920167022968382,157.95380519644294,-16.547953967350104,158.81825888902503,OPEN-LOOP ROTATING HEADING,0.4735066337086784
2.52,3.229309414323865,-0.13072519579714947,152.89710119058623,-14.000860511982244,153.5367957447346,OPEN-LOOP ROTATING HEADING,0.4817947380710019
2.5300000000000002,3.2449237764787653,-0.13241398758395784,158.05243760942486,-18.43018508798931,159.1233633275098,OPEN-LOOP ROTATING HEADING,0.4900956139806367
2.54,3.2599469296008117,-0.13383062738730275,144.85297840964338,-10.789087946372875,145.25422462998856,OPEN-LOOP ROTATING HEADING,0.4983122471936441
2.5500000000000003,3.2754661013223716,-0.13556123979200713,157.2942702143399,-19.272403628763417,158.47054295323073,OPEN-LOOP ROTATING HEADING,0.5066591003497831
2.56,3.2909934102094724,-0.13725050169170006,153.83508258418317,-14.981375114626585,154.56284881564395,OPEN-LOOP ROTATING HEADING,0.515112417692047
2.57,3.3066549889353505,-0.13908602010685428,158.02454576627318,-20.212525039333713,159.31196826699073,OPEN-LOOP ROTATING HEADING,0.5236063820748491
2.58,3.3222412887010044,-0.14080192888436907,154.8086617507947,-15.255893777561369,155.55855504607968,OPEN-LOOP ROTATING HEADING,0.5322139332571445
2.59,3.337861207284065,-0.14265589799515857,156.87215039158363,-20.899049697480773,158.25814938491288,OPEN-LOOP ROTATING HEADING,0.5408049860663637
2.6,3.3530895657795727,-0.14442668676671347,149.98645578782023,-15.91302790318147,150.82825125565563,OPEN-LOOP ROTATING HEADING,0.5492742328677185
2.61,3.3685948415244886,-0.14641258010768332,157.82002217356998,-21.958775263757296,159.3403502253912,OPEN-LOOP ROTATING HEADING,0.557824215177317
2.62,3.3842606808237443,-0.14841745800357778,156.2761674366278,-18.60923610971204,157.38025345407198,OPEN-LOOP ROTATING HEADING,0.5665316977855759
2.63,3.399981025413244,-0.15055545477166318,157.44664169764897,-22.729703735299864,159.07886224688167,OPEN-LOOP ROTATING HEADING,0.5752423222234269
2.64,3.4156951819352597,-0.1526679864741389,157.0411693450962,-19.733972243195183,158.27620961398583,OPEN-LOOP ROTATING HEADING,0.5840359675169084
2.65,3.431427376068051,-0.15493785758326625,157.08836416706933,-24.33024346397158,158.961362927291,OPEN-LOOP ROTATING HEADING,0.5927914340241354
2.66,3.44705052090289,-0.1570101217521193,155.58733076990447,-17.891496082052967,156.61265315471093,OPEN-LOOP ROTATING HEADING,0.6016881721231027
2.67,3.462708790012038,-0.1592814511052361,157.08916948598525,-23.5375257707534,158.84275963733913,OPEN-LOOP ROTATING HEADING,0.6105262881631379
2.68,3.4785049421037635,-0.1615845475292229,158.62335562606972,-22.46450441863043,160.20618873454688,OPEN-LOOP ROTATING HEADING,0.6195001957717357
2.69,3.494319845820575,-0.16397682426545937,157.5746072771314,-24.62857500903815,159.48769095299488,OPEN-LOOP ROTATING HEADING,0.6284878913276812
2.7,3.5103492005552033,-0.1665425131098294,162.56532602452594,-27.35992227069203,164.85160166682863,OPEN-LOOP ROTATING HEADING,0.637562464409577
2.71,3.5263334934063244,-0.16911980558765335,157.9373375295286,-24.477652028672164,159.82289584021748,OPEN-LOOP ROTATING HEADING,0.6466660482349913
2.72,3.5423486028625426,-0.17178412954245684,161.7759082130349,-27.755916058781466,164.13968244886553,OPEN-LOOP ROTATING HEADING,0.6557956547371933
2.73,3.558037970860788,-0.17427290021554212,153.7959918593999,-22.870228098114843,155.48715202638576,OPEN-LOOP ROTATING HEADING,0.6648923234648834
2.74,3.5739859035699952,-0.17695664265788125,162.7980434750959,-28.778564777126935,165.32213629744354,OPEN-LOOP ROTATING HEADING,0.6740938565189851
2.75,3.5897313380217337,-0.1794420579416206,154.62302788242053,-22.591214581386872,156.26465924126947,OPEN-LOOP ROTATING HEADING,0.6833600662712143
2.7600000000000002,3.6056647035137726,-0.1820544523849603,162.6276674694199,-28.8690129492204,165.1701490439676,OPEN-LOOP ROTATING HEADING,0.6927315777080234
2.77,3.621577359032768,-0.18471438271688873,158.4448329195397,-25.262389213096032,160.44610742443956,OPEN-LOOP ROTATING HEADING,0.7021188777023339
2.7800000000000002,3.6376081454507934,-0.18753457322887238,161.3021233456393,-29.631477400788125,164.00121782707973,OPEN-LOOP ROTATING HEADING,0.7115415623596295
2.79,3.6535283280807973,-0.19028394128580337,157.92471983166777,-25.89581564752188,160.0337789404512,OPEN-LOOP ROTATING HEADING,0.7209991373991573
2.8000000000000003,3.6692873305735834,-0.19303909268461558,157.2175874366433,-28.334628055812484,159.75049591929226,OPEN-LOOP ROTATING HEADING,0.7303995089150472
2.81,3.6852118712186286,-0.1959052987652056,161.95652708104234,-30.71675977673431,164.84367138393273,OPEN-LOOP ROTATING HEADING,0.7399040334357516
2.82,3.70121451266598,-0.1988615336271358,160.7640039061398,-29.562818712832854,163.45955219007897,OPEN-LOOP ROTATING HEADING,0.7494657853873927
2.83,3.7171152106187066,-0.20165406552572684,157.44730371035308,-26.305748798257422,159.62971485753266,OPEN-LOOP ROTATING HEADING,0.7591279359963545
2.84,3.733097261846508,-0.20462572804729648,161.35805122904037,-31.678391638697757,164.43825951781517,OPEN-LOOP ROTATING HEADING,0.7687882433882365
2.85,3.7488989637567904,-0.20760594631547866,155.4698547099511,-28.149851175522084,157.99775265723673,OPEN-LOOP ROTATING HEADING,0.778371533172193
2.86,3.765153397875676,-0.21084539774875688,163.73907560694227,-33.78530688661595,167.18831251627245,OPEN-LOOP ROTATING HEADING,0.7881747153984775
2.87,3.7814294624733114,-0.21416748537709684,161.87835398165655,-32.526590502448926,165.11384126572946,OPEN-LOOP ROTATING HEADING,0.7980024346276364
2.88,3.7976731773570185,-0.2174542290741779,162.717212102705,-32.77635801758544,165.98548358026258,OPEN-LOOP ROTATING HEADING,0.8078934598545984
2.89,3.8137300017417832,-0.22084509219799484,160.25959182636907,-35.91599808253578,164.23487964077285,OPEN-LOOP ROTATING HEADING,0.8176382853988806
2.9,3.8300089210101227,-0.22466897052947962,164.93668866427646,-40.942099946432144,169.94224552935654,OPEN-LOOP ROTATING HEADING,0.8273263155785253
2.91,3.8463405440297564,-0.22869901308159413,161.94751026507004,-39.04066163760703,166.5868222344045,OPEN-LOOP ROTATING HEADING,0.8369844755976481
2.92,3.8628113706357956,-0.23280452480610744,166.4429354632461,-42.290827752568575,171.73166533176033,OPEN-LOOP ROTATING HEADING,0.8467656408075044
2.93,3.8792152773427513,-0.23686314948538356,162.65099663358168,-39.360311428085694,167.3456925696425,OPEN-LOOP ROTATING HEADING,0.8565936137128212
2.94,3.895475332995388,-0.24081238391911408,162.45423444470623,-39.35668637865342,167.15360316703695,OPEN-LOOP ROTATING HEADING,0.8664480311422151
2.95,3.9118327491139535,-0.24495091337404026,163.5785582274653,-41.539404072112504,168.7704559525822,OPEN-LOOP ROTATING HEADING,0.8763194376341099
2.96,3.927958673265204,-0.24898060204679176,159.59111002686785,-39.150886183975075,164.3232007009309,OPEN-LOOP ROTATING HEADING,0.886146690788459
2.97,3.9443342187379242,-0.25294893417690656,163.62277674853647,-38.14923727813524,168.01124181376935,OPEN-LOOP ROTATING HEADING,0.8962679757750203
2.98,3.960745129994482,-0.25711179994257777,164.22698971215883,-43.23862165241906,169.8236807760289,OPEN-LOOP ROTATING HEADING,0.9063565797636941
2.99,3.9771773483700374,-0.2614577216368442,164.8363291341589,-44.86720273847487,170.83348993683927,OPEN-LOOP ROTATING HEADING,0.9164105034755567
3.0,3.9935157086153397,-0.2657964446415923,162.3970727774267,-42.10957284772593,167.76777214976292,OPEN-LOOP ROTATING HEADING,0.9264596570447874
3.0100000000000002,4.009738591384701,-0.27017943090230895,161.82980207648586,-44.60615488763517,167.86480838452795,OPEN-LOOP ROTATING HEADING,0.9364536498316927
3.02,4.026196222645377,-0.27475061660800804,165.01599764900732,-45.908433008188986,171.2829930301446,OPEN-LOOP ROTATING HEADING,0.9465787458488211
3.0300000000000002,4.042560394771292,-0.27915925694131927,162.40888933278,-42.36752827547885,167.84413837391133,OPEN-LOOP ROTATING HEADING,0.9567933748709931
3.04,4.059046183600871,-0.2837001440911828,166.3048943146428,-47.008203284646996,172.82097398480084,OPEN-LOOP ROTATING HEADING,0.967085733860217
3.0500000000000003,4.075484394999426,-0.28819126130665507,163.29588415462098,-43.35982565845951,168.9544916922051,OPEN-LOOP ROTATING HEADING,0.9774329149443028
3.06,4.091792720345577,-0.2927498935002742,162.90886108134558,-46.8684195645861,169.51680085260935,OPEN-LOOP ROTATING HEADING,0.9876970646511358
3.0700000000000003,4.108198007432186,-0.29741333541930937,164.86893561718313,-46.34081731130782,171.2578094003975,OPEN-LOOP ROTATING HEADING,0.9980368625089975
3.08,4.124769191211735,-0.3024201248189913,166.49685919394997,-52.36184772688557,174.53643521862008,OPEN-LOOP ROTATING HEADING,1.0083674541007368
3.09,4.14121266828634,-0.30746179017662256,163.40464645925368,-49.40179443824028,170.7091555195322,OPEN-LOOP ROTATING HEADING,1.0186382742195934
3.1,4.157700392949393,-0.31267714483588804,166.15112814479133,-53.672499195828,174.6050816949868,OPEN-LOOP ROTATING HEADING,1.0289059425732416
3.11,4.174126771084204,-0.3175472761578127,162.9025550566712,-44.75297257457476,168.93806852883228,OPEN-LOOP ROTATING HEADING,1.0393885807012815
3.12,4.19070460312685,-0.3227266620006458,167.04925835555028,-53.26300904574656,175.33511584889848,OPEN-LOOP ROTATING HEADING,1.0498758737937162
3.13,4.207220681225735,-0.3278230061910173,164.0022404834729,-49.340309861633244,171.26354270784213,OPEN-LOOP ROTATING HEADING,1.060423052034054
3.14,4.223520150930471,-0.33289457418663904,162.27260820470977,-51.41287331010271,170.22245126762778,OPEN-LOOP ROTATING HEADING,1.0708677237087385
3.15,4.239857415726522,-0.33803995247172214,164.28941151359388,-51.10221474964539,172.05361689834325,OPEN-LOOP ROTATING HEADING,1.0813607354644166
3.16,4.256347315226902,-0.3433764493677678,164.8057541987772,-53.133602366782526,173.15922244425542,OPEN-LOOP ROTATING HEADING,1.0919311548221744
3.17,4.272684399571596,-0.34846201678935884,162.57221813783542,-49.08278648529109,169.82004015844717,OPEN-LOOP ROTATING HEADING,1.1025765667142493
3.18,4.289215665357926,-0.35366114704776813,167.06467259447544,-53.5872155870037,175.44855229800925,OPEN-LOOP ROTATING HEADING,1.1133775797535486
3.19,4.305709206395266,-0.35876161170488213,164.1372487295077,-49.23265859065199,171.36187175797295,OPEN-LOOP ROTATING HEADING,1.1242605806647328
3.2,4.322289472875008,-0.36396653469233897,166.73627569138688,-53.50033499334547,175.10931293290588,OPEN-LOOP ROTATING HEADING,1.1352158433375377
3.21,4.338761102634635,-0.36906859979626916,163.4698625376209,-49.26226194649147,170.7312695734247,OPEN-LOOP ROTATING HEADING,1.146194172156449
3.22,4.355110919261329,-0.3740403417033317,163.59690074242573,-49.78640111603953,171.0047708943066,OPEN-LOOP ROTATING HEADING,1.1571969762276995
3.23,4.371257462083433,-0.37907461059706965,160.26332347522657,-50.475749500223465,168.02420700284355,OPEN-LOOP ROTATING HEADING,1.168048860938741
3.24,4.387651196843226,-0.3845047264228046,165.38095887548712,-54.848586027158994,174.2389995028502,OPEN-LOOP ROTATING HEADING,1.1789501672526481
3.25,4.404094436169337,-0.39024362526114453,163.2840857953876,-56.6115914101591,172.81945768930737,OPEN-LOOP ROTATING HEADING,1.1897852214296982
3.2600000000000002,4.420733916156687,-0.39629090456351296,166.1803944314093,-60.38993951560234,176.81308856551564,OPEN-LOOP ROTATING HEADING,1.2006818861496682
3.27,4.437288760053915,-0.4023546597591451,165.3713983726575,-60.332861159296414,176.03338755871036,OPEN-LOOP ROTATING HEADING,1.211558491752211
3.2800000000000002,4.453598757766628,-0.4081727827803497,162.0544495924423,-56.617739083950134,171.6601672249205,OPEN-LOOP ROTATING HEADING,1.2224139743713556
3.29,4.4699896385448294,-0.4141555040847989,165.2504652933217,-61.52664090368876,176.3327644555906,OPEN-LOOP ROTATING HEADING,1.233309713981598
3.3000000000000003,4.48635487720004,-0.42006112020729297,162.71708014219232,-57.163457922106694,172.4659650238652,OPEN-LOOP ROTATING HEADING,1.2442803622720762
3.31,4.502829250365853,-0.4260929070210976,166.0910868361544,-61.986577665257144,177.28109018467237,OPEN-LOOP ROTATING HEADING,1.2553364269002003
3.3200000000000003,4.519230512479992,-0.4317667091637608,162.78193028077567,-52.88852623356395,171.15826895915282,OPEN-LOOP ROTATING HEADING,1.2665678168583807
3.33,4.535487630890142,-0.4375143409749423,162.6749306682089,-60.20323808781405,173.45766902666657,OPEN-LOOP ROTATING HEADING,1.2776908999073102
3.34,4.551882211048989,-0.44361888351491197,165.67552579855288,-63.850256160906696,177.55347098955954,OPEN-LOOP ROTATING HEADING,1.2888072894985547
3.35,4.568295432958164,-0.4498242540877355,163.09132777890449,-60.56295182728238,173.97313680772612,OPEN-LOOP ROTATING HEADING,1.2999450894231561
3.36,4.58483222271293,-0.45620019661682537,166.83573763793223,-65.5405580268008,179.2476725083408,OPEN-LOOP ROTATING HEADING,1.3111618393198547
3.37,4.601423952579069,-0.46261331845674597,164.86053862847913,-62.41760096543166,176.28089546843162,OPEN-LOOP ROTATING HEADING,1.3224649856789368
3.38,4.618027100771631,-0.4691029556282252,166.96823063591754,-66.34037069084799,179.664784599231,OPEN-LOOP ROTATING HEADING,1.3337975352696967
3.39,4.634461166736559,-0.475339149870927,162.93890746797808,-59.54999829801487,173.47994081204862,OPEN-LOOP ROTATING HEADING,1.345160761118363
3.4,4.6508586744188,-0.4817011574569667,164.32886342710574,-65.75928287746365,176.9979057497649,OPEN-LOOP ROTATING HEADING,1.3564852440085837
3.41,4.667348498058491,-0.48808882028002964,165.88593178955185,-63.42541628708205,177.59765143964458,OPEN-LOOP ROTATING HEADING,1.3679325410852963
3.42,4.683914784388298,-0.49471861239534015,166.62843107961916,-68.9273490024299,180.32197171880682,OPEN-LOOP ROTATING HEADING,1.3793868305568817
3.43,4.7004351321693,-0.5014753114961504,164.5170830855724,-66.5302689282087,177.46026966801585,OPEN-LOOP ROTATING HEADING,1.3907963342901417
3.44,4.716990038188928,-0.5085814147012838,166.19798109706724,-73.12441002993556,181.57353403777563,OPEN-LOOP ROTATING HEADING,1.4021295552831647
3.45,4.733442120828502,-0.515560090498448,165.1330396930817,-68.58575245712545,178.80974872301283,OPEN-LOOP ROTATING HEADING,1.4134876833880017
3.46,4.750041461174628,-0.5228294798014861,165.59341927782367,-71.96014097490374,180.55315670807067,OPEN-LOOP ROTATING HEADING,1.4248994636990764
3.47,4.766447012644463,-0.5297718599731203,163.1887357656954,-67.65510693462444,176.65723018076963,OPEN-LOOP ROTATING HEADING,1.4363444989543717
3.48,4.782909220901894,-0.536633601094568,165.79785428683707,-69.07334058076351,179.6108428383582,OPEN-LOOP ROTATING HEADING,1.4479304690498345
3.49,4.799375726459439,-0.5436922449991353,164.09854116279143,-71.1675347025096,178.86628862753668,OPEN-LOOP ROTATING HEADING,1.4594855044515458
3.5,4.815904861039145,-0.5509833610685093,166.11981488031552,-75.38402516058675,182.42407775642522,OPEN-LOOP ROTATING HEADING,1.4710477195004135
3.5100000000000002,4.832326070819972,-0.558228221367001,164.37721555864022,-71.31077612927028,179.17894906202173,OPEN-LOOP ROTATING HEADING,1.4825886357938933
3.52,4.848846766740315,-0.5656489552368197,165.68269329507203,-75.67573683796006,182.14711637431182,OPEN-LOOP ROTATING HEADING,1.4941965209886816
3.5300000000000002,4.8652413188497405,-0.5728783091069019,162.58892438019132,-68.68425076802805,176.5012312554021,OPEN-LOOP ROTATING HEADING,1.5058285049324898
3.54,4.881725219131986,-0.5803812339406728,166.29209387982402,-78.70503724744786,183.97701860574423,OPEN-LOOP ROTATING HEADING,1.5174767184165203
3.5500000000000003,4.898145932634522,-0.5878151404050511,163.09521453724025,-71.19274350795781,177.9563309723436,OPEN-LOOP ROTATING HEADING,1.529151584444869
3.56,4.914675350838843,-0.5954637749359909,166.6625579233231,-79.60725491574654,184.6990071677855,OPEN-LOOP ROTATING HEADING,1.5408877422109133
3.5700000000000003,4.931181184891378,-0.602984828440512,164.39434446160638,-72.48145643023676,179.66374708663292,OPEN-LOOP ROTATING HEADING,1.5527104191422119
3.58,4.947683496694141,-0.6105973508239781,165.48929162309815,-78.04386047854084,182.96871262680068,OPEN-LOOP ROTATING HEADING,1.5645450560634706
3.59,4.964009822928509,-0.6182512671229313,161.9132225886838,-75.00850610039295,178.4437380141577,OPEN-LOOP ROTATING HEADING,1.5762554353256686
3.6,4.980446680466307,-0.6262657189117787,165.54600859012893,-82.6556517302547,185.03361241427515,OPEN-LOOP ROTATING HEADING,1.5879722087029884
3.61,4.996982039015435,-0.6345415721156551,166.80726599285165,-84.51952910182695,186.99790048983044,OPEN-LOOP ROTATING HEADING,1.5997282671320914
3.62,5.013561062801626,-0.6429137700484959,165.03975336624222,-82.80112973095551,184.6460053072164,OPEN-LOOP ROTATING HEADING,1.6115421824106666
3.63,5.030164064049069,-0.6513218125536928,166.9318332042719,-84.72107556053378,187.20015379553652,OPEN-LOOP ROTATING HEADING,1.6234205767263266
3.64,5.046581915231133,-0.659667084538996,162.2019714942091,-82.49515199421818,181.97507977510924,OPEN-LOOP ROTATING HEADING,1.6352098502834163
3.65,5.063019381091613,-0.668070809480539,166.33964416364947,-85.07232241718964,186.8319492537178,OPEN-LOOP ROTATING HEADING,1.6470493200889327
3.66,5.079369904164002,-0.6765706221662722,161.72512607087253,-84.80342084924185,182.61061467059696,OPEN-LOOP ROTATING HEADING,1.6588263388832303
3.67,5.095861475896706,-0.6849844852864181,167.30157919733696,-82.93003057753984,186.72763152119322,OPEN-LOOP ROTATING HEADING,1.670821279352801
3.68,5.11237754485379,-0.6937165373577755,163.8341219506828,-90.10381721933427,186.976783031601,OPEN-LOOP ROTATING HEADING,1.6827723849917864
3.69,5.128937949830819,-0.7023358845383554,167.16191110440735,-83.55510512856236,186.88113900852298,OPEN-LOOP ROTATING HEADING,1.6948626757220833
3.7,5.1453775313934,-0.7112064077259478,163.09259582710388,-90.03725177655932,186.29519994111118,OPEN-LOOP ROTATING HEADING,1.7068020579966903
3.71,5.161800025315068,-0.7199076487260303,165.313405909276,-84.44296071190864,185.6317208537323,OPEN-LOOP ROTATING HEADING,1.718843342803559
3.72,5.17818066053185,-0.7287776273707175,162.80368941350875,-91.13047612054578,186.57385927457145,OPEN-LOOP ROTATING HEADING,1.7308378706640601
3.73,5.194586599854905,-0.7375332704614506,165.2385775281268,-85.01352261841743,185.8254194977397,OPEN-LOOP ROTATING HEADING,1.7429515324279485
3.74,5.210874013314881,-0.7463969573007423,162.4643117323948,-91.85794954286544,186.63476493113592,OPEN-LOOP ROTATING HEADING,1.7549688968910213
3.75,5.227319078712803,-0.7554297535000776,166.11704431917678,-88.85826911752359,188.38966108547885,OPEN-LOOP ROTATING HEADING,1.767126811215864
3.7600000000000002,5.24391623083974,-0.7648089955682358,166.12230142134837,-95.97631274525588,191.85429793908838,OPEN-LOOP ROTATING HEADING,1.7793598677573121
3.77,5.260353556560757,-0.7742426839914054,163.457687654416,-92.9095372212287,188.01754641519898,OPEN-LOOP ROTATING HEADING,1.791480518275585
3.7800000000000002,5.276619867150384,-0.7835923982214253,162.27375508754153,-93.67047246324869,187.36843117691848,OPEN-LOOP ROTATING HEADING,1.8035251432112673
3.79,5.292949611066547,-0.7928438334373324,164.35269543989526,-92.37931966831262,188.5357981942402,OPEN-LOOP ROTATING HEADING,1.8157170355909655
3.8000000000000003,5.309289241305587,-0.802152114975671,162.8648610891552,-93.23850217276353,187.66561023536053,OPEN-LOOP ROTATING HEADING,1.8279523279352294
3.81,5.325688031933239,-0.8115764458184399,164.40948747046653,-97.380577213734,191.0849454791808,OPEN-LOOP ROTATING HEADING,1.8402579313609135
3.8200000000000003,5.341917594803841,-0.8210469826360377,162.28278688491972,-93.81052105733653,187.44630372505415,OPEN-LOOP ROTATING HEADING,1.852442076894108
3.83,5.358169285830188,-0.8307932658453526,162.4729269957021,-98.03679131599999,189.75949108829226,OPEN-LOOP ROTATING HEADING,1.8646103563562968
3.84,5.374382888397756,-0.8405804982174558,162.18354893618135,-97.28783512308635,189.12542507148947,OPEN-LOOP ROTATING HEADING,1.876783830679162
3.85,5.390555876478653,-0.8500647753214897,161.61072527413808,-92.88336158202935,186.4010337482358,OPEN-LOOP ROTATING HEADING,1.8890693784053911
3.86,5.40688534129335,-0.8598238089706949,164.3371144288318,-99.73227318695747,192.232186414848,OPEN-LOOP ROTATING HEADING,1.9014683229705671
3.87,5.423189946601031,-0.8696337587315871,162.5119374000525,-96.25433249536766,188.87833735409515,OPEN-LOOP ROTATING HEADING,1.9138809728633044
3.88,5.439487308851969,-0.8795274145203018,163.34118831066078,-100.45142182127162,191.757221362466,OPEN-LOOP ROTATING HEADING,1.926313935004714
3.89,5.455675986988481,-0.8893271091568961,161.20619132556982,-96.57739929513298,187.92187253299645,OPEN-LOOP ROTATING HEADING,1.938725013530719
3.9,5.471731665609888,-0.8990340837925599,159.63324220361338,-94.36274804222833,185.43759121202626,OPEN-LOOP ROTATING HEADING,1.9510888183835982
3.91,5.487894152791296,-0.9093045508980101,161.93946727663783,-106.3595146575611,193.74399970072162,OPEN-LOOP ROTATING HEADING,1.963437167337152
3.92,5.504075533789401,-0.9197550290107188,161.82943467478017,-102.37881706871295,191.4946164035635,OPEN-LOOP ROTATING HEADING,1.97580454236157
3.93,5.520191773480878,-0.9303296740961249,160.863952489079,-108.03893105607456,193.7772479785692,OPEN-LOOP ROTATING HEADING,1.9881282122375743
3.94,5.5361469585919565,-0.9406566092626972,158.91374194125933,-102.53037986353495,189.1191586612365,OPEN-LOOP ROTATING HEADING,2.000423570970857
3.95,5.5521286571550235,-0.9513279221119211,160.61700506977218,-108.85223225915175,194.02739699687652,OPEN-LOOP ROTATING HEADING,2.0126991003131423
3.96,5.568104822092007,-0.9619796407931848,159.3434185294076,-104.39870900992263,190.4978096240911,OPEN-LOOP ROTATING HEADING,2.0250291117954253
3.97,5.584162547865668,-0.9727178761528519,161.54566874639173,-109.00231986420647,194.880755403138,OPEN-LOOP ROTATING HEADING,2.037467265333138
3.98,5.600206068444235,-0.9833323327153699,160.0075198130255,-104.250230518573,190.97255551489948,OPEN-LOOP ROTATING HEADING,2.049979464185826
3.99,5.61625937241362,-0.9938436332687888,161.10053554478242,-105.41460330216776,192.52433909033192,OPEN-LOOP ROTATING HEADING,2.0625814309672927
4.0,5.6321594115595985,-1.004359381211308,157.88653851109552,-104.37989400226641,189.270497740509,OPEN-LOOP ROTATING HEADING,2.0750858524618403
4.01,5.648185890662548,-1.015171538514066,161.4109465243444,-107.97343802686615,194.19515178609964,OPEN-LOOP ROTATING HEADING,2.087685092561263
4.0200000000000005,5.664241743536604,-1.0261804628393247,160.6154443900362,-112.717642055272,196.2207629358046,OPEN-LOOP ROTATING HEADING,2.1003141629876705
4.03,5.680291585856964,-1.0372724095385668,160.14602296140455,-111.3517838510284,195.05375781348295,OPEN-LOOP ROTATING HEADING,2.112969570600108
4.04,5.696266390733694,-1.0484056525031658,159.74355920158877,-111.30249568062418,194.6952753692982,OPEN-LOOP ROTATING HEADING,2.125595392660486
4.05,5.7121936362786725,-1.0595638470421973,159.17114095085955,-110.95997942215723,194.02981509284584,OPEN-LOOP ROTATING HEADING,2.138222043152405
4.0600000000000005,5.72803949655862,-1.071180094233402,158.47759352458962,-118.48357632135378,197.87244756974914,OPEN-LOOP ROTATING HEADING,2.1507102142489414
4.07,5.743760787015401,-1.0828388906316038,156.6421582236696,-115.15695798233101,194.4167963544135,OPEN-LOOP ROTATING HEADING,2.1631224900251187
4.08,5.759376212506592,-1.0948691078366721,156.1054624317248,-123.39504665415521,198.98555962633012,OPEN-LOOP ROTATING HEADING,2.1753983982445684
4.09,5.774983692610277,-1.1070792128467983,156.4026965303948,-120.4865741525492,197.43053976777884,OPEN-LOOP ROTATING HEADING,2.1876812272622104
4.1,5.790622980817078,-1.119392874762435,156.4991467341898,-124.92256914485769,200.24392927197874,OPEN-LOOP ROTATING HEADING,2.200028687594287
4.11,5.806242791518958,-1.131570600377747,156.25062773361464,-119.86145648388084,196.9289908002016,OPEN-LOOP ROTATING HEADING,2.212445919597285
4.12,5.821760144214924,-1.1436080493007117,154.77722234985998,-118.28553833179343,194.80107067667817,OPEN-LOOP ROTATING HEADING,2.224851008103797
4.13,5.837366526274191,-1.1555967157778044,157.17965438177828,-120.56594777604106,198.09490532244976,OPEN-LOOP ROTATING HEADING,2.2374083859540095
4.14,5.852944112361681,-1.1678139005003239,155.08398580455366,-122.75279117594289,197.78597117720875,OPEN-LOOP ROTATING HEADING,2.249942170561824
4.15,5.86853343279479,-1.1800813365337255,156.67725106471147,-122.42264374937837,198.83426441079476,OPEN-LOOP ROTATING HEADING,2.262531802494723
4.16,5.884062749186992,-1.1925506902828478,154.6447502921118,-126.4423308388047,199.75650632922913,OPEN-LOOP ROTATING HEADING,2.275075420120329
4.17,5.899533707554764,-1.2050990052513932,154.59297033929607,-126.58132084696543,199.80444756233248,OPEN-LOOP ROTATING HEADING,2.2876014762296393
4.18,5.914931899530077,-1.2175967073069447,153.46826182641578,-123.31540461355381,196.87355435158324,OPEN-LOOP ROTATING HEADING,2.3001223130554935
4.19,5.930355828299659,-1.2303026775308252,154.99995840148532,-129.3752786142727,201.89836507753816,OPEN-LOOP ROTATING HEADING,2.3126817727664646
4.2,5.945814991783676,-1.2431009379112232,155.12030521951317,-129.04046032627826,201.77648399308757,OPEN-LOOP ROTATING HEADING,2.325313608293703
4.21,5.961298967225123,-1.256011423467022,154.74233070268548,-128.92645049438673,201.4130545629573,OPEN-LOOP ROTATING HEADING,2.338004326671479
4.22,5.976733947654491,-1.268770183088491,154.1736825247038,-126.67362821141698,199.53879940370607,OPEN-LOOP ROTATING HEADING,2.350731907179312
4.23,5.99203666591436,-1.2819347581365181,152.6579553610312,-134.28787668550427,203.31671146197453,OPEN-LOOP ROTATING HEADING,2.363309263420426
4.24,6.007281682373628,-1.295093619363761,152.59269138631976,-129.65081574539832,200.23452121941375,OPEN-LOOP ROTATING HEADING,2.375887878283706
4.25,6.022505579367641,-1.3083888350853383,152.3797218087946,-135.22063832620395,203.7257976984547,OPEN-LOOP ROTATING HEADING,2.3884778347633437
4.26,6.037798160685641,-1.32163150459149,153.5636811093429,-130.60494239963845,201.59229929504957,OPEN-LOOP ROTATING HEADING,2.4012013885820185
4.2700000000000005,6.052994932954112,-1.3347525080191887,151.03649553633232,-131.29595718495275,200.12658833100986,OPEN-LOOP ROTATING HEADING,2.413907347962536
4.28,6.068145701543434,-1.348136781584468,151.76052574485809,-136.57925222620858,204.16941326512656,OPEN-LOOP ROTATING HEADING,2.4265785105634716
4.29,6.083330050751876,-1.3614758217609264,152.42825167119446,-133.3217041193788,202.50691024464373,OPEN-LOOP ROTATING HEADING,2.439346100383908
4.3,6.098525269375667,-1.3751635107300757,151.75967134611548,-138.75519968666066,205.63074499492058,OPEN-LOOP ROTATING HEADING,2.452123691091008
4.3100000000000005,6.113722094993822,-1.388753366696345,152.3843250649615,-133.81053210230988,202.79605772057593,OPEN-LOOP ROTATING HEADING,2.464975305126999
4.32,6.128819171046806,-1.40245962867743,150.48488874945343,-139.44385693504748,205.15918448574843,OPEN-LOOP ROTATING HEADING,2.477766447991911
4.33,6.14391383745095,-1.416187104589928,151.73004455637135,-135.56244002087647,203.46788829073782,OPEN-LOOP ROTATING HEADING,2.4906081880542716
4.34,6.158940100139788,-1.429822194200313,149.50805148929481,-136.4708671592987,202.4276538502993,OPEN-LOOP ROTATING HEADING,2.5034515883365245
4.3500000000000005,6.173981784935109,-1.443549490535417,151.27790228748734,-137.41008947693578,204.3686287338692,OPEN-LOOP ROTATING HEADING,2.516351722098861
4.36,6.188919273164075,-1.4573785849695378,149.3368725680241,-136.4112486094929,202.2610448296932,OPEN-LOOP ROTATING HEADING,2.5291893082506407
4.37,6.20381936170441,-1.471452508596206,149.11858475859972,-143.61054512060875,207.0273918838908,OPEN-LOOP ROTATING HEADING,2.542011526630257
4.38,6.2186154122937864,-1.4858538304647493,147.46100580556066,-143.92536734719346,206.05644760407807,OPEN-LOOP ROTATING HEADING,2.5547434334935497
4.39,6.233292283756125,-1.500605472392266,146.4554951231826,-147.2770998590877,207.70112227592864,OPEN-LOOP ROTATING HEADING,2.5673699047753136
4.4,6.247881981648792,-1.5150722136963917,145.82898550894305,-142.99012511822264,204.23581687816775,OPEN-LOOP ROTATING HEADING,2.5800052781845233
4.41,6.262572148590566,-1.5294586126800045,148.1611839545688,-143.82853241001015,206.49063699363447,OPEN-LOOP ROTATING HEADING,2.5928073055859304
4.42,6.277279243834718,-1.543843280172664,146.63892583055775,-143.8280218662717,205.40076543845825,OPEN-LOOP ROTATING HEADING,2.6056825561200485
4.43,6.292007633266649,-1.5582731959547917,148.00036318672358,-144.61246344424174,206.92238179282162,OPEN-LOOP ROTATING HEADING,2.6186295075463457
4.44,6.306619324497861,-1.572977250050116,145.14224519677455,-148.80806726042428,207.8704217115643,OPEN-LOOP ROTATING HEADING,2.631485572790238
4.45,6.32115614627214,-1.587755929567264,145.16497975828236,-148.2377924777474,207.47846747770774,OPEN-LOOP ROTATING HEADING,2.644316096269817
4.46,6.335619359995101,-1.6023906486663184,144.6876702429269,-144.92872431584044,204.7897874703298,OPEN-LOOP ROTATING HEADING,2.6571453583536204
4.47,6.350108548246789,-1.6173742448781105,145.3789705959468,-152.56746496724887,210.7412547605947,OPEN-LOOP ROTATING HEADING,2.6700206731906686
4.48,6.3646282774297145,-1.6323298590014412,145.27060058983824,-147.56924875810913,207.07542243048786,OPEN-LOOP ROTATING HEADING,2.6829864812585145
4.49,6.379116729652005,-1.6473547615283022,144.71361287986645,-151.89766669605564,209.79735675277195,OPEN-LOOP ROTATING HEADING,2.695971368056999
4.5,6.393485401680997,-1.6623212619374437,143.37388366663873,-148.3676196379977,206.32261406520715,OPEN-LOOP ROTATING HEADING,2.7088989616781056
4.51,6.407782105499255,-1.6774140738243237,143.26438112502856,-150.89797837548537,208.07422420123518,OPEN-LOOP ROTATING HEADING,2.721799633710127
4.5200000000000005,6.42193361130789,-1.6929709706322362,141.00608100966397,-157.48158528347238,211.38392697908586,OPEN-LOOP ROTATING HEADING,2.7345729650612087
4.53,6.4360809509627925,-1.708440802633526,142.035688577205,-152.9627793287934,208.7384695967418,OPEN-LOOP ROTATING HEADING,2.747407906268612
4.54,6.450128952445526,-1.724063354446624,139.56030477090547,-158.55674226577582,211.22812120000424,OPEN-LOOP ROTATING HEADING,2.7601898225260557
4.55,6.464103410800232,-1.7394748960550956,140.43046081151653,-150.3094428072137,205.70280241345748,OPEN-LOOP ROTATING HEADING,2.772972063896466
4.5600000000000005,6.478052523900978,-1.7551657179039406,139.14619017839223,-160.86331960813632,212.6938406172372,OPEN-LOOP ROTATING HEADING,2.7857658629295923
4.57,6.492029575695998,-1.7708857049764304,139.83783704510927,-159.00867212721906,211.7507461170231,OPEN-LOOP ROTATING HEADING,2.7986433554351544
4.58,6.505992942231003,-1.7867997257416575,139.55696816724276,-158.92167575422647,211.4999914623268,OPEN-LOOP ROTATING HEADING,2.811552520044309
4.59,6.519958290065965,-1.8024707148960508,140.0028067109354,-155.1679837476883,208.99255744466694,OPEN-LOOP ROTATING HEADING,2.82453642486463
4.6000000000000005,6.53376943160202,-1.8181209592379663,137.18836924936352,-156.84100846641607,208.37406411082475,OPEN-LOOP ROTATING HEADING,2.8374237559940036
4.61,6.547661284969436,-1.8340183460282182,139.7974906711143,-157.2600854131399,210.41405100916708,OPEN-LOOP ROTATING HEADING,2.8504343033025554
4.62,6.56151683465198,-1.8500062296250541,137.87458389965423,-161.55222133786035,212.38766702588882,OPEN-LOOP ROTATING HEADING,2.8634609933523025
4.63,6.575380821846832,-1.8658879267924222,139.5147271285172,-156.95145259284658,209.99551794442942,OPEN-LOOP ROTATING HEADING,2.8765579420265146
4.64,6.589112976465939,-1.881842619209412,136.2938054048842,-160.950272139296,210.90517180348587,OPEN-LOOP ROTATING HEADING,2.889575905003829
4.65,6.602660654534832,-1.898315303464488,134.60676282475507,-167.7547520911924,215.08286181687578,OPEN-LOOP ROTATING HEADING,2.9024452392046483
4.66,6.616020063922919,-1.9148682572361049,133.33006953506293,-163.88356182224226,211.26932876726195,OPEN-LOOP ROTATING HEADING,2.915182438055327
4.67,6.629142670065326,-1.9317382137489956,130.26624203315708,-171.61156475764173,215.45260029066097,OPEN-LOOP ROTATING HEADING,2.9277317627101542
4.68,6.642171838500567,-1.948719522460324,130.92660257617294,-168.04673547264682,213.02929508673887,OPEN-LOOP ROTATING HEADING,2.940245123548178
4.69,6.6552069316298885,-1.9658741237031474,130.07064946058807,-173.55031865333342,216.88265711156512,OPEN-LOOP ROTATING HEADING,2.9528210005547733
4.7,6.668251505259289,-1.9829193751571434,130.92776587187635,-168.6339423900258,213.49352777591034,OPEN-LOOP ROTATING HEADING,2.9654703117434247
4.71,6.681336670102892,-1.999545166101175,131.00159462880754,-164.51282129118007,210.29951536909013,OPEN-LOOP ROTATING HEADING,2.978228078957364
4.72,6.694314227340163,-2.016566234235536,128.51988811594984,-175.77721389766498,217.74983482648557,OPEN-LOOP ROTATING HEADING,2.9909296242706684
4.73,6.70721747192758,-2.0338969025154268,130.00794226667344,-172.52316154524533,216.02385590943777,OPEN-LOOP ROTATING HEADING,3.0036127977590352
4.74,6.720049576124289,-2.0513677637342695,127.39004080728658,-176.04991821152615,217.30576660357448,OPEN-LOOP ROTATING HEADING,3.016284793687234
4.75,6.7328927949752675,-2.06869498016907,129.35749781910582,-171.57587590391853,214.87587913541347,OPEN-LOOP ROTATING HEADING,3.0290299708669037
4.76,6.745637315503456,-2.0859726628751663,126.18382811341682,-173.38189524570774,214.43796323494095,OPEN-LOOP ROTATING HEADING,3.0417365193842185
4.7700000000000005,6.758364547662958,-2.103418944181959,128.5212651728917,-175.24505916004492,217.32129753351,OPEN-LOOP ROTATING HEADING,3.0544855296740376
4.78,6.770976336428245,-2.121071869168439,126.53499386594984,-177.33087174073998,217.84706274124227,OPEN-LOOP ROTATING HEADING,3.067180384673521
4.79,6.783629115467768,-2.138757673105117,126.76861831822299,-176.3507794842977,217.18627952757674,OPEN-LOOP ROTATING HEADING,3.0799774848276646
4.8,6.796355849225344,-2.1562004077262413,127.75335054750776,-173.0453063953735,215.09439007464394,OPEN-LOOP ROTATING HEADING,3.0929059870681206
4.8100000000000005,6.8088739861079866,-2.1739602093007666,123.80396870755142,-180.7034252330806,219.0460010105364,OPEN-LOOP ROTATING HEADING,3.1056898002345426
4.82,6.8212596405134045,-2.191904360701543,124.46224275397215,-177.75246753415655,216.9949068200221,OPEN-LOOP ROTATING HEADING,3.1184051913671125
4.83,6.833567574435219,-2.209970459092443,122.52970850752864,-182.7347912656189,220.01257556291924,OPEN-LOOP ROTATING HEADING,3.1311069114151744
4.84,6.845931759966572,-2.2280174771969117,124.57223582555777,-178.7895685960003,217.90812691894325,OPEN-LOOP ROTATING HEADING,3.1439258811777284
4.8500000000000005,6.858185236986141,-2.245923782674325,121.30924011858271,-179.09610979280245,216.31307931113065,OPEN-LOOP ROTATING HEADING,3.156690831166184
4.86,6.87034757921522,-2.2640831922501388,122.2396435868599,-181.44331892813386,218.77890311430633,OPEN-LOOP ROTATING HEADING,3.169432844464076
4.87,6.882481212380664,-2.282367674293532,122.70421554267213,-180.90532459410923,218.5933690175495,OPEN-LOOP ROTATING HEADING,3.1822116972195014
4.88,6.894607476933138,-2.30073723758369,120.44312794792049,-185.52747621124396,221.1944653448473,OPEN-LOOP ROTATING HEADING,3.1950479248202805
4.89,6.906747148842649,-2.3190272168185744,122.42039912359586,-181.0742246585659,218.57408116535981,OPEN-LOOP ROTATING HEADING,3.2079554123879657
4.9,6.9187764786666905,-2.3374366578467134,119.21926943671568,-186.58466333321488,221.42057446450943,OPEN-LOOP ROTATING HEADING,3.2208187711197613
4.91,6.930872723421537,-2.3555824240892003,122.67709020429682,-177.9326317573324,216.12424645347784,OPEN-LOOP ROTATING HEADING,3.2337962774452276
4.92,6.942840961593932,-2.374023488545805,118.23446650840097,-188.09759680060347,222.1713190146032,OPEN-LOOP ROTATING HEADING,3.2467205793819813
4.93,6.9548276659034745,-2.3923370473443937,121.47003870410056,-179.91299411996278,217.07983728569874,OPEN-LOOP ROTATING HEADING,3.2597160785214454
4.94,6.966596723512945,-2.411040625662532,115.70842304037228,-191.33723407437796,223.6031670297249,OPEN-LOOP ROTATING HEADING,3.2725770186390015
4.95,6.978297709189321,-2.429883688356977,118.43041439066293,-186.14907988230917,220.62919796294972,OPEN-LOOP ROTATING HEADING,3.2854401371914754
4.96,6.989826587961789,-2.4489338530899194,113.28032355639803,-193.36715648097174,224.10553074518006,OPEN-LOOP ROTATING HEADING,3.298207262633139
4.97,7.001390550193873,-2.467715681669091,117.83066940729661,-184.27844104991513,218.72953730294103,OPEN-LOOP ROTATING HEADING,3.3110528766824787
4.98,7.0130433562651815,-2.486432361930241,115.94374978531698,-188.7660113209843,221.53004343500263,OPEN-LOOP ROTATING HEADING,3.324042597264919
4.99,7.024634266220115,-2.505310458503333,116.37675041447402,-188.4749003205276,221.5092234826026,OPEN-LOOP ROTATING HEADING,3.337042683138529
5.0,7.036043243088329,-2.5244306608977074,113.3439385776121,-191.24292756657633,222.3076826304486,OPEN-LOOP ROTATING HEADING,3.3499413033619527
5.01,7.047340400706052,-2.5437025852394197,113.14270827674196,-193.6746611522772,224.3014641250594,OPEN-LOOP ROTATING HEADING,3.3628028044885836
5.0200000000000005,7.058520048888077,-2.5629942028717307,111.22071912140711,-192.28721674373944,222.1360440922111,OPEN-LOOP ROTATING HEADING,3.3756110534974137
5.03,7.069668733239149,-2.5822704241661896,112.07184601155538,-193.0975567267067,223.26389112944685,OPEN-LOOP ROTATING HEADING,3.388448875193723
5.04,7.080693340563168,-2.601868489452111,107.65131261447429,-199.2863081749386,226.5035049036016,OPEN-LOOP ROTATING HEADING,3.4012550601947042
5.05,7.09174379166967,-2.621505433332873,112.37732258675564,-196.89130413681042,226.70431905118554,OPEN-LOOP ROTATING HEADING,3.414153891273572
5.0600000000000005,7.102636541012448,-2.6412084283186843,107.04443722347865,-196.89591432864464,224.1127230208143,OPEN-LOOP ROTATING HEADING,3.42696546472387
5.07,7.1136605997934526,-2.6606759859603835,112.93468416627033,-193.4894353057424,224.03661411177927,OPEN-LOOP ROTATING HEADING,3.4399458478479987
5.08,7.124391618631705,-2.680504661469669,103.72850455344779,-201.18181799591866,226.34868355932088,OPEN-LOOP ROTATING HEADING,3.4527350131677457
5.09,7.13515558620205,-2.7003573974442334,110.58311296949338,-196.93999173323164,225.86275748318735,OPEN-LOOP ROTATING HEADING,3.465622694191496
5.1000000000000005,7.145680838638895,-2.7203531188374757,101.73868598791474,-202.0368358202775,226.2070804701243,OPEN-LOOP ROTATING HEADING,3.478352518000829
5.11,7.156281870574623,-2.7401274345241595,109.89533679265197,-194.23249332112456,223.16640990639945,OPEN-LOOP ROTATING HEADING,3.4911947799460936
5.12,7.166687075791484,-2.7602157812241104,100.88782076469802,-202.88271600342637,226.5827637565947,OPEN-LOOP ROTATING HEADING,3.5039424976174907
5.13,7.1772880904193865,-2.780296361823132,110.0658799956799,-199.26036165854498,227.63828691043506,OPEN-LOOP ROTATING HEADING,3.5169468221792926
5.14,7.187705088922899,-2.800432205455784,101.8448391176371,-201.51616385147034,225.79002535167496,OPEN-LOOP ROTATING HEADING,3.5298384360697153
5.15,7.198319835777578,-2.8202177784238476,109.65803416638462,-197.539331654286,225.9351057442335,OPEN-LOOP ROTATING HEADING,3.5429425520691558
5.16,7.208891878563465,-2.840361133729122,104.43427163649397,-203.17957239429995,228.4479278316518,OPEN-LOOP ROTATING HEADING,3.5561125988982694
5.17,7.219468871314986,-2.8604598562642347,107.14314525418295,-199.34473260394773,226.31388819932897,OPEN-LOOP ROTATING HEADING,3.5693431404035545
5.18,7.229926201887434,-2.880623140148139,103.139455960897,-203.14449918908565,227.82764302580634,OPEN-LOOP ROTATING HEADING,3.5825254363332624
5.19,7.240254297324317,-2.900849834368041,103.82687500350936,-202.05388604097547,227.16908424619282,OPEN-LOOP ROTATING HEADING,3.5956502160583046
5.2,7.250334771548848,-2.921266283878008,99.97762633808102,-204.52917633179902,227.6570001980196,OPEN-LOOP ROTATING HEADING,3.6086195424130603
5.21,7.260224972367252,-2.941892090196928,97.04464208457506,-208.77727998543284,230.2294837666086,OPEN-LOOP ROTATING HEADING,3.6214948857703106
5.22,7.269869968006488,-2.9626083146264572,96.54329261754121,-206.04281898200517,227.53955832665125,OPEN-LOOP ROTATING HEADING,3.634205465190907
5.23,7.279223512619606,-2.9836760986766184,91.90739514695862,-213.75303052084908,232.67429453969822,OPEN-LOOP ROTATING HEADING,3.6467478687767088
5.24,7.288408487621769,-3.005059430850988,92.15706172870821,-213.59300762578454,232.62608824699217,OPEN-LOOP ROTATING HEADING,3.659241121261916
5.25,7.297675419830768,-3.02611762117754,93.19600655160215,-208.60132189347917,228.4732087857856,OPEN-LOOP ROTATING HEADING,3.6718294104336477
5.26,7.306912114647086,-3.0471839601278434,92.3130740286774,-212.05052402077635,231.27284400488946,OPEN-LOOP ROTATING HEADING,3.684454510705474
5.2700000000000005,7.315787870978386,-3.0686375600109987,87.53962053006613,-215.19721285083287,232.3209538145766,OPEN-LOOP ROTATING HEADING,3.696855569198825
5.28,7.324613939653513,-3.09032106730791,89.83728265872067,-215.28792339487248,233.28014770909965,OPEN-LOOP ROTATING HEADING,3.7093155307438987
5.29,7.333379238411385,-3.1120246541441166,86.38850845503032,-218.2556641326808,234.73071660752544,OPEN-LOOP ROTATING HEADING,3.7217879486498084
5.3,7.342199505370213,-3.133662934956575,89.82064192604321,-215.14779449267078,233.14442131663148,OPEN-LOOP ROTATING HEADING,3.7343709247372523
5.3100000000000005,7.350957376532519,-3.155178354232466,86.77501804770384,-214.7758247674348,231.64317098008996,OPEN-LOOP ROTATING HEADING,3.7469372400103778
5.32,7.359696559266038,-3.176897953461255,89.15671153408881,-215.89061768257326,233.57585066726344,OPEN-LOOP ROTATING HEADING,3.75959006116772
5.33,7.368316671089236,-3.1986691427765264,86.34648679857997,-217.57323957344394,234.08082014753063,OPEN-LOOP ROTATING HEADING,3.772203179168481
5.34,7.3770528754993405,-3.220256937324984,88.32998760347475,-214.6634799142388,232.12625081821488,OPEN-LOOP ROTATING HEADING,3.7849615390799194
5.3500000000000005,7.385542267748353,-3.242096461541678,82.85671254940775,-221.0688482549133,236.0861505536677,OPEN-LOOP ROTATING HEADING,3.7975935792259277
5.36,7.393903624165665,-3.2640088062416304,84.67476334494725,-217.59258451148392,233.48736236017166,OPEN-LOOP ROTATING HEADING,3.8101819962154666
5.37,7.402182060757357,-3.2860222004663306,81.77125246809521,-221.92150819477249,236.50728007747128,OPEN-LOOP ROTATING HEADING,3.822777301070624
5.38,7.41032651231113,-3.308153045255385,81.67036386621866,-220.49824188489816,235.13724292074963,OPEN-LOOP ROTATING HEADING,3.8353337310226836
5.39,7.418066975840985,-3.330434442545504,75.13578545452212,-225.94485863317934,238.11019591490697,OPEN-LOOP ROTATING HEADING,3.847595498317249
5.4,7.425649257651394,-3.3529680804250224,76.70276813713768,-224.84663107345136,237.5696153656445,OPEN-LOOP ROTATING HEADING,3.8598265281300206
5.41,7.433267083669018,-3.3755020007700516,77.86845762811764,-223.8939331548167,237.0484971412295,OPEN-LOOP ROTATING HEADING,3.87216308498597
5.42,7.440795023375797,-3.398132976475247,73.90098319694789,-227.91442576469785,239.59620362002303,OPEN-LOOP ROTATING HEADING,3.8845039003541944
5.43,7.448342097705724,-3.4207012130217445,77.0746605083786,-224.56992918942728,237.42821312688642,OPEN-LOOP ROTATING HEADING,3.8969198168367107
5.44,7.455790594805775,-3.443381507544336,73.13047890696356,-228.53415457081812,239.94984215573143,OPEN-LOOP ROTATING HEADING,3.909335217232754
5.45,7.46336392302464,-3.465797720388751,78.26259259508105,-221.13815530921283,234.57859478917754,OPEN-LOOP ROTATING HEADING,3.92188079762889
5.46,7.470773964045133,-3.4884416800178952,71.89411968923825,-229.6127165864439,240.6049959250579,OPEN-LOOP ROTATING HEADING,3.93438924083664
5.47,7.478127411121447,-3.5112802327791908,74.63600934016145,-228.23360144337252,240.1272802453667,OPEN-LOOP ROTATING HEADING,3.946958433924805
5.48,7.485315449332005,-3.534252299088331,71.91592985577697,-229.66029749378185,240.65692014141916,OPEN-LOOP ROTATING HEADING,3.959469637416012
5.49,7.492438015680332,-3.557177709962451,70.89628507905876,-229.26788419958282,239.9792615276672,OPEN-LOOP ROTATING HEADING,3.971976711101009
5.5,7.499570989851728,-3.5799045061072268,72.15173995853775,-225.96451602793272,237.20420755708008,OPEN-LOOP ROTATING HEADING,3.9845145211065915
5.51,7.50670991704691,-3.602762538984113,72.22253971787525,-228.47882395241479,239.6219277069163,OPEN-LOOP ROTATING HEADING,3.997159627427327
5.5200000000000005,7.513467323706172,-3.6260161101590547,65.25607463474631,-234.63212285902875,243.53765284667986,OPEN-LOOP ROTATING HEADING,4.009605909881694
5.53,7.520151857551516,-3.649266933432867,68.08895645558371,-231.41877570549423,241.22760153067108,OPEN-LOOP ROTATING HEADING,4.022052747433391
5.54,7.526570993822656,-3.6726820738340114,61.82194012740676,-236.05899874609122,244.02008763649715,OPEN-LOOP ROTATING HEADING,4.034357950352102
5.55,7.532959618303929,-3.6960206138477756,65.86081559509601,-231.73073280493236,240.90823887356407,OPEN-LOOP ROTATING HEADING,4.046685818994008
5.5600000000000005,7.539028605585735,-3.719845608859292,58.01898726972959,-241.93624600813274,248.79579983655825,OPEN-LOOP ROTATING HEADING,4.058908366645957
5.57,7.544983070630695,-3.743784444789063,59.21823721232122,-239.17304451954257,246.39509906506225,OPEN-LOOP ROTATING HEADING,4.071126726877979
5.58,7.550796928077747,-3.7676780600996476,57.784598288538945,-239.0563257557351,245.94102277416013,OPEN-LOOP ROTATING HEADING,4.083272950007662
5.59,7.556624697562058,-3.791472447195474,59.592938522899495,-236.94443663217717,244.3235239855833,OPEN-LOOP ROTATING HEADING,4.095479808387071
5.6000000000000005,7.5622889984313275,-3.8154202930685646,55.323531030025364,-241.18786640915886,247.45157099649302,OPEN-LOOP ROTATING HEADING,4.107647121273556
5.61,7.568035773714994,-3.83932198657978,59.16782128672761,-237.9198133716228,245.16661410274844,OPEN-LOOP ROTATING HEADING,4.119955019630269
5.62,7.573733538358741,-3.863143183110232,55.8056149475965,-238.3322212565853,244.7785005852788,OPEN-LOOP ROTATING HEADING,4.132266551349769
5.63,7.57925907987543,-3.887293675514768,56.55167464987326,-240.68045059043786,247.23505253527728,OPEN-LOOP ROTATING HEADING,4.144582765487631
5.64,7.584710601219589,-3.911506446212614,53.501755573507126,-243.14408461614187,248.960807624953,OPEN-LOOP ROTATING HEADING,4.156921771317575
5.65,7.59005525523001,-3.935775974260086,52.23080327318209,-243.58208452567632,249.11902519164525,OPEN-LOOP ROTATING HEADING,4.169250976023333
5.66,7.595366605135247,-3.9599674999730796,54.09999565700685,-240.9925574393962,246.99032829499384,OPEN-LOOP ROTATING HEADING,4.181600137523018
5.67,7.600429102841865,-3.9843119889756307,48.56119227825021,-245.3496560397951,250.10926235213873,OPEN-LOOP ROTATING HEADING,4.193833626847832
5.68,7.6055283065461,-4.0086361611569,52.83574008489619,-242.07051138749677,247.7695459771497,OPEN-LOOP ROTATING HEADING,4.2061712449511415
5.69,7.610418850717582,-4.033065245766733,46.41122135887743,-245.85490054194779,250.19718940970094,OPEN-LOOP ROTATING HEADING,4.218418325094724
5.7,7.615204139879873,-4.057422874002357,50.2168108975194,-241.82908008519397,246.98791887776287,OPEN-LOOP ROTATING HEADING,4.230618508636149
5.71,7.619682820322258,-4.082033634894913,41.85306155498343,-248.79850127893067,252.2942191176153,OPEN-LOOP ROTATING HEADING,4.242683831237511
5.72,7.62412362885583,-4.106565996248004,46.709995517475924,-243.1816331818805,247.62699852449308,OPEN-LOOP ROTATING HEADING,4.254764779997225
5.73,7.6281151813238965,-4.131371539439961,38.84211884331654,-249.69351968732178,252.69658480098474,OPEN-LOOP ROTATING HEADING,4.266585957535149
5.74,7.632156449242522,-4.156127350446729,41.713551000786616,-246.43729619401432,249.9427160221149,OPEN-LOOP ROTATING HEADING,4.278515982968092
5.75,7.636111859170187,-4.1809578615422005,38.339407399633544,-249.57028185225604,252.4979915634372,OPEN-LOOP ROTATING HEADING,4.290467284706839
5.76,7.640370381557378,-4.205398484646349,46.8990481696829,-240.30062266016344,244.83445421362674,OPEN-LOOP ROTATING HEADING,4.3026507571522155
5.7700000000000005,7.644325594728938,-4.230189547340376,36.33258894121044,-250.4440929392192,253.06580311713242,OPEN-LOOP ROTATING HEADING,4.31474170425002
5.78,7.6484123352853315,-4.254889867302734,44.006406600114786,-245.3062647806496,249.22224491904572,OPEN-LOOP ROTATING HEADING,4.3270016607087
5.79,7.652323894683749,-4.279655295326943,36.04408508215265,-249.04500800679804,251.63980623604755,OPEN-LOOP ROTATING HEADING,4.339194905737208
5.8,7.656440816758012,-4.304122122207666,45.043378070516695,-241.9972735123787,246.15358273937136,OPEN-LOOP ROTATING HEADING,4.351552001634174
5.8100000000000005,7.660198333572142,-4.32898660980375,35.84095718803043,-249.98443089425723,252.54066979732178,OPEN-LOOP ROTATING HEADING,4.363785431397828
5.82,7.663954813733027,-4.353865482921085,39.135573976154944,-248.2426579734694,251.30859592973732,OPEN-LOOP ROTATING HEADING,4.376098709290449
5.83,7.66791637828044,-4.378666151045517,43.16685255771692,-246.79836586194943,250.5450269948863,OPEN-LOOP ROTATING HEADING,4.388650765626548
5.84,7.671394386735505,-4.403671440723388,31.352677746993656,-252.20976350867824,254.15104802264779,OPEN-LOOP ROTATING HEADING,4.400899936546332
5.8500000000000005,7.67466205633937,-4.428683778629053,34.00002813767507,-249.09858542027115,251.40824801852227,OPEN-LOOP ROTATING HEADING,4.413031833076599
5.86,7.677503166594037,-4.45381361869963,24.852528608713744,-253.1434579434448,254.36048922309365,OPEN-LOOP ROTATING HEADING,4.424886510629038
5.87,7.680595011390512,-4.478974114380165,33.147404869325534,-250.7413948268467,252.92290827302222,OPEN-LOOP ROTATING HEADING,4.437062905670939
5.88,7.683618159189707,-4.504109316322322,27.631803959866414,-253.13043936010487,254.6341216740526,OPEN-LOOP ROTATING HEADING,4.449242781976357
5.89,7.686472737953547,-4.52933486138781,29.486036209666327,-252.09845005773622,253.8169711679475,OPEN-LOOP ROTATING HEADING,4.4613769401377
5.9,7.689373276168654,-4.55458774712278,29.200699456367918,-252.47084777879536,254.15390972181555,OPEN-LOOP ROTATING HEADING,4.473640818586374
5.91,7.692128262210568,-4.579929163218103,27.317130185907928,-254.0504050689867,255.51484089443818,OPEN-LOOP ROTATING HEADING,4.485880749972228
5.92,7.694798431341795,-4.60524944545376,26.34525543566499,-253.07168811181157,254.43928904108435,OPEN-LOOP ROTATING HEADING,4.498111238183348
5.93,7.69720782164953,-4.630725860570196,23.573766425528223,-255.85879248840487,256.94249192593657,OPEN-LOOP ROTATING HEADING,4.510239216516766
5.94,7.699685982517995,-4.655992079078234,26.087013464730962,-250.52002515044796,251.87460227837607,OPEN-LOOP ROTATING HEADING,4.522425512669691
5.95,7.7019153741594115,-4.681515236610464,21.538845978537143,-256.9939256222991,257.89493925404383,OPEN-LOOP ROTATING HEADING,4.534561324852629
5.96,7.703893161656826,-4.707218829710706,16.81662604680713,-257.6106033483897,258.15890817308536,OPEN-LOOP ROTATING HEADING,4.546616482692968
5.97,7.705819175891368,-4.732953108134643,21.029512554522853,-257.6358489543395,258.492690544054,OPEN-LOOP ROTATING HEADING,4.558715806070683
5.98,7.707675070334725,-4.758465347768167,17.253736838407164,-253.6958517436073,254.28188418918754,OPEN-LOOP ROTATING HEADING,4.570739902021189
5.99,7.7092555091199,-4.784240644529701,15.468657683203316,-260.45631335737545,260.9152554724148,OPEN-LOOP ROTATING HEADING,4.582697858601945
