time_s,x_m,y_m,z_m,vx_m_s,deck_clearance_cm
0.0,0.07153773074381548,0.0075589530798735784,0.4157286826718891,0.26158489615417985,1.572868267188912
0.01,0.07464304035759659,0.006965936684139728,0.4172338863549729,0.2949656509335439,1.723388635497289
0.02,0.07750101224163694,0.006071272619516094,0.4195551216347679,0.28298985176763614,1.9555121634767887
0.03,0.08030166404325058,0.00527243092425011,0.4227637558944624,0.27787238585377805,2.276375589446242
0.04,0.08301517325193039,0.004795375007256595,0.4265553099597861,0.26479633697793203,2.655530995978608
0.05,0.08556460703735513,0.00478704290610741,0.4306122386584399,0.24591241585503654,3.06122386584399
0.06,0.08788551920222445,0.00533816961369856,0.43466915379319143,0.220435113574894,3.466915379319144
0.07,0.08983719906854354,0.0063605687968810685,0.43840446961312873,0.18005705756736914,3.8404469613128738
0.08,0.0916458607352744,0.0077332724141551306,0.4419275618938375,0.1886821058308637,4.192756189383748
0.09,0.09371025829757552,0.009316122582728063,0.4454459113161365,0.21863709897636904,4.5445911316136485
0.1,0.09603185346373211,0.010952309178732115,0.44873737440118683,0.24094887526848918,4.873737440118683
0.11,0.09852454342946326,0.012495297914612194,0.4515578463198702,0.2553450193608457,5.155784631987023
0.12,0.10114709625365147,0.013774155460782386,0.453757347048981,0.2683659871366692,5.375734704898102
0.13,0.1037939288902146,0.014790000502524546,0.455203797840066,0.2689669202978814,5.5203797840065985
0.14,0.10643487645818696,0.015470822566135993,0.455908662731771,0.26757004787167954,5.590866273177101
0.15,0.10915810948784889,0.016025694950803675,0.4557724182836073,0.27576552189207265,5.577241828360732
0.16,0.11198752149748363,0.016411083120817023,0.45486008482178303,0.28761995921755307,5.4860084821783035
0.17,0.11496909957896542,0.016569981452836988,0.453283870182379,0.30491869668208516,5.3283870182378985
0.18,0.11816674810515403,0.01641098785471654,0.451206863464059,0.3295203835905978,5.120686346405903
0.19,0.12168134922966119,0.015806553037694782,0.448828772795045,0.36542673139659915,4.882877279504502
0.2,0.12562547308888103,0.014600646669166554,0.4463677189829998,0.41335630141487667,4.636771898299982
0.21,0.13011984764307752,0.012669558654725648,0.4440010658811644,0.4717045363548366,4.40010658811644
0.22,0.1349477292838238,0.010393462221404474,0.44130193713944366,0.48808366986393203,4.130193713944366
0.23,0.13959368607789222,0.00753219727192289,0.4382600152573792,0.44650925640561506,3.8260015257379183
0.24,0.1448670973268086,0.004371532751984172,0.43483720359312833,0.578424084321072,3.4837203593128336
0.25,0.1503897003309412,0.0007413831690598932,0.4311115133720941,0.5234013706605236,3.1111513372094084
0.26,0.15626296682965768,-0.0026273987843625866,0.4263200691425357,0.5798499254512518,2.632006914253568
0.27,0.1619445551471227,-0.005908354231963366,0.4206494657306407,0.5650771591213316,2.064946573064072
0.28,0.1674649315308455,-0.008942076317110718,0.4141183099020787,0.5456054816782189,1.4118309902078714
0.29,0.1729166739412799,-0.011398895008838766,0.40726657270809563,0.5487077191958956,0.7266572708095637
0.3,0.1786562277748905,-0.013085619047061509,0.40142873150767316,0.5890215808260185,0.142873150767317
0.31,0.18452005956560996,-0.01371978752742187,0.39760412362190234,0.5810962980117519,-0.23958763780976555
0.32,0.19117887541433456,-0.013420908278981344,0.3956223564730978,0.717719929359973,-0.4377643526902203
0.33,0.19844860602166473,-0.011649232898533228,0.39564976893809367,0.7276725787191782,-0.43502310619063234
0.34,0.20640628405826322,-0.008705979525129578,0.39746894521662285,0.7916389486848725,-0.2531054783377146
0.35000000000000003,0.21530082634597766,-0.004210761085270329,0.4005139166654307,0.9541284926724438,0.05139166654306859
0.36,0.22478755019977767,0.0016805204276784341,0.40593219689365784,0.9034187484377603,0.5932196893657843
0.37,0.23397609631875482,0.0080643348354543,0.41242623593061445,0.8903242792229775,1.2426235930614453
0.38,0.2434403976314603,0.013984865036986843,0.4207710583006362,0.987117016306735,2.077105830063622
0.39,0.25394816018868743,0.018976427159486147,0.4309790735346556,1.0792872618112561,3.0979073534655592
0.4,0.2647894598801774,0.023827757647742934,0.4408603277487239,1.0786135436745568,4.0860327748723915
0.41000000000000003,0.2755856983671795,0.02882938066454042,0.4495282390950004,1.0739412449070374,4.95282390950004
0.42,0.28637035111393305,0.033868271777360834,0.4571188146301538,1.0732460211669472,5.711881463015381
0.43,0.2971321889161157,0.03892036560695512,0.4637004957013002,1.0712415353533524,6.370049570130018
0.44,0.30772350152802996,0.04402704811900485,0.4693322704033307,1.0577306428600621,6.933227040333071
0.45,0.3177622878351365,0.04951335899563087,0.4742814445690252,0.9840478539486587,7.428144456902522
0.46,0.3280551399595785,0.05466889655496169,0.4781180068258558,1.0588681913001707,7.811800682585582
0.47000000000000003,0.3383223891810754,0.05978356980986576,0.4809159155656664,1.0450878112589113,8.091591556566637
0.48,0.3486546483968471,0.06489975877404344,0.48263903678397546,1.034715783053731,8.263903678397547
0.49,0.3589228692848762,0.07003537619930589,0.4833320209743066,1.030364262883819,8.33320209743066
0.5,0.36925975643566,0.07516540754570632,0.4829862964593895,1.0356161095308019,8.298629645938952
0.51,0.37963520443020643,0.08028258152440741,0.4816375901896309,1.0392050467585576,8.163759018963093
0.52,0.39004044881778044,0.08540266251988779,0.47928157761957935,1.0416586438050615,7.9281577619579355
0.53,0.4000055229899984,0.09078249561517002,0.47613475088583207,0.965805405782977,7.613475088583208
0.54,0.4102723147172709,0.09590751667552562,0.47192874848487176,1.0675905396742298,7.192874848487177
0.55,0.4201275407155923,0.10150113920028919,0.46700708417098896,0.9324593762891885,6.700708417098896
0.56,0.43047804902608144,0.10660604630987,0.46080288746008624,1.054935119318474,6.080288746008625
0.5700000000000001,0.44071415856716534,0.11193545978632913,0.4537021002196866,1.0023368079669177,5.370210021968661
0.58,0.45119993595031843,0.11690422925659026,0.4454643567236845,1.0415169592337628,4.546435672368451
0.59,0.4615059057281828,0.12152036989658989,0.436874232132814,1.0208913668619253,3.6874232132814018
0.6,0.47192377432919574,0.12523759431762294,0.429035930039156,1.0593204569510934,2.903593003915603
0.61,0.4830429038377441,0.12752320859126026,0.42260589165507845,1.1475958018013703,2.260589165507845
0.62,0.4944617623650729,0.12867179339712154,0.417765488514045,1.1556311728732684,1.7765488514044998
0.63,0.5070982812606447,0.12777912894009252,0.4142620087613817,1.323951933279173,1.4262008761381701
0.64,0.5202591544180457,0.1246456109954916,0.41322520698655213,1.3049750258090091,1.3225206986552136
0.65,0.533397245787706,0.11985454798676655,0.41512556849966026,1.2681407185936389,1.5125568499660265
0.66,0.5471873959665043,0.11374321815538335,0.4190290025445487,1.4455290444836055,1.902900254454873
0.67,0.5611799254385982,0.10692980255162603,0.4238188654511408,1.3901248555763148,2.3818865451140785
0.68,0.575527789507688,0.09985543418547792,0.42766211647409397,1.4276388584993078,2.7662116474093974
0.6900000000000001,0.5899125188019404,0.09292824036758826,0.4314496300295245,1.4204663848113706,3.1449630029524527
0.7000000000000001,0.6043711902914713,0.08544420810914277,0.4347027568312385,1.4501026976239488,3.4702756831238495
0.71,0.6189978386833309,0.07826291740048841,0.4369483745925883,1.4728744560606857,3.694837459258829
0.72,0.6338274892320293,0.07068197747843091,0.4380169806584186,1.4437317208248885,3.8016980658418604
0.73,0.6489071971595176,0.06330654792806716,0.4379508345047774,1.498882580137163,3.7950834504777404
0.74,0.663623699073659,0.05628546429283988,0.43713919885804275,1.4502784550119976,3.713919885804276
0.75,0.6780453657812585,0.04880162135245979,0.43542339033371763,1.4308622496008936,3.5423390333717637
0.76,0.6924258577395538,0.041716858665978476,0.43285789509390576,1.460407723803981,3.285789509390577
0.77,0.7070853843128652,0.03432475793328376,0.4291515317499096,1.4674563736252744,2.9151531749909614
0.78,0.7220097596133475,0.027262098261130074,0.42437208422369876,1.451095092431888,2.437208422369877
0.79,0.7372057144305196,0.019979744962847292,0.41855146690266853,1.5120094013039393,1.8551466902668539
0.8,0.7523671356874716,0.012637686019378034,0.4121916918991081,1.5099047546372206,1.2191691899108097
0.81,0.7671064497570803,0.005821159820572618,0.4062771576094441,1.451474404136325,0.6277157609444112
0.8200000000000001,0.781771095398249,-0.0003716598082372203,0.40088895050761925,1.4675582499096929,0.08889505076192517
0.8300000000000001,0.7960628175733101,-0.0053495782988898875,0.39556553299142433,1.3752108186769112,-0.44344670085756654
0.84,0.8093642238626321,-0.010313696818487284,0.3885624352447684,1.2660657646396423,-1.1437564755231584
0.85,0.8203094066119382,-0.01439169923708142,0.3808292452632746,0.9288441849654607,-1.9170754736725386
0.86,0.8289148541181363,-0.016956071143936238,0.37496873705702716,0.7971709399659647,-2.503126294297284
0.87,0.8350227062292551,-0.01710863025397309,0.3729939141841168,0.4682927278084199,-2.700608581588318
0.88,0.8385694164094684,-0.013829666452792594,0.3742384427454899,0.2583797499138304,-2.57615572545101
0.89,0.8403868355173536,-0.008117178052270186,0.3782606262322049,0.1335018335953055,-2.1739373767795085
0.9,0.8412621954165969,-0.0010439632319625388,0.3845796986839332,0.05884552438580951,-1.542030131606678
0.91,0.8414437829968087,0.005921705339815727,0.39230138798005704,-0.011721910203034255,-0.7698612019942958
0.92,0.8408197040528991,0.011490978609205792,0.40001039360011154,-0.09746861360369333,0.0010393600111541224
0.93,0.8393547800118515,0.014968790718297733,0.40691852229315895,-0.18083618887778433,0.6918522293158952
0.9400000000000001,0.8370045833088748,0.016276097824166724,0.4126940672174498,-0.2665898383237768,1.2694067217449785
0.9500000000000001,0.8338704904169694,0.015448947302562879,0.41737668031653063,-0.3362178315460758,1.737668031653064
0.96,0.8304701125469862,0.012752742333993972,0.42126496852186596,-0.32867646210032125,2.1264968521865963
0.97,0.8274479566603594,0.009129587647440532,0.42517415232509964,-0.29027133757105095,2.517415232509965
0.98,0.8246999167772459,0.005606732611071836,0.42870752152783614,-0.2613567603539921,2.870752152783615
0.99,0.8221736335613917,0.002330916459906427,0.4319147938114434,-0.24294585460416204,3.191479381144338
1.0,0.8202101230200989,-0.00032767700728508563,0.4346626547096921,-0.16197345109690084,3.4662654709692124
1.01,0.8183172724175324,-0.0031360674239348115,0.4370473471216374,-0.20996630320795823,3.70473471216374
1.02,0.8166609131975063,-0.00597607952521989,0.4386080030143245,-0.13638080716180884,3.8608003014324517
1.03,0.8147758248649273,-0.009122390129675681,0.43935752173063475,-0.18258893814191812,3.9357521730634755
1.04,0.8126812100974493,-0.012023917715666993,0.43912566487238025,-0.22748362194883487,3.9125664872380255
1.05,0.8111664533603333,-0.013990026241843848,0.43790745542117365,-0.1440933607942126,3.790745542117366
1.06,0.80994233167961,-0.01551051724534007,0.4363935997108686,-0.10546098641908956,3.6393599710868614
1.07,0.8092050234473878,-0.016423256821735524,0.43474150585457894,-0.0512317754003961,3.474150585457894
1.08,0.8090639645790964,-0.016625240510706418,0.4331152049362928,0.010755227267188854,3.3115204936292804
1.09,0.8095505190219652,-0.016062761406846263,0.4316095212778782,0.07308623593486571,3.160952127787822
1.1,0.8106269863837346,-0.014725074156884555,0.430234541793862,0.12887610137030978,3.0234541793862006
1.11,0.8118399769950864,-0.013102252512623544,0.4289899371811036,0.10712206374038591,2.8989937181103627
1.12,0.8134650200968104,-0.010948216749760875,0.4271137299800679,0.19803983401286107,2.7113729980067918
1.1300000000000001,0.815459169755267,-0.008609575059267922,0.425006383458156,0.21966520759447772,2.5006383458156005
1.1400000000000001,0.8179676486655518,-0.006416374316865758,0.42308568160042725,0.27047831772543673,2.308568160042726
1.1500000000000001,0.821021873343194,-0.004785949243301002,0.42163704834581434,0.3243223133865795,2.1637048345814343
1.16,0.8246025480040761,-0.0042485992010266,0.4206935301053003,0.3772486344854725,2.069353010530031
1.17,0.8285955926209296,-0.005004297173348413,0.4199788916196793,0.4101978676058199,1.9978891619679278
1.18,0.8328853935002714,-0.006667214409872839,0.41935317731804383,0.4412873967193606,1.9353177318043842
1.19,0.83747508876076,-0.008797559013261617,0.41870199822772747,0.4691159729976872,1.8701998227727472
1.2,0.8421993600347764,-0.011071895991031732,0.4173714683079935,0.47136135777440036,1.7371468307993494
1.21,0.846913589722052,-0.01350195893401403,0.41509515856554874,0.4673242092607243,1.5095158565548745
1.22,0.8515798930092184,-0.016143646449529408,0.41255155405834315,0.46431133623728427,1.2551554058343157
1.23,0.8562596895339438,-0.018755038851716657,0.41022968973047974,0.46828331462506817,1.0229689730479747
1.24,0.8606212458599749,-0.02064175494312887,0.4085110204609337,0.41180182017738987,0.8511020460933688
1.25,0.8651521570126767,-0.021971653276256553,0.4073474906580141,0.47861406360853126,0.7347490658014127
1.26,0.8696693686964451,-0.022185913442993505,0.4069446812956942,0.46136393119658115,0.6944681295694227
1.27,0.874257845414121,-0.021058415723917756,0.40740895183332404,0.4551330973136832,0.7408951833324046
1.28,0.878870289623646,-0.018170234629333964,0.4088924768733232,0.4612144690890678,0.8892476873323202
1.29,0.8835063482135364,-0.013417095624753298,0.4112821839480728,0.4605712276706223,1.1282183948072815
1.3,0.8875537165672857,-0.007180216048435349,0.4143131672021933,0.36296211543304374,1.4313167202193307
1.31,0.8914208434459481,0.00027417818424986225,0.41709605297387065,0.3959641650176599,1.709605297387065
1.32,0.8946456279189946,0.007733952881427076,0.4189919125754438,0.3105584526396016,1.8991912575443832
1.33,0.8973933129494656,0.01444918390332493,0.4198627747232558,0.2533481471644678,1.986277472325579
1.34,0.8999368515885179,0.019481338420114666,0.4197966311246092,0.2573944811007506,1.9796631124609192
1.35,0.9018519767544432,0.023102703255376066,0.41922678570826083,0.152106327371824,1.9226785708260836
1.36,0.9034064810274733,0.025063759924608058,0.418241837311096,0.16721014006783444,1.8241837311095992
1.37,0.9045454075555857,0.025878773163200065,0.4175065556127029,0.11514242031597188,1.7506555612702894
1.3800000000000001,0.9056434284674754,0.025485967210883996,0.41709298667307637,0.1077829247618525,1.7092986673076376
1.3900000000000001,0.9067261350733735,0.024213433205539637,0.41716342219061037,0.10780812147772997,1.7163422190610373
1.4000000000000001,0.9078475096260583,0.022352481658946814,0.41783831387451326,0.1125943915602517,1.7838313874513263
1.41,0.9090506402557677,0.020182863211773528,0.41918388229082904,0.12184189533908146,1.918388229082904
1.42,0.9103677941864292,0.017978353842586853,0.4211747796844101,0.13406317559305153,2.1174779684410088
1.43,0.9115019301792588,0.01562380575710586,0.42389488207402476,0.09509934183884661,2.3894882074024766
1.44,0.9131236578327215,0.013853429801164266,0.42707677879751,0.22602053053422333,2.707677879751
1.45,0.9154971214992325,0.012585452544980804,0.43103623170794064,0.27750118471368723,3.103623170794065
1.46,0.9184645732256468,0.011909780093535691,0.43484515478721103,0.3004759186025,3.4845154787211037
1.47,0.9214603155603642,0.011226372190416757,0.43783684221653785,0.2978563621973943,3.783684221653785
1.48,0.9244493633993086,0.010534591187592757,0.43985786345995576,0.298589005142501,3.9857863459955762
1.49,0.9274404308538023,0.009889899390407604,0.44090684766467564,0.29889522428123155,4.0906847664675645
1.5,0.9304327678684048,0.009248041330254224,0.4409674952075961,0.298988870721774,4.09674952075961
1.51,0.9333758851815186,0.008673695564350667,0.44015154485560937,0.2910766873576769,4.015154485560937
1.52,0.9362597835084842,0.00818480078381935,0.43850805831213385,0.286433531933003,3.850805831213386
1.53,0.9391233673536901,0.00774139196363139,0.4360169300874205,0.28579197117222505,3.601693008742049
1.54,0.9415820625974238,0.007800970073381474,0.43291576844886354,0.21803588135486013,3.2915768448863543
1.55,0.9444202939501262,0.008094515598970264,0.42914451065456055,0.32802780561324574,2.914451065456056
1.56,0.9470433144958167,0.009531806896615584,0.425165332954596,0.21693558965689755,2.5165332954596025
1.57,0.9503151679904431,0.010488133289452172,0.42010361900602294,0.34276519075104794,2.010361900602295
1.58,0.9536671716197718,0.010842424333617177,0.41425650089798066,0.3458257536543136,1.4256500897980668
1.59,0.957276752785459,0.010879884270836006,0.40827821068562603,0.37390625224081653,0.8278210685626036
1.6,0.9613188130325985,0.010762110194948386,0.40292546067636553,0.42062394073019294,0.2925460676365538
1.61,0.9658451448441586,0.01042045031720628,0.39897331904986244,0.4710151564998042,-0.1026680950137554
1.62,0.970982500448912,0.009518512717326445,0.39688247670885024,0.5397555392242984,-0.3117523291149754
1.6300000000000001,0.9768553821918995,0.007693527967814057,0.3967668637246114,0.6120925356178991,-0.32331362753885984
1.6400000000000001,0.9832126105657225,0.004810849188802136,0.39850198430962364,0.6449415058699303,-0.14980156903763586
1.6500000000000001,0.9896599836589042,0.0010301592138620894,0.4016627496561236,0.6384960651459812,0.1662749656123591
1.6600000000000001,0.9957853020699505,-0.003349356058187929,0.40552362465821323,0.5901005017677801,0.5523624658213239
1.67,1.0012225729618272,-0.007976578523843496,0.4093695447530113,0.5089231987679227,0.93695447530113
1.68,1.0057972650222649,-0.012510811727573713,0.41278233903827594,0.43149211174353713,1.2782339038275943
1.69,1.0097591335408413,-0.01662867135415554,0.415963110402782,0.36973489822639466,1.5963110402782004
1.7,1.0130008686292027,-0.02004926211121424,0.4185968083930263,0.2927379488874136,1.8596808393026327
1.71,1.015449889830396,-0.022579314584213063,0.42039681202248674,0.21323238513701642,2.039681202248675
1.72,1.0170463569354473,-0.024263513769752724,0.4212098971935923,0.12530707523268136,2.1209897193592315
1.73,1.0177797088099991,-0.025245662972280244,0.42109708517207967,0.04108371687524721,2.109708517207967
1.74,1.01776816008925,-0.02566156632395266,0.4203622624197916,-0.026113319295306497,2.036226241979158
1.75,1.0172147596894756,-0.025658677674726918,0.4194237070928688,-0.07217698050116761,1.9423707092868807
1.76,1.0163161086886041,-0.025365959328484195,0.4186558995422038,-0.09982739264076423,1.8655899542203787
1.77,1.0152226150350452,-0.02487683247763118,0.4183023810003547,-0.11456856388349367,1.8302381000354724
1.78,1.014036227285391,-0.024253524398968294,0.41846885912931686,-0.12076220714019792,1.8468859129316866
1.79,1.0128197390224964,-0.023538673864695808,0.41914337173167343,-0.12198690273950905,1.9143371731673438
1.8,1.0116045205837378,-0.022757815625742486,0.4202283844394347,-0.12114608657989319,2.022838443943473
1.81,1.0104050946328218,-0.02192670852103434,0.4215772907298566,-0.11907488684996868,2.1577290729856617
1.82,1.0092314883711835,-0.02106427825289076,0.4230324723622621,-0.1161052514501882,2.303247236226211
1.83,1.0080943818339865,-0.020196133911323876,0.42444602650075025,-0.11193068296726863,2.4446026500750255
1.84,1.00700879220068,-0.019354903969341974,0.42570211026938143,-0.10607612949491488,2.5702110269381433
1.85,1.0059939165158562,-0.018571622708767426,0.42672656095932265,-0.09810537612799172,2.672656095932266
1.86,1.005073397411176,-0.01787800958617476,0.4274808961681091,-0.08764965347759641,2.748089616810909
1.87,1.0042738164671268,-0.017305600734118846,0.4279596014447465,-0.07449341193871109,2.795960144474649
1.8800000000000001,1.0036207778400308,-0.016879215264346666,0.4281842451406874,-0.058919931654599855,2.818424514068743
1.8900000000000001,1.0031328324037694,-0.01661576668088172,0.428189872335854,-0.04187898705204492,2.818987233585399
1.9000000000000001,1.0028201337542348,-0.016525626988757616,0.42802259885364524,-0.02410462385986414,2.8022598853645246
1.9100000000000001,1.0026849143459946,-0.016608727917412726,0.42772784117678886,-0.0064825866745896535,2.7727841176788863
1.92,1.0027207962579998,-0.016854726019577174,0.42734591307315006,0.01020983519446967,2.7345913073150068
1.93,1.0029129133679198,-0.0172559512423441,0.4269247323400401,0.025053006307586008,2.6924732340040087
1.94,1.003239314638242,-0.01778882519362769,0.4264862618561977,0.03752219463921653,2.648626185619771
1.95,1.0036741419646549,-0.01842297058871641,0.4260426129350233,0.047291187837421506,2.604261293502333
1.96,1.0041896562904562,-0.01912623565957434,0.42560406755454566,0.054252933155544254,2.560406755454567
1.97,1.004758163825264,-0.0198664136940976,0.42518076676983524,0.058479332806571,2.5180766769835246
1.98,1.0053533692567984,-0.020613807634107164,0.4247794610300632,0.06016809749278972,2.4779461030063206
1.99,1.005952299259732,-0.02134039245295913,0.4244082947077619,0.05970584224578627,2.440829470776193
2.0,1.0065362334485952,-0.022020186749702474,0.4240778821420998,0.05755029825683496,2.40778821420998
2.0100000000000002,1.0070909681385902,-0.022630015563397814,0.4237998446975733,0.05414529929447647,2.379984469757332
2.02,1.0076069532299188,-0.02315098187077135,0.42358458127825,0.04996682236106873,2.358458127825
2.0300000000000002,1.0080792055157064,-0.023568416901566618,0.4234411720581192,0.04545551335143678,2.3441172058119215
2.04,1.008506825267721,-0.023871842705112237,0.42337752883299135,0.04101939128762375,2.337752883299135
2.05,1.0088936900702818,-0.024054830720820698,0.4234007588406549,0.037140673671067576,2.340075884065493
2.06,1.0092468905615164,-0.024113805702505556,0.423515752362299,0.034035608220601005,2.3515752362298996
2.07,1.0095736651261107,-0.024049202600006876,0.42372119608098896,0.03165858380829198,2.3721196080988967
2.08,1.0098845489220587,-0.02386234236578218,0.42401491312798084,0.030513120647136172,2.401491312798085
2.09,1.0101922710347033,-0.023555252820337085,0.4243935147377988,0.030649648935921522,2.43935147377988
2.1,1.0105103061051883,-0.023132362066263953,0.4248529014297824,0.03216472919084859,2.4852901429782386
2.11,1.0108520002637904,-0.022601650653476964,0.42538844790454106,0.034983457055974845,2.5388447904541063
2.12,1.0112296034272623,-0.021974001267441343,0.4259919681868181,0.038977313100796544,2.599196818681812
2.13,1.0116538485652797,-0.021263158965635756,0.42665129905729615,0.043982587532842496,2.6651299057296156
2.14,1.0121337671733905,-0.020486123795650884,0.4273510233579492,0.049827019748473984,2.735102335794923
2.15,1.0126765819851196,-0.01966329999342301,0.4280734709652386,0.056327126983197015,2.8073470965238627
2.16,1.0132875808900506,-0.018818512144372523,0.4287997457356221,0.0632855829565853,2.8799745735622078
2.17,1.0139485330163276,-0.018003110825572797,0.42947747720290463,0.06714146541996348,2.947747720290464
2.18,1.0146278431994553,-0.017292101809932937,0.4300399526966855,0.06785216991812175,3.0039952696685495
2.19,1.015303786200502,-0.016754950192890906,0.43045036220752836,0.06695957053081014,3.0450362207528365
2.2,1.015966390491324,-0.016448075274843803,0.43069917137021685,0.06545395449943692,3.0699171370216853
2.21,1.0166137449464867,-0.016408762874496642,0.4307990049953616,0.0640257307617186,3.0799004995361616
2.22,1.0172484169262561,-0.016650531500259674,0.43078266135100896,0.06269165713536616,3.078266135100896
2.23,1.0178666844254936,-0.01717313586535808,0.4306958221266956,0.06101363409646805,3.069582212669561
2.24,1.0184680702406324,-0.01794302582688975,0.4305643745674686,0.059331827197494316,3.0564374567468606
2.25,1.0190482206415237,-0.01890685164899328,0.4304079758600709,0.05712510033990442,3.040797586007091
2.2600000000000002,1.0196073000889119,-0.019996946447478778,0.43024494920315404,0.054948353528290673,3.024494920315404
2.27,1.0201420691553291,-0.02113879132863666,0.43008905382785845,0.052377113171494044,3.008905382785845
2.2800000000000002,1.0206101778074959,-0.0222992074273249,0.4298924673777141,0.04346633540411302,2.989246737771409
2.29,1.0209636021399529,-0.023476181554089773,0.42959807329721617,0.030658396865602348,2.959807329721617
2.3000000000000003,1.0211671517542302,-0.02462049805132472,0.42921627306012294,0.015089702993413778,2.921627306012295
2.31,1.0212228075010636,-0.025787882912339317,0.4287371040153208,0.00041391205473185685,2.8737104015320787
2.32,1.0211326698967436,-0.02697923432754945,0.42818864813314067,-0.014002215164596656,2.8188648133140677
2.33,1.0208991481015852,-0.028195704543969507,0.4275992336006723,-0.028208323195832073,2.7599233600672317
2.34,1.0205224151026637,-0.029425099816663774,0.42698983840452687,-0.04246601484085266,2.698983840452687
2.35,1.0200162585623391,-0.030625897291898192,0.4263999421678355,-0.055189120315271095,2.6399942167835504
2.36,1.0193847327584733,-0.031804049882639095,0.42583691161452975,-0.06716304055532674,2.583691161452975
2.37,1.018635904531042,-0.032946034147139765,0.42532849254415495,-0.07846666095679826,2.532849254415495
2.38,1.0177829041630475,-0.03404667509063788,0.4249023689014479,-0.08865134334811081,2.4902368901447898
2.39,1.0168339545139924,-0.03509921160960773,0.42456449039866134,-0.09776453244993316,2.456449039866135
2.4,1.0158046268147105,-0.03609815286749788,0.4243091088718707,-0.1050820583016439,2.430910887187068
2.41,1.014714229950822,-0.03703472430074653,0.42412219394935935,-0.11042394045749408,2.4122193949359354
2.42,1.0135870041607276,-0.03789284802540565,0.4239952934563231,-0.11299157663638827,2.3995293456323092
2.43,1.012204798560157,-0.03856563668099753,0.4236752818533793,-0.16015575812854235,2.367528185337933
2.44,1.010363931775843,-0.03895354016769815,0.4229591868598261,-0.19622011212093549,2.2959186859826093
2.45,1.0082940734349903,-0.03909425028783632,0.4221492588030228,-0.21112812222124283,2.214925880302279
2.46,1.0061806711068584,-0.038996439483198614,0.4214854046935505,-0.20935103764888044,2.148540469355051
2.47,1.004164697467183,-0.03864769865055203,0.42114242459844686,-0.1950590296337912,2.1142424598446867
2.48,1.0023491540004064,-0.03802712239855489,0.4212237113183803,-0.17189447397398927,2.1223711318380327
2.49,1.0008006889816001,-0.037108840677819326,0.4217674189802514,-0.14353193033854997,2.176741898025139
2.5,0.9995556738477747,-0.03586393255685286,0.4227539257362734,-0.1123138239508398,2.2753925736273413
2.5100000000000002,0.9986339394234602,-0.03426986790225795,0.42412259287203596,-0.07969981781621714,2.412259287203597
2.52,0.9980419134351035,-0.03231407891338005,0.4257777005587203,-0.046843592847178706,2.577770055872028
2.5300000000000002,0.9977799464549542,-0.029992661239448208,0.4276030126218549,-0.013935325864421241,2.760301262185491
2.54,0.9978590974242519,-0.02733658903198539,0.4294860812235519,0.021350318490683272,2.9486081223551923
2.5500000000000003,0.9983416238749123,-0.024347962986332,0.4313195971853083,0.06400786780866294,3.1319597185308328
2.56,0.9992854926116075,-0.020885447016174875,0.433105918755613,0.11158551751981521,3.3105918755613
2.57,1.0007472114799887,-0.01694731491680878,0.43498145362779905,0.16593525868386427,3.4981453627799057
2.58,1.0027760994641195,-0.012613014181818637,0.43713250088048966,0.22328366858188395,3.7132500880489667
2.59,1.0053606997675948,-0.008055754757914506,0.43956654399915596,0.2736647792164763,3.956654399915596
2.6,1.0083175963023636,-0.0035715227987578057,0.4421285220169069,0.3032409055576472,4.21285220169069
2.61,1.0114014587628992,0.0006729817674784076,0.44444793808723737,0.3056906244407001,4.4447938087237375
2.62,1.014334673045748,0.004632742653300596,0.44609784180685025,0.28425211678781087,4.6097841806850255
2.63,1.016990663477625,0.008264603388498415,0.4468136818693801,0.2553775533774299,4.681368186938009
2.64,1.0193945861275022,0.011469567577331306,0.4465820091055273,0.24137472605586197,4.658200910552732
2.65,1.0218083698328222,0.01412194150036183,0.4457801711634506,0.2470246596854379,4.57801711634506
2.66,1.0243440658949419,0.016196232287608334,0.44439325886406517,0.25901693894196015,4.439325886406517
2.67,1.0270423929970351,0.01773347018830623,0.4424460566754976,0.2776382903641795,4.2446056675497585
2.68,1.0296036769619148,0.018490878328292572,0.4401726464884686,0.24177202637620326,4.017264648846861
2.69,1.032665452232152,0.019036045815487186,0.437351111908035,0.348487446884618,3.7351111908035
2.7,1.0358594993633048,0.019277348575978813,0.43419525381760554,0.30524901976953,3.419525381760555
2.71,1.0396318393371204,0.019345596178552287,0.4305615827115061,0.38324596605653877,3.056158271150608
2.72,1.0435875278001234,0.018754737291163948,0.4267627870044652,0.4030499600033243,2.676278700446519
2.73,1.04771496037084,0.01741412571809079,0.42284919305933455,0.41819389733352186,2.2849193059334554
2.74,1.0516050465032993,0.015490890556156146,0.4190887439363962,0.36707375981689594,1.908874393639623
2.75,1.0558589481770606,0.012662688803429979,0.41526184484594963,0.4629572276394901,1.526184484594964
2.7600000000000002,1.0601212160498392,0.009127430631200285,0.4116585586973205,0.40248045563126744,1.1658558697320491
2.77,1.0648953917455553,0.004652436761915267,0.4082767223387458,0.48148919934404694,0.8276722338745796
2.7800000000000002,1.0698878003440797,-0.0006069952571806422,0.40551009736585203,0.5125354880516393,0.5510097365852035
2.79,1.0752538440943373,-0.0065639437986876195,0.4035283583137926,0.55455245318826,0.35283583137925845
2.8000000000000003,1.0810863878812942,-0.012709145556719807,0.40246725570862424,0.6026646078431195,0.24672557086242441
2.81,1.0873654553547611,-0.01878019652274054,0.40202761374038815,0.6427489478980096,0.2027613740388151
2.82,1.0939689195104698,-0.024612081086971653,0.4019751680442563,0.6683073787872407,0.19751680442563202
2.83,1.1007062159856635,-0.030081196821726414,0.402060839586018,0.6733765580942024,0.20608395860180206
2.84,1.1072949826259755,-0.034907129870754706,0.4021540770740769,0.6436314609748123,0.21540770740769155
2.85,1.1131344717602651,-0.038661206626410816,0.4025525881496356,0.548144665577549,0.2552588149635632
2.86,1.1177866025433734,-0.041018186916348176,0.40372577463332354,0.41437663741121666,0.37257746333235475
2.87,1.1208764891746874,-0.041938202108907446,0.40519094404568645,0.24541142494378268,0.5190944045686458
2.88,1.1225840076503675,-0.0412940365982881,0.40802751011315236,0.16094822233579595,0.8027510113152364
2.89,1.1249043098592943,-0.03975002245061746,0.41408866619677487,0.27924329367809964,1.4088666196774873
2.9,1.128088470204912,-0.037744298628687514,0.4216270665025418,0.34384943407715884,2.1627066502541785
2.91,1.1317711661572076,-0.03526426011402371,0.42955676226030554,0.3881850560699617,2.9556762260305542
2.92,1.1355389321286364,-0.03265472942571724,0.4380115905089511,0.36402525560376603,3.8011590508951114
2.93,1.1398256535144928,-0.030490536115285738,0.44612214238661113,0.4683054027984491,4.612214238661114
2.94,1.1441570246258117,-0.02841206480910511,0.4533730054163044,0.4533995299914135,5.337300541630438
2.95,1.1486780612961982,-0.026497264432365858,0.45958553325204504,0.451295624957401,5.958553325204504
2.96,1.153214251784675,-0.024587208259488937,0.46482007035666767,0.4536082407062024,6.482007035666768
2.97,1.1577732718926295,-0.022687473845014575,0.4690695359825725,0.4556366162196021,6.906953598257251
2.98,1.1623503750820097,-0.020793831860451584,0.4723334386659659,0.45718151550212494,7.23334386659659
2.99,1.1669418822887303,-0.018903347896743534,0.47461211897802597,0.45840011363621624,7.461211897802597
3.0,1.1715190081604563,-0.017007710438663143,0.4759131767394194,0.45734087996199996,7.5913176739419415
3.0100000000000002,1.1760843954062048,-0.015107157204599595,0.47623770944124444,0.4563152258560382,7.623770944124445
3.02,1.1802524415692113,-0.013055340175141053,0.4758066514453737,0.37912201627457676,7.580665144537371
3.0300000000000002,1.1847588616793345,-0.011077741884850731,0.4742724528872164,0.4928187088044256,7.427245288721643
3.04,1.1894091675549956,-0.009121790590143598,0.47169809490715014,0.4708236926744492,7.169809490715015
3.0500000000000003,1.1941370612317344,-0.007173815160626867,0.46810531489445095,0.4694191306374155,6.810531489445096
3.06,1.1988463569281518,-0.005193822195489475,0.4635307400904072,0.4682115680308074,6.353074009040719
3.0700000000000003,1.2035478758174798,-0.0032141725947312716,0.45795663812202086,0.46755542801727895,5.795663812202087
3.08,1.2082400140997245,-0.0012315390942317906,0.4513942808846484,0.4648138107045949,5.13942808846484
3.09,1.2128373925472773,0.0007172874636342716,0.4442541426333979,0.45671275298119773,4.425414263339792
3.1,1.2175303793309273,0.002297934334527195,0.4371769039287929,0.47820887194851014,3.717690392879289
3.11,1.2226761275918354,0.0030435955204464737,0.4307888252287107,0.5383943171908342,3.078882522871071
3.12,1.2286439767569384,0.002459955840638941,0.42569517047213307,0.6333815221748239,2.5695170472133073
3.13,1.2355135899103866,0.00039208392810197103,0.4218594667265736,0.7199392715604996,2.18594667265736
3.14,1.2431842819291403,-0.0030891753235587995,0.41900723651392474,0.7981163361801114,1.9007236513924748
3.15,1.2504920296724098,-0.0074238594246967314,0.41693662150643457,0.6727679371381118,1.6936621506434575
3.16,1.2581367087608981,-0.01149551027810498,0.4142528527851242,0.8180335862861574,1.42528527851242
3.17,1.2659058854515945,-0.016062789802977227,0.41147003659793,0.7319767919837361,1.1470036597930027
3.18,1.274928075622886,-0.020209530094606458,0.40946350021010736,0.928117611851819,0.9463500210107362
3.19,1.2850437513421413,-0.02367262661553871,0.41005298993140055,1.0653536809385642,1.0052989931400553
3.2,1.2967188911333394,-0.02640883337645487,0.4138633742004252,1.2328149561271715,1.3863374200425187
3.21,1.3094643238183252,-0.02847283502624739,0.420580672851197,1.2894251487281823,2.0580672851196997
3.22,1.3231409787053539,-0.02995614812305632,0.42773795239480966,1.4181179833068325,2.773795239480967
3.23,1.3373376203444898,-0.030519633928994972,0.4338786805986124,1.406952028159942,3.3878680598612405
3.24,1.3520788089496658,-0.030829658992714518,0.43876349946328497,1.4718142614876009,3.876349946328497
3.25,1.3660746749686699,-0.03095688053058096,0.44307531039243664,1.3507585940896178,4.307531039243664
3.2600000000000002,1.380603794634036,-0.031018266854275778,0.4461721327591278,1.5179097231456449,4.617213275912782
3.27,1.3946186398164122,-0.03114730957284262,0.44856654165037463,1.3432428443713622,4.8566541650374635
3.2800000000000002,1.4094770252811115,-0.03117024337517007,0.4500367609192834,1.529512874320328,5.003676091928341
3.29,1.4243018330396398,-0.03120292686119113,0.45085156260272474,1.4480070886520422,5.085156260272475
3.3000000000000003,1.4394625592751704,-0.03146926490745195,0.4504571760438788,1.50662841040172,5.045717604387881
3.31,1.4545165680717755,-0.03167315653356425,0.4491124359638995,1.5039250080483781,4.91124359638995
3.3200000000000003,1.4695306068275165,-0.031827817087565664,0.4467724506217543,1.5007096814475946,4.677245062175431
3.33,1.4842569936546188,-0.03146911162302455,0.4436941389306847,1.4521398010748539,4.369413893068471
3.34,1.4989705738962662,-0.03143922041600224,0.4403621179036728,1.449613487117799,4.036211790367281
3.35,1.5140900901789716,-0.03150476298520908,0.4377115700009386,1.5483476853857006,3.7711570000938583
3.36,1.5303699692234098,-0.030491544969827058,0.4361396011680154,1.6753707973518817,3.6139601168015427
3.37,1.5477475910711138,-0.02905217178565446,0.4350012777797237,1.7183520240938321,3.50012777797237
3.38,1.5655372315573701,-0.027140234017558572,0.43307415558107765,1.7689048704863461,3.307415558107765
3.39,1.582946710526742,-0.02566814868802749,0.43036693761106815,1.7204561158741074,3.036693761106815
3.4,1.6005306948371623,-0.02325466414862609,0.4272830754224555,1.773839944476523,2.7283075422455534
3.41,1.617808550595238,-0.019530416605224348,0.42599883016277995,1.7138546941870003,2.5998830162779956
3.42,1.6364903228242225,-0.015091126066481046,0.4255537862701564,1.9549025538845712,2.555378627015639
3.43,1.655234638158589,-0.010867299786602719,0.4250384874815422,1.8189638835987316,2.503848748154222
3.44,1.6746559065411641,-0.006835475987074891,0.42335928334875395,1.9252058416807476,2.335928334875395
3.45,1.6932292499250214,-0.0034879290654496117,0.42126972826964454,1.8107453252714114,2.1269728269644546
3.46,1.7118440222178843,0.0005163400890942802,0.4181774063105982,1.8828587485027988,1.8177406310598192
3.47,1.7308702237888987,0.004955192098004327,0.4149154265637276,1.9357087786707146,1.49154265637276
3.48,1.7509438058294382,0.009933529391242427,0.41224179134086414,2.048929523142991,1.2241791340864143
3.49,1.77168708522939,0.014760796265991388,0.4097684468806046,2.074255885762407,0.9768446880604603
3.5,1.7917178577297377,0.0195097785492825,0.4070370234605386,1.9488759925789028,0.7037023460538611
3.5100000000000002,1.811715023847352,0.02440513036305702,0.4033487700944548,2.0317461527710723,0.3348770094454806
3.52,1.8318338621329011,0.029410865379203226,0.3986207637123583,1.998094882529806,-0.1379236287641722
3.5300000000000002,1.8519951536045745,0.034206116179060206,0.3930063017328038,1.9485716657361543,-0.6993698267196174
3.54,1.8709553897531483,0.03528403211242542,0.38809884679559487,1.8065414646406268,-1.1901153204405128
3.5500000000000003,1.8883856982788183,0.031120032195346512,0.38459808000327295,1.6815698290257437,-1.5401919996727047
3.56,1.9047288489113994,0.02245315282494097,0.38271681862952484,1.6542809069262998,-1.7283181370475158
3.5700000000000003,1.9216028962627518,0.010119933575109787,0.3839450162417258,1.707945701236377,-1.6054983758274215
3.58,1.9392333790674896,-0.0022962596466349658,0.38566469010125354,1.7362831296793204,-1.4335309898746456
3.59,1.9564870769555298,-0.013917660772588256,0.3859435347882587,1.6749328439255773,-1.4056465211741282
3.6,1.9734391084168776,-0.024936162364565063,0.38501564833784213,1.6703409350489795,-1.4984351662157862
3.61,1.9899107071454312,-0.03491840096594495,0.3842485366857708,1.6371863967604752,-1.575146331422919
3.62,2.0057841680373176,-0.04286831786301464,0.38468361235490467,1.5736428228938872,-1.5316387645095326
3.63,2.0225565852554706,-0.0482762044529778,0.38946908780899087,1.7726595323675507,-1.0530912191009127
3.64,2.0413285235702014,-0.05151974305764184,0.39858912583483136,1.924697766409295,-0.14108741651686352
3.65,2.0613198146205653,-0.05372211267782758,0.4097378764077201,1.9914933100915704,0.9737876407720086
3.66,2.078458337052157,-0.055380904188634554,0.42032209584533675,1.5180627577231123,2.0322095845336756
3.67,2.0934448303358453,-0.05670074328920926,0.43326620429939616,1.5841974760049469,3.326620429939617
3.68,2.1086931764436154,-0.05716931123329333,0.44604160918768054,1.5460927431768636,4.604160918768055
3.69,2.1238785035482906,-0.057804507330643726,0.4581387040808806,1.4908231816157105,5.813870408088059
3.7,2.1397490021520937,-0.05821428906997451,0.46904043646098986,1.5976451352339478,6.9040436460989865
3.71,2.1555908766611713,-0.059314528584694465,0.479087307089053,1.569586973441732,7.908730708905301
3.72,2.171862656767103,-0.060142143644614975,0.487969871036862,1.6480837061300377,8.796987103686202
3.73,2.1873332979308224,-0.06120640495388604,0.4960829709343486,1.4889456366595546,9.608297093434862
3.74,2.2026105165512933,-0.06108055966483068,0.503279499986184,1.520146906199218,10.327949998618404
3.75,2.2184750819520858,-0.0614330432662707,0.5093006416031433,1.6191947291826925,10.930064160314327
3.7600000000000002,2.2341282940709206,-0.06191881563133696,0.5144275474283135,1.540717165386099,11.442754742831355
3.77,2.249983688708179,-0.06300436552554194,0.5186788022040867,1.5590415853548008,11.867880220408669
3.7800000000000002,2.2661157961152094,-0.06385168932027697,0.5217222526333206,1.640597988213354,12.172225263332063
3.79,2.282002332446594,-0.0647449577331207,0.5238351267915136,1.526943314332757,12.383512679151357
3.8000000000000003,2.297409540815984,-0.06540454589444024,0.5249901914929502,1.5185414737831175,12.499019149295023
3.81,2.3132030355531183,-0.0660641547642022,0.5251025786712074,1.617767108439836,12.510257867120735
3.8200000000000003,2.32862986638163,-0.06653362827355425,0.5245021526538297,1.471149214406824,12.450215265382973
3.83,2.3450049689307955,-0.06721545702959451,0.522683936778159,1.6719658151008836,12.268393677815906
3.84,2.3611146784615196,-0.06771238402728752,0.5199470629157613,1.574846427435597,11.994706291576133
3.85,2.3763316847410434,-0.06860469220887935,0.5162399045629978,1.4641135993371757,11.623990456299785
3.86,2.3919484301790988,-0.0697607309733021,0.5116338443969943,1.6204459238117885,11.163384439699433
3.87,2.40768493435061,-0.07072842811905292,0.5059242360287557,1.583413101358527,10.59242360287557
3.88,2.4229737213625984,-0.07151307042743535,0.49939845781670855,1.4756776756402563,9.939845781670856
3.89,2.4387755683286003,-0.07221762769952124,0.4916645442920234,1.64325293699381,9.16645442920234
3.9,2.4547069230228233,-0.07256416732979097,0.48337334019908884,1.5436204056098122,8.337334019908885
3.91,2.4711041934443987,-0.073185012528571,0.4734700424252006,1.6033054061877121,7.347004242520058
3.92,2.486994106756289,-0.073412033060614,0.46293166291616106,1.5890388474491377,6.293166291616107
3.93,2.5028343617411037,-0.0742008966908545,0.4512041600317178,1.5858848270218078,5.1204160031717825
3.94,2.518056079724723,-0.07491240030567049,0.43891008847816915,1.5005717130146323,3.891008847816915
3.95,2.5338007627161683,-0.0758505932893439,0.4255629832185159,1.6215208392915208,2.5562983218515885
3.96,2.5492344110838783,-0.0770109696273519,0.41300358800079245,1.5092936262772547,1.300358800079246
3.97,2.5666809969861277,-0.07771096357411657,0.4007201303542531,1.808080071940699,0.07201303542530846
3.98,2.5850822859450693,-0.07599819895998686,0.3940778813562843,1.8399616076977905,-0.5922118643715696
3.99,2.603717859883138,-0.07139359173769813,0.3953426361305803,1.8175479602634068,-0.46573638694197006
4.0,2.6238529907456978,-0.06451060022616693,0.40022616698037583,2.1235163399150925,0.022616698037583594
4.01,2.644243153528805,-0.056874863608050226,0.40599039493278166,1.9893713143648677,0.5990394932781667
4.0200000000000005,2.6642557862809126,-0.04924249919172712,0.4099781574078782,1.9763991302219506,0.9978157407878191
4.03,2.6842264076854674,-0.04143797028691825,0.4131381275543305,2.001694943497235,1.3138127554330499
4.04,2.705342378284848,-0.032889664403458876,0.41680852509608046,2.114700194285958,1.6808525096080467
4.05,2.726936739165124,-0.024186314009735962,0.419550555997922,2.1208242170406635,1.955055599792202
4.0600000000000005,2.747607562661977,-0.0159557217601557,0.42175095542407504,2.0069163777471637,2.175095542407504
4.07,2.7685796981895767,-0.0071935130611620116,0.42289772482496113,2.161215241556449,2.2897724824961134
4.08,2.790036461047212,0.0021372947195445607,0.4243009785132527,2.122031762819548,2.430097851325272
4.09,2.8119240444006,0.012520617303856079,0.4249988036116499,2.1462075108641057,2.4998803611649882
4.1,2.833299301702555,0.022204791436767065,0.42513396898545236,2.1141113029589427,2.5133968985452366
4.11,2.855476957234668,0.031237694515021664,0.4246634224112492,2.2707140072436354,2.466342241124922
4.12,2.878071355409345,0.03895274068662116,0.4233991032552996,2.204502215653257,2.339910325529962
4.13,2.9001921181800343,0.04594562192339286,0.4203436108566936,2.174317099902371,2.034361085669359
4.14,2.921922321519288,0.05355905796135402,0.41822171024019383,2.1680753582756735,1.8221710240193838
4.15,2.944816293354475,0.06167858421451233,0.4172507555940019,2.348236505989109,1.7250755594001883
4.16,2.9682921569153367,0.06964912723602137,0.4172562856588581,2.354949377878837,1.7256285658858088
4.17,2.9919473406448507,0.07612628262526548,0.41822932961762893,2.3719295239373293,1.8229329617628935
4.18,3.0167335137107316,0.08233007619905994,0.4193733572928803,2.551034771955777,1.9373357292880282
4.19,3.0411623655886113,0.08853712232698997,0.4202119500212976,2.3781842334924153,2.0211950021297582
4.2,3.0655188352971154,0.09415610621758437,0.42108292976147976,2.413430445096669,2.1082929761479767
4.21,3.0906985083359944,0.09966853146578246,0.4224072048474198,2.582111029004852,2.2407204847419786
4.22,3.1160920930964426,0.10458323442527234,0.42315657095815595,2.4781900076976395,2.3156570958155958
4.23,3.141731332047879,0.10943530960417808,0.4236537279660245,2.545991798162941,2.3653727966024523
4.24,3.167358127679823,0.11340516461848521,0.4251205687006498,2.581673885910021,2.51205687006498
4.25,3.1944872136215254,0.1167541099301981,0.4264026139812466,2.808767744895674,2.640261398124663
4.26,3.2219411986400344,0.11975331576447523,0.42718540620341267,2.728639948542104,2.718540620341267
4.2700000000000005,3.249325459960185,0.12245600807511804,0.42806811224784824,2.701477497771973,2.8068112247848247
4.28,3.2775934033790386,0.12414696275463025,0.4289896350263411,2.904078861341268,2.8989635026341083
4.29,3.3056223060268204,0.12587182888060275,0.4298113883417572,2.73268164804289,2.98113883417572
4.3,3.333591124023172,0.12683207814484238,0.42963739956567554,2.7650610159851183,2.9637399565675544
4.3100000000000005,3.362314232653826,0.1281384472377156,0.42825187217107424,2.9552745944246923,2.825187217107425
4.32,3.3905621800038253,0.12913412627856224,0.42604747292051165,2.728908655852805,2.6047472920511656
4.33,3.419414772177216,0.1304790254360571,0.4235891553760292,2.9137027974795107,2.358915537602921
4.34,3.4489833621848973,0.1306707605489729,0.4220528423603811,2.983785715220885,2.20528423603811
4.3500000000000005,3.4787076303406663,0.13055382250566014,0.4209775592264844,2.9313817860609968,2.0977559226484392
4.36,3.5083242897187046,0.1300461641389923,0.42012185624926723,2.953356911112645,2.012185624926724
4.37,3.5379595183734955,0.12983816020478242,0.41959055317625643,2.9729543363576307,1.9590553176256438
4.38,3.5675728309019314,0.12950780625209288,0.4186463434211335,2.922909776852075,1.8646343421133498
4.39,3.5968290081592587,0.12958567600327522,0.4186255969140721,2.9065461768602256,1.862559691407209
4.4,3.6257625407282883,0.12842431452448747,0.42032356573590224,2.871662154471125,2.0323565735902243
4.41,3.6553755644675143,0.12768625456704943,0.42130028280685994,3.0150818179126633,2.1300282806859943
4.42,3.6844405949297534,0.12685425966449315,0.4216308235438587,2.8375293929602883,2.163082354385873
4.43,3.7142547015043514,0.12619883623741035,0.4204025129391656,3.068578193264705,2.040251293916559
4.44,3.7435374642439743,0.12527030587395918,0.41862371811738064,2.8502515351395727,1.8623718117380643
4.45,3.7732441807821595,0.12356583797606259,0.41729093333514833,3.0198249856711263,1.7290933335148333
4.46,3.8035143749834535,0.12125672624792774,0.4172905690401585,3.0386830044462356,1.7290569040158492
4.47,3.8330686494165254,0.11932058494840056,0.4181275465002754,2.8696890150245395,1.8127546500275398
4.48,3.863142601421722,0.11724807080451159,0.41825448823509165,3.0835889423190057,1.8254488235091655
4.49,3.8923594465873275,0.11539353518546142,0.41891407190616786,2.842146350535098,1.8914071906167869
4.5,3.9222049613919117,0.11324788530317864,0.4183967203566475,3.045617953817046,1.8396720356647496
4.51,3.9508519965292312,0.11118497502918381,0.41773578658617605,2.7810563737092577,1.7735786586176054
4.5200000000000005,3.980648851822629,0.10884845805285939,0.41603765677700005,3.0762959356758546,1.603765677700006
4.53,4.010260487042457,0.1064117595884459,0.41369162049377944,2.8942464917243265,1.369162049377945
4.54,4.0391344313854445,0.1043725544468175,0.41090393556773086,2.833804845760212,1.0903935567730865
4.55,4.06875149320824,0.10152485836553532,0.4106463848117602,3.0456090453990745,1.0646384811760194
4.5600000000000005,4.0979292751148115,0.09801198516618072,0.4143442522284495,2.831502353167522,1.434425222844951
4.57,4.127525190835107,0.09356364621301008,0.4192480944719887,2.911578546911971,1.9248094471988693
4.58,4.157756619812662,0.08904781227594401,0.4232813679346716,3.077412249676183,2.328136793467159
4.59,4.1873091846416886,0.08470047954034078,0.42685565692033745,2.8722151938753844,2.685565692033745
4.6000000000000005,4.216706337784973,0.08047788877183416,0.4293385975979217,2.9573774482554778,2.9338597597921705
4.61,4.246623813738442,0.07588309749447039,0.43051221308810045,3.0352264135368068,3.0512213088100455
4.62,4.276281683178713,0.07151994646984276,0.4307348029072425,2.921002848971692,3.073480290724248
4.63,4.3051332199138,0.0670579736126441,0.43024224455805515,2.8434964690570226,3.024224455805516
4.64,4.334949525431429,0.0625712083212302,0.4284047455392171,3.0733720803911178,2.8404745539217098
4.65,4.364193403738482,0.058417047235780464,0.4262492030315289,2.82767907332361,2.6249203031528916
4.66,4.393933887513141,0.05382134398204557,0.4225408655334379,2.9657886653155794,2.25408655334379
4.67,4.4237440838760165,0.04932126703933369,0.41790187995095573,2.986711252365296,1.790187995095574
4.68,4.452779619389527,0.044853296050273085,0.4125232529301299,2.8527061686648394,1.252325293012993
4.69,4.48278749300664,0.03966931551871831,0.4068145806360129,3.0755639310170744,0.6814580636012896
4.7,4.513028603237921,0.03321194277727478,0.4032242208653686,2.9568223922165577,0.3224220865368582
4.71,4.544783224568613,0.025966447131896463,0.40050647723276017,3.251716682324831,0.05064772327601774
4.72,4.577467051065345,0.01707295798043153,0.4003060633955642,3.2544499565609035,0.030606339556418782
4.73,4.609910495997754,0.008235708016952609,0.3997255093043964,3.238210657748904,-0.02744906956036186
4.74,4.642765889185991,-0.0006653763427319642,0.39796828921745453,3.3324185667270583,-0.2031710782545465
4.75,4.675648403534512,-0.00932059436353935,0.3953806769648145,3.2467076213362747,-0.4619323035185502
4.76,4.707715824559983,-0.01749022787849352,0.39186930495043315,3.171283673505434,-0.8130695049566844
4.7700000000000005,4.739337232967006,-0.023596613543837144,0.3890966444414703,3.157485288302799,-1.09033555585297
4.78,4.771614856735483,-0.026481212492042185,0.39005809286665644,3.222916182132501,-0.9941907133343558
4.79,4.802707050321318,-0.026284076454075152,0.39042117004336924,3.08736623511796,-0.9578829956630758
4.8,4.833297562443511,-0.024176954180116995,0.39097522585406413,2.973339808614427,-0.902477414593586
4.8100000000000005,4.864156787767567,-0.021094116846055173,0.3921206756848718,3.123415439331914,-0.7879324315128194
