step,time_s,ball_x,ball_y,radius_m,distance_to_edge_m,speed_mps,v_radial_mps,sub_skill,action_name,is_boundary_active
10,0.1,0.2265,0.146,0.2694,1.7306,0.2811,0.2616,move,roam_forward_cruise,0
20,0.2,0.2564,0.1387,0.2915,1.7085,0.4319,0.4237,move,roam_forward_cruise,0
30,0.3,0.3088,0.1233,0.3325,1.6675,0.6198,0.5584,move,roam_forward_cruise,0
40,0.4,0.3691,0.1044,0.3836,1.6164,0.7036,0.6478,move,roam_forward_cruise,0
50,0.5,0.4325,0.0901,0.4418,1.5582,0.6892,0.6727,move,roam_forward_cruise,0
60,0.6,0.5023,0.0805,0.5087,1.4913,0.6815,0.6797,move,roam_forward_cruise,0
70,0.7,0.5747,0.0788,0.5801,1.4199,0.6035,0.5607,move,roam_forward_cruise,0
80,0.8,0.6443,0.0746,0.6486,1.3514,0.5761,0.5411,move,roam_forward_cruise,0
90,0.9,0.7162,0.0697,0.7196,1.2804,0.5643,0.5425,move,roam_forward_cruise,0
100,1.0,0.7892,0.0622,0.7917,1.2083,0.5838,0.5837,curve,roam_curve_left,0
110,1.1,0.8572,0.0589,0.8592,1.1408,0.6221,0.6213,curve,roam_curve_left,0
120,1.2,0.9239,0.0603,0.9259,1.0741,0.6729,0.6722,curve,roam_curve_left,0
130,1.3,0.9906,0.0601,0.9924,1.0076,0.7111,0.7105,curve,roam_curve_left,0
140,1.4,1.0569,0.0632,1.0588,0.9412,0.7545,0.7539,curve,roam_curve_left,0
150,1.5,1.1276,0.0675,1.1296,0.8704,0.7922,0.7907,curve,roam_curve_left,0
160,1.6,1.1969,0.0713,1.199,0.801,0.7867,0.7864,curve,roam_curve_left,0
170,1.7,1.2651,0.0734,1.2673,0.7327,0.7363,0.7362,curve,roam_curve_left,0
180,1.8,1.3307,0.062,1.3321,0.6679,0.7242,0.6742,turn,roam_pivot_turn,0
190,1.9,1.3936,0.0321,1.394,0.606,0.7293,0.5991,turn,boundary_turn_inward,1
200,2.0,1.442,-0.0207,1.4422,0.5578,0.7073,0.3992,turn,boundary_turn_inward,1
210,2.1,1.4753,-0.0841,1.4777,0.5223,0.7054,0.2025,turn,boundary_turn_inward,1
220,2.2,1.4832,-0.1556,1.4914,0.5086,0.723,0.0804,turn,boundary_turn_inward,1
230,2.3,1.4743,-0.2273,1.4917,0.5083,0.7316,-0.0638,stop,roam_stance_pause,0
240,2.4,1.4534,-0.2965,1.4833,0.5167,0.8822,-0.1669,stop,roam_stance_pause,0
250,2.5,1.4283,-0.3606,1.4731,0.5269,0.7841,-0.1848,stop,roam_stance_pause,0
260,2.6,1.4054,-0.4137,1.4651,0.5349,0.553,-0.0243,turn,boundary_turn_inward,1
270,2.7,1.3867,-0.4607,1.4612,0.5388,0.5673,0.161,turn,boundary_turn_inward,1
280,2.8,1.3567,-0.5053,1.4478,0.5522,0.5685,-0.0247,turn,boundary_turn_inward,1
290,2.9,1.3206,-0.5507,1.4308,0.5692,0.5779,-0.1497,curve,roam_curve_right,0
300,3.0,1.2787,-0.5971,1.4112,0.5888,0.6392,-0.1596,curve,roam_curve_right,0
310,3.1,1.2311,-0.6473,1.3909,0.6091,0.7174,-0.1687,curve,roam_curve_right,0
320,3.2,1.1789,-0.7,1.371,0.629,0.781,-0.1621,curve,roam_curve_right,0
330,3.3,1.1216,-0.7589,1.3542,0.6458,0.8409,-0.1488,curve,roam_curve_right,0
340,3.4,1.0654,-0.8181,1.3432,0.6568,0.8224,-0.0966,curve,roam_curve_right,0
350,3.5,1.0076,-0.8791,1.3372,0.6628,0.8427,-0.0219,curve,roam_curve_right,0
360,3.6,0.9493,-0.9426,1.3378,0.6622,0.8932,0.0297,curve,roam_curve_right,0
370,3.7,0.9057,-0.9889,1.341,0.659,0.466,-0.001,move,roam_forward_cruise,0
380,3.8,0.8752,-1.0132,1.3389,0.6611,0.3261,-0.041,move,roam_forward_cruise,0
390,3.9,0.866,-1.0035,1.3256,0.6744,0.4136,-0.2802,move,roam_forward_cruise,0
400,4.0,0.8746,-0.9488,1.2904,0.7096,0.6589,-0.3906,move,roam_forward_cruise,0
410,4.1,0.8911,-0.873,1.2474,0.7526,0.8096,-0.4264,move,roam_forward_cruise,0
420,4.2,0.9106,-0.7916,1.2066,0.7934,0.8686,-0.3945,move,roam_forward_cruise,0
430,4.3,0.9319,-0.7076,1.1702,0.8298,0.8544,-0.3309,move,roam_forward_cruise,0
440,4.4,0.9525,-0.6236,1.1385,0.8615,0.8865,-0.2994,move,roam_forward_cruise,0
450,4.5,0.9733,-0.5346,1.1104,0.8896,0.9105,-0.2565,move,roam_forward_cruise,0
460,4.6,0.9922,-0.4458,1.0878,0.9122,0.9153,-0.2003,curve,roam_curve_left,0
470,4.7,1.0119,-0.3541,1.0721,0.9279,0.9492,-0.1238,curve,roam_curve_left,0
480,4.8,1.0322,-0.2604,1.0646,0.9354,0.964,-0.0282,curve,roam_curve_left,0
490,4.9,1.0549,-0.1652,1.0678,0.9322,0.9929,0.0837,curve,roam_curve_left,0
500,5.0,1.0792,-0.0697,1.0814,0.9186,0.9885,0.1999,curve,roam_curve_left,0
510,5.1,1.1059,0.0265,1.1062,0.8938,1.0063,0.2786,curve,roam_curve_left,0
520,5.2,1.1318,0.1259,1.1388,0.8612,1.0479,0.3823,curve,roam_curve_left,0
530,5.3,1.1613,0.228,1.1834,0.8166,1.0693,0.4904,curve,roam_curve_left,0
540,5.4,1.1923,0.3285,1.2367,0.7633,1.0724,0.5719,turn,roam_pivot_turn,0
550,5.5,1.2243,0.4298,1.2976,0.7024,1.0502,0.6439,turn,roam_pivot_turn,0
560,5.6,1.2579,0.5296,1.3649,0.6351,1.0332,0.6942,turn,boundary_turn_inward,1
570,5.7,1.2876,0.6281,1.4326,0.5674,0.978,0.5518,turn,boundary_turn_inward,1
580,5.8,1.2981,0.7261,1.4874,0.5126,0.9885,0.5281,turn,boundary_turn_inward,1
590,5.9,1.2927,0.8252,1.5336,0.4664,0.9953,0.4207,turn,boundary_turn_inward,1
600,6.0,1.2771,0.9226,1.5755,0.4245,0.9762,0.4073,turn,boundary_turn_inward,1
610,6.1,1.2539,1.0173,1.6147,0.3853,0.98,0.395,turn,boundary_turn_inward,1
620,6.2,1.2228,1.1084,1.6504,0.3496,0.953,0.3433,turn,boundary_turn_inward,1
630,6.3,1.1875,1.1966,1.6859,0.3141,0.9445,0.3659,turn,boundary_turn_inward,1
640,6.4,1.1492,1.2811,1.721,0.279,0.9222,0.3436,stop,boundary_emergency_brake,1
650,6.5,1.1292,1.3174,1.7351,0.2649,0.3798,0.1165,stop,boundary_emergency_brake,1
660,6.6,1.109,1.3499,1.747,0.253,0.3834,0.1223,stop,boundary_emergency_brake,1
670,6.7,1.0904,1.3804,1.7591,0.2409,0.1409,0.0685,turn,boundary_turn_inward,1
680,6.8,1.0884,1.3826,1.7596,0.2404,0.0399,-0.0345,turn,roam_obstacle_escape,0
690,6.9,1.0909,1.3679,1.7496,0.2504,0.2273,-0.1946,curve,roam_curve_right,0
700,7.0,1.0883,1.3353,1.7226,0.2774,0.4182,-0.338,curve,roam_curve_right,0
710,7.1,1.087,1.2879,1.6854,0.3146,0.5434,-0.4154,curve,roam_curve_right,0
720,7.2,1.0894,1.2291,1.6424,0.3576,0.615,-0.4285,curve,roam_curve_right,0
730,7.3,1.077,1.183,1.5998,0.4002,0.4923,-0.4488,move,roam_forward_cruise,0
740,7.4,1.0518,1.1513,1.5595,0.4405,0.419,-0.3202,move,roam_forward_cruise,0
750,7.5,0.9944,1.1684,1.5343,0.4657,0.6976,-0.2098,move,roam_forward_cruise,0
760,7.6,0.9251,1.2009,1.5159,0.4841,0.8213,-0.1608,move,roam_forward_cruise,0
770,7.7,0.851,1.2378,1.5021,0.4979,0.8556,-0.1147,move,roam_forward_cruise,0
780,7.8,0.7743,1.2776,1.4939,0.5061,0.9815,-0.0004,turn,boundary_turn_inward,1
790,7.9,0.6999,1.3172,1.4916,0.5084,0.8538,0.11,turn,boundary_turn_inward,1
800,8.0,0.6279,1.3536,1.4921,0.5079,0.8804,0.2931,turn,boundary_turn_inward,1
810,8.1,0.5596,1.3915,1.4998,0.5002,0.7637,0.3266,turn,boundary_turn_inward,1
820,8.2,0.4935,1.4246,1.5077,0.4923,0.6741,0.2582,turn,boundary_turn_inward,1
830,8.3,0.4302,1.4567,1.5189,0.4811,0.6206,0.2595,turn,boundary_turn_inward,1
840,8.4,0.3648,1.4839,1.5281,0.4719,0.7883,0.2625,turn,boundary_turn_inward,1
850,8.5,0.2996,1.4996,1.5293,0.4707,0.678,0.1795,turn,boundary_turn_inward,1
860,8.6,0.2348,1.5057,1.5239,0.4761,0.8433,0.0892,turn,boundary_turn_inward,1
870,8.7,0.1677,1.5159,1.5252,0.4748,0.8259,0.2306,turn,boundary_turn_inward,1
880,8.8,0.1011,1.5241,1.5275,0.4725,0.9038,0.126,turn,boundary_turn_inward,1
890,8.9,0.0357,1.53,1.5304,0.4696,0.859,0.2139,turn,boundary_turn_inward,1
900,9.0,-0.0306,1.5284,1.5287,0.4713,1.0558,0.1736,turn,boundary_turn_inward,1
910,9.1,-0.0928,1.532,1.5348,0.4652,0.9223,0.3852,turn,boundary_turn_inward,1
920,9.2,-0.1526,1.5447,1.5522,0.4478,0.8755,0.4454,turn,boundary_turn_inward,1
930,9.3,-0.214,1.5644,1.5789,0.4211,0.8965,0.6234,turn,boundary_turn_inward,1
940,9.4,-0.2767,1.5838,1.6078,0.3922,0.8919,0.49,turn,boundary_turn_inward,1
950,9.5,-0.3476,1.5912,1.6287,0.3713,0.7181,0.3524,turn,boundary_turn_inward,1
960,9.6,-0.4194,1.5898,1.6442,0.3558,0.6403,0.4005,turn,boundary_turn_inward,1
970,9.7,-0.4887,1.5852,1.6588,0.3412,0.5502,0.3529,turn,boundary_turn_inward,1
980,9.8,-0.5561,1.5788,1.6738,0.3262,0.4617,0.3584,turn,boundary_turn_inward,1
990,9.9,-0.6191,1.5716,1.6892,0.3108,0.5447,0.3955,turn,boundary_turn_inward,1
1000,10.0,-0.674,1.5625,1.7016,0.2984,0.4566,0.2831,turn,boundary_turn_inward,1
1010,10.1,-0.7196,1.5545,1.713,0.287,0.3626,0.2518,turn,boundary_turn_inward,1
1020,10.2,-0.7616,1.5394,1.7175,0.2825,0.3326,0.2025,turn,boundary_turn_inward,1
1030,10.3,-0.7977,1.5257,1.7217,0.2783,0.1723,0.1147,stop,boundary_emergency_brake,1
1040,10.4,-0.8293,1.4995,1.7136,0.2864,0.2658,-0.1164,curve,roam_curve_right,0
1050,10.5,-0.8543,1.4649,1.6958,0.3042,0.362,-0.1765,curve,roam_curve_right,0
1060,10.6,-0.8841,1.4275,1.6791,0.3209,0.4857,-0.1775,curve,roam_curve_right,0
1070,10.7,-0.9068,1.3877,1.6577,0.3423,0.5093,-0.3033,curve,roam_curve_right,0
1080,10.8,-0.9291,1.3383,1.6292,0.3708,0.6002,-0.3349,curve,roam_curve_right,0
1090,10.9,-0.9601,1.2827,1.6022,0.3978,0.7139,-0.3341,move,roam_forward_cruise,0
1100,11.0,-0.999,1.2209,1.5776,0.4224,0.8265,-0.2419,move,roam_forward_cruise,0
1110,11.1,-1.0447,1.1514,1.5547,0.4453,0.8564,-0.2217,move,roam_forward_cruise,0
1120,11.2,-1.0919,1.0812,1.5366,0.4634,0.8597,-0.1376,move,roam_forward_cruise,0
1130,11.3,-1.1431,1.0109,1.5259,0.4741,0.8668,-0.0815,move,roam_forward_cruise,0
1140,11.4,-1.1963,0.9415,1.5223,0.4777,0.9136,0.0736,turn,boundary_turn_inward,1
1150,11.5,-1.2464,0.8732,1.5218,0.4782,0.9689,0.1802,turn,boundary_turn_inward,1
1160,11.6,-1.2943,0.8059,1.5247,0.4753,0.8805,0.2504,turn,boundary_turn_inward,1
1170,11.7,-1.3374,0.7405,1.5287,0.4713,0.8538,0.349,turn,boundary_turn_inward,1
1180,11.8,-1.3853,0.673,1.5402,0.4598,1.0836,0.4579,turn,boundary_turn_inward,1
1190,11.9,-1.4346,0.6054,1.5572,0.4428,1.1135,0.4767,turn,boundary_turn_inward,1
1200,12.0,-1.4812,0.5418,1.5772,0.4228,1.0616,0.5455,turn,boundary_turn_inward,1
1210,12.1,-1.5341,0.4807,1.6077,0.3923,1.0289,0.5579,turn,boundary_turn_inward,1
1220,12.2,-1.5893,0.4182,1.6434,0.3566,1.0134,0.5736,turn,boundary_turn_inward,1
1230,12.3,-1.6379,0.3559,1.6761,0.3239,0.9677,0.5475,turn,boundary_turn_inward,1
1240,12.4,-1.6835,0.2938,1.709,0.291,0.9684,0.5777,turn,boundary_turn_inward,1
1250,12.5,-1.7214,0.2393,1.7379,0.2621,1.0152,0.6586,stop,boundary_emergency_brake,1
1260,12.6,-1.7599,0.1884,1.77,0.23,1.1357,0.7748,stop,boundary_emergency_brake,1
1270,12.7,-1.7848,0.14,1.7903,0.2097,1.0771,0.5798,stop,boundary_emergency_brake,1
1280,12.8,-1.8085,0.0851,1.8105,0.1895,1.0932,0.6518,stop,boundary_emergency_brake,1
1290,12.9,-1.8281,0.0426,1.8286,0.1714,0.8777,0.5886,stop,boundary_emergency_brake,1
1300,13.0,-1.8383,0.026,1.8385,0.1615,0.4933,0.4415,stop,boundary_emergency_brake,1
1310,13.1,-1.8474,0.0285,1.8476,0.1524,0.1742,0.0206,stop,boundary_emergency_brake,1
1320,13.2,-1.8421,0.0227,1.8423,0.1577,0.1028,-0.101,stop,roam_stance_pause,0
1330,13.3,-1.8343,0.0149,1.8344,0.1656,0.3183,-0.3013,stop,roam_stance_pause,0
1340,13.4,-1.822,0.0044,1.822,0.178,0.1795,-0.1198,curve,roam_curve_right,0
1350,13.5,-1.8046,-0.0069,1.8046,0.1954,0.287,-0.2369,curve,roam_curve_right,0
1360,13.6,-1.7774,-0.0205,1.7775,0.2225,0.3956,-0.3534,curve,roam_curve_right,0
1370,13.7,-1.7406,-0.0386,1.741,0.259,0.5235,-0.4658,curve,roam_curve_right,0
1380,13.8,-1.6939,-0.0579,1.6949,0.3051,0.6388,-0.5912,curve,roam_curve_right,0
1390,13.9,-1.6444,-0.0738,1.646,0.354,0.6036,-0.5693,curve,roam_curve_right,0
1400,14.0,-1.5904,-0.0886,1.5929,0.4071,0.6673,-0.6265,curve,roam_curve_right,0
1410,14.1,-1.5384,-0.1029,1.5418,0.4582,0.6589,-0.6249,curve,roam_curve_right,0
1420,14.2,-1.4857,-0.116,1.4902,0.5098,0.653,-0.623,curve,roam_curve_right,0
1430,14.3,-1.43,-0.1252,1.4354,0.5646,0.6144,-0.5977,curve,roam_curve_right,0
1440,14.4,-1.3693,-0.1339,1.3758,0.6242,0.6568,-0.6363,curve,roam_curve_right,0
1450,14.5,-1.3081,-0.1528,1.317,0.683,0.7348,-0.6339,move,roam_forward_cruise,0
1460,14.6,-1.2454,-0.1926,1.2602,0.7398,0.6581,-0.4969,move,roam_forward_cruise,0
1470,14.7,-1.1877,-0.2352,1.2108,0.7892,0.7473,-0.5051,move,roam_forward_cruise,0
1480,14.8,-1.1285,-0.2902,1.1652,0.8348,0.788,-0.4421,move,roam_forward_cruise,0
1490,14.9,-1.0698,-0.3508,1.1258,0.8742,0.8381,-0.3625,move,roam_forward_cruise,0
1500,15.0,-1.0121,-0.4111,1.0924,0.9076,0.857,-0.2995,move,roam_forward_cruise,0
1510,15.1,-0.9531,-0.4752,1.065,0.935,0.9015,-0.2385,move,roam_forward_cruise,0
1520,15.2,-0.8918,-0.5422,1.0437,0.9563,0.9124,-0.1822,move,roam_forward_cruise,0
1530,15.3,-0.8297,-0.6102,1.0299,0.9701,0.9452,-0.0995,move,roam_forward_cruise,0
1540,15.4,-0.7645,-0.6806,1.0235,0.9765,0.9655,-0.0136,curve,roam_curve_left,0
1550,15.5,-0.6993,-0.7545,1.0287,0.9713,0.9967,0.122,curve,roam_curve_left,0
1560,15.6,-0.6336,-0.8303,1.0444,0.9556,1.0275,0.1935,curve,roam_curve_left,0
1570,15.7,-0.5621,-0.906,1.0662,0.9338,1.0587,0.2396,curve,roam_curve_left,0
1580,15.8,-0.4852,-0.9799,1.0934,0.9066,1.0711,0.3045,curve,roam_curve_left,0
1590,15.9,-0.4061,-1.053,1.1286,0.8714,1.0782,0.4086,curve,roam_curve_left,0
1600,16.0,-0.3271,-1.1271,1.1736,0.8264,1.0891,0.4917,curve,roam_curve_left,0
1610,16.1,-0.2471,-1.2016,1.2268,0.7732,1.1047,0.5863,curve,roam_curve_left,0
1620,16.2,-0.1701,-1.2785,1.2898,0.7102,1.0943,0.6743,turn,roam_pivot_turn,0
1630,16.3,-0.0918,-1.3557,1.3588,0.6412,1.1327,0.5683,turn,boundary_turn_inward,1
1640,16.4,-0.0135,-1.4277,1.4278,0.5722,1.0486,0.696,turn,boundary_turn_inward,1
1650,16.5,0.0686,-1.4921,1.4937,0.5063,1.0418,0.637,turn,boundary_turn_inward,1
1660,16.6,0.1558,-1.5488,1.5566,0.4434,1.0332,0.6183,turn,boundary_turn_inward,1
1670,16.7,0.2462,-1.5977,1.6166,0.3834,1.0157,0.5986,turn,boundary_turn_inward,1
1680,16.8,0.337,-1.6422,1.6764,0.3236,1.0048,0.5913,turn,boundary_turn_inward,1
1690,16.9,0.422,-1.6796,1.7318,0.2682,0.4937,0.2955,stop,boundary_emergency_brake,1
1700,17.0,0.4615,-1.6928,1.7546,0.2454,0.4226,0.2276,stop,boundary_emergency_brake,1
1710,17.1,0.5018,-1.7051,1.7774,0.2226,0.4186,0.2292,stop,boundary_emergency_brake,1
1720,17.2,0.5421,-1.7177,1.8012,0.1988,0.3953,0.2374,stop,boundary_emergency_brake,1
1730,17.3,0.5445,-1.7139,1.7983,0.2017,0.1741,-0.1489,curve,roam_curve_right,0
1740,17.4,0.5278,-1.7017,1.7816,0.2184,0.3134,-0.2397,curve,roam_curve_right,0
1750,17.5,0.4989,-1.6831,1.7554,0.2446,0.3979,-0.3006,curve,roam_curve_right,0
1760,17.6,0.4594,-1.6559,1.7185,0.2815,0.5048,-0.3934,curve,roam_curve_right,0
1770,17.7,0.4148,-1.6249,1.677,0.323,0.6028,-0.4532,curve,roam_curve_right,0
1780,17.8,0.3639,-1.5889,1.6301,0.3699,0.6418,-0.4704,curve,roam_curve_right,0
1790,17.9,0.3093,-1.5511,1.5817,0.4183,0.6844,-0.5018,curve,roam_curve_right,0
1800,18.0,0.2522,-1.5101,1.531,0.469,0.7362,-0.5165,curve,roam_curve_right,0
1810,18.1,0.2217,-1.4718,1.4884,0.5116,0.4902,-0.4335,move,roam_forward_cruise,0
1820,18.2,0.1942,-1.4327,1.4458,0.5542,0.3961,-0.3836,move,roam_forward_cruise,0
1830,18.3,0.2273,-1.3973,1.4156,0.5844,0.687,-0.269,move,roam_forward_cruise,0
1840,18.4,0.2901,-1.3605,1.391,0.609,0.8221,-0.2296,move,roam_forward_cruise,0
1850,18.5,0.3646,-1.3219,1.3713,0.6287,0.8251,-0.1532,move,roam_forward_cruise,0
1860,18.6,0.4398,-1.2868,1.3598,0.6402,0.833,-0.0724,move,roam_forward_cruise,0
1870,18.7,0.5147,-1.2509,1.3527,0.6473,0.8103,-0.2471,move,roam_forward_cruise,0
1880,18.8,0.5895,-1.22,1.355,0.645,0.7378,-0.1124,move,roam_forward_cruise,0
1890,18.9,0.6618,-1.1842,1.3565,0.6435,0.5786,-0.225,move,roam_forward_cruise,0
1900,19.0,0.7227,-1.1493,1.3577,0.6423,0.8041,-0.0413,turn,boundary_turn_inward,1
1910,19.1,0.8004,-1.0939,1.3554,0.6446,0.9362,-0.1254,curve,roam_curve_left,0
1920,19.2,0.8754,-1.0367,1.3569,0.6431,0.836,-0.0659,turn,boundary_turn_inward,1
1930,19.3,0.9428,-0.9779,1.3584,0.6416,0.9156,-0.0847,curve,roam_curve_left,0
1940,19.4,1.007,-0.9172,1.3621,0.6379,0.9361,-0.0768,curve,roam_curve_left,0
1950,19.5,1.0664,-0.8567,1.3679,0.6321,0.8262,-0.0432,turn,boundary_turn_inward,1
1960,19.6,1.1176,-0.7914,1.3695,0.6305,0.7861,-0.0645,curve,roam_curve_left,0
1970,19.7,1.1625,-0.7272,1.3712,0.6288,0.7237,-0.0641,curve,roam_curve_left,0
1980,19.8,1.1984,-0.6616,1.3689,0.6311,0.7312,-0.2514,turn,roam_pivot_turn,0
1990,19.9,1.2307,-0.5967,1.3677,0.6323,0.5936,-0.1171,turn,roam_pivot_turn,0
2000,20.0,1.2648,-0.5396,1.3751,0.6249,0.42,-0.143,turn,roam_pivot_turn,0
2010,20.1,1.2953,-0.4863,1.3836,0.6164,0.4993,-0.157,turn,roam_pivot_turn,0
2020,20.2,1.3275,-0.4317,1.3959,0.6041,0.7554,0.115,turn,boundary_turn_inward,1
2030,20.3,1.3523,-0.3634,1.4003,0.5997,0.7891,-0.0472,turn,boundary_turn_inward,1
2040,20.4,1.3597,-0.2874,1.3897,0.6103,0.9345,-0.2559,stop,roam_stance_pause,0
2050,20.5,1.3551,-0.2138,1.3719,0.6281,0.7861,-0.3577,stop,roam_stance_pause,0
2060,20.6,1.3446,-0.1554,1.3536,0.6464,0.5843,-0.2163,curve,roam_curve_right,0
2070,20.7,1.3356,-0.1055,1.3398,0.6602,0.544,-0.1682,curve,roam_curve_right,0
2080,20.8,1.3277,-0.0523,1.3287,0.6713,0.6211,-0.1739,curve,roam_curve_right,0
2090,20.9,1.3168,0.0108,1.3169,0.6831,0.6712,-0.1456,curve,roam_curve_right,0
2100,21.0,1.3058,0.0833,1.3085,0.6915,0.8076,-0.1249,curve,roam_curve_right,0
2110,21.1,1.2931,0.1599,1.3029,0.6971,0.7763,-0.087,curve,roam_curve_right,0
2120,21.2,1.2818,0.2401,1.3041,0.6959,0.8238,0.0087,curve,roam_curve_right,0
2130,21.3,1.2718,0.3213,1.3117,0.6883,0.8099,0.0657,curve,roam_curve_right,0
2140,21.4,1.2625,0.405,1.3259,0.6741,0.8328,0.1257,curve,roam_curve_right,0
2150,21.5,1.2542,0.4901,1.3466,0.6534,0.8412,0.1863,curve,roam_curve_right,0
2160,21.6,1.243,0.5728,1.3687,0.6313,0.8371,0.162,turn,boundary_turn_inward,1
2170,21.7,1.2164,0.6547,1.3814,0.6186,0.863,-0.0425,turn,boundary_turn_inward,1
2180,21.8,1.1724,0.7302,1.3811,0.6189,0.8974,-0.2215,move,roam_forward_cruise,0
2190,21.9,1.1291,0.8019,1.3849,0.6151,0.7724,-0.2463,move,roam_forward_cruise,0
2200,22.0,1.0854,0.8742,1.3937,0.6063,0.763,-0.2103,move,roam_forward_cruise,0
2210,22.1,1.0385,0.9418,1.4019,0.5981,0.8302,-0.1592,move,roam_forward_cruise,0
2220,22.2,0.9921,1.0082,1.4145,0.5855,0.7605,-0.1216,move,roam_forward_cruise,0
2230,22.3,0.9481,1.0692,1.429,0.571,0.7536,-0.1147,move,roam_forward_cruise,0
2240,22.4,0.9027,1.1381,1.4526,0.5474,0.8261,0.1678,turn,boundary_turn_inward,1
2250,22.5,0.852,1.2035,1.4746,0.5254,0.849,0.0823,turn,boundary_turn_inward,1
2260,22.6,0.7927,1.256,1.4853,0.5147,0.8345,-0.0128,turn,boundary_turn_inward,1
2270,22.7,0.7288,1.2995,1.4899,0.5101,0.815,-0.0601,turn,boundary_turn_inward,1
2280,22.8,0.6618,1.3352,1.4902,0.5098,0.7727,-0.2044,curve,roam_curve_left,0
2290,22.9,0.5922,1.3646,1.4875,0.5125,0.7524,-0.1799,curve,roam_curve_left,0
2300,23.0,0.5192,1.3949,1.4884,0.5116,0.5758,-0.0562,curve,roam_curve_left,0
2310,23.1,0.4477,1.4245,1.4932,0.5068,0.6072,-0.1099,curve,roam_curve_left,0
2320,23.2,0.3784,1.4442,1.4929,0.5071,0.6119,-0.1388,curve,roam_curve_left,0
2330,23.3,0.3082,1.4641,1.4962,0.5038,0.6171,-0.0968,curve,roam_curve_left,0
2340,23.4,0.2387,1.4847,1.5037,0.4963,0.6579,-0.2573,turn,roam_pivot_turn,0
2350,23.5,0.171,1.5006,1.5103,0.4897,0.5382,-0.2816,turn,roam_pivot_turn,0
2360,23.6,0.1053,1.5113,1.515,0.485,0.533,-0.2737,turn,roam_pivot_turn,0
2370,23.7,0.041,1.5238,1.5243,0.4757,0.6058,-0.3617,turn,roam_pivot_turn,0
2380,23.8,-0.0235,1.5344,1.5346,0.4654,0.5438,-0.2038,turn,roam_pivot_turn,0
2390,23.9,-0.0864,1.5425,1.5449,0.4551,0.7556,-0.1949,stop,roam_stance_pause,0
2400,24.0,-0.1517,1.5455,1.5529,0.4471,0.8165,-0.2646,stop,roam_stance_pause,0
2410,24.1,-0.2105,1.5438,1.5581,0.4419,0.7376,-0.1913,stop,roam_stance_pause,0
2420,24.2,-0.2686,1.5404,1.5636,0.4364,0.6245,-0.1495,curve,roam_curve_right,0
2430,24.3,-0.3215,1.5412,1.5744,0.4256,0.6578,-0.2276,curve,roam_curve_right,0
2440,24.4,-0.3714,1.5429,1.587,0.413,0.564,-0.1681,curve,roam_curve_right,0
2450,24.5,-0.4195,1.5367,1.5929,0.4071,0.5569,-0.19,curve,roam_curve_right,0
2460,24.6,-0.4678,1.5249,1.595,0.405,0.6082,-0.3383,curve,roam_curve_right,0
2470,24.7,-0.5164,1.5074,1.5933,0.4067,0.5162,-0.2619,curve,roam_curve_right,0
2480,24.8,-0.5573,1.4821,1.5834,0.4166,0.4076,-0.2201,curve,roam_curve_right,0
2490,24.9,-0.6004,1.4583,1.5771,0.4229,0.302,-0.18,curve,roam_curve_right,0
2500,25.0,-0.6387,1.4322,1.5681,0.4319,0.2296,-0.1899,curve,roam_curve_right,0
2510,25.1,-0.6674,1.4041,1.5546,0.4454,0.1424,-0.1303,curve,roam_curve_right,0
2520,25.2,-0.6924,1.3741,1.5387,0.4613,0.1206,-0.0827,curve,roam_curve_right,0
2530,25.3,-0.717,1.3409,1.5205,0.4795,0.1682,0.1663,turn,boundary_turn_inward,1
2540,25.4,-0.7355,1.3102,1.5025,0.4975,0.5147,0.2418,turn,boundary_turn_inward,1
2550,25.5,-0.7817,1.2768,1.4971,0.5029,0.7413,0.3305,turn,boundary_turn_inward,1
2560,25.6,-0.8436,1.2472,1.5058,0.4942,0.9773,0.5125,turn,boundary_turn_inward,1
2570,25.7,-0.9156,1.2129,1.5197,0.4803,1.1702,0.6498,turn,boundary_turn_inward,1
2580,25.8,-1.0068,1.1815,1.5523,0.4477,1.0824,0.6137,turn,boundary_turn_inward,1
2590,25.9,-1.0966,1.1616,1.5974,0.4026,0.9817,0.652,turn,boundary_turn_inward,1
2600,26.0,-1.1804,1.1438,1.6437,0.3563,0.9381,0.6852,turn,boundary_turn_inward,1
2610,26.1,-1.2615,1.1281,1.6923,0.3077,0.8867,0.697,turn,boundary_turn_inward,1
2620,26.2,-1.3374,1.1198,1.7443,0.2557,0.9327,0.8763,stop,boundary_emergency_brake,1
2630,26.3,-1.4044,1.1098,1.79,0.21,0.959,0.9112,stop,boundary_emergency_brake,1
2640,26.4,-1.4679,1.098,1.8331,0.1669,0.9244,0.8191,stop,boundary_emergency_brake,1
2650,26.5,-1.4949,1.1007,1.8564,0.1436,0.3802,0.3559,stop,boundary_emergency_brake,1
2660,26.6,-1.4993,1.1159,1.869,0.131,0.476,0.3441,stop,boundary_emergency_brake,1
2670,26.7,-1.5042,1.1248,1.8783,0.1217,0.1448,0.1432,stop,boundary_emergency_brake,1
2680,26.8,-1.5063,1.1177,1.8757,0.1243,0.1572,-0.0971,curve,roam_curve_left,0
2690,26.9,-1.4978,1.1154,1.8675,0.1325,0.0719,-0.0241,turn,boundary_turn_inward,1
2700,27.0,-1.4861,1.1058,1.8524,0.1476,0.221,-0.209,turn,roam_pivot_turn,0
2710,27.1,-1.4747,1.0804,1.8281,0.1719,0.4671,-0.3236,turn,roam_pivot_turn,0
2720,27.2,-1.4771,1.0296,1.8005,0.1995,0.6017,-0.2208,turn,roam_pivot_turn,0
2730,27.3,-1.4928,0.979,1.7852,0.2148,0.6511,-0.051,turn,boundary_turn_inward,1
2740,27.4,-1.5166,0.9306,1.7794,0.2206,0.7133,0.0713,turn,boundary_turn_inward,1
2750,27.5,-1.528,0.8896,1.7681,0.2319,0.3481,-0.1628,stop,roam_stance_pause,0
2760,27.6,-1.526,0.8585,1.7509,0.2491,0.2629,-0.1557,stop,roam_stance_pause,0
2770,27.7,-1.5228,0.8367,1.7375,0.2625,0.1916,-0.1208,stop,roam_stance_pause,0
2780,27.8,-1.5171,0.8175,1.7233,0.2767,0.1921,-0.1433,curve,roam_curve_right,0
2790,27.9,-1.5132,0.7946,1.7091,0.2909,0.325,-0.172,curve,roam_curve_right,0
2800,28.0,-1.5111,0.7559,1.6896,0.3104,0.4756,-0.2475,curve,roam_curve_right,0
2810,28.1,-1.5062,0.7046,1.6629,0.3371,0.5705,-0.2928,curve,roam_curve_right,0
2820,28.2,-1.4961,0.6418,1.6279,0.3721,0.6772,-0.3964,curve,roam_curve_right,0
2830,28.3,-1.4788,0.5729,1.5859,0.4141,0.7438,-0.4355,curve,roam_curve_right,0
2840,28.4,-1.4596,0.4963,1.5417,0.4583,0.8305,-0.427,curve,roam_curve_right,0
2850,28.5,-1.4428,0.4133,1.5008,0.4992,0.8575,-0.3765,curve,roam_curve_right,0
2860,28.6,-1.4283,0.3267,1.4652,0.5348,0.8817,-0.3284,curve,roam_curve_right,0
2870,28.7,-1.4156,0.2375,1.4354,0.5646,0.915,-0.2697,curve,roam_curve_right,0
2880,28.8,-1.4031,0.1452,1.4105,0.5895,0.951,-0.2249,curve,roam_curve_right,0
2890,28.9,-1.3913,0.0544,1.3924,0.6076,0.9172,-0.1555,move,roam_forward_cruise,0
2900,29.0,-1.3799,-0.0386,1.3804,0.6196,1.0532,0.026,turn,boundary_turn_inward,1
2910,29.1,-1.3742,-0.1331,1.3807,0.6193,0.9817,0.2052,turn,boundary_turn_inward,1
2920,29.2,-1.3682,-0.2246,1.3865,0.6135,0.9236,0.2325,turn,boundary_turn_inward,1
2930,29.3,-1.3615,-0.3147,1.3973,0.6027,0.9475,0.3389,turn,boundary_turn_inward,1
2940,29.4,-1.3531,-0.3991,1.4107,0.5893,0.8276,0.3951,turn,boundary_turn_inward,1
2950,29.5,-1.3418,-0.4823,1.4259,0.5741,0.8096,0.4255,turn,boundary_turn_inward,1
2960,29.6,-1.3285,-0.5628,1.4428,0.5572,0.7725,0.2697,turn,boundary_turn_inward,1
2970,29.7,-1.3178,-0.6432,1.4663,0.5337,0.7954,0.3466,turn,boundary_turn_inward,1
2980,29.8,-1.2968,-0.7176,1.4821,0.5179,0.7512,0.2167,turn,boundary_turn_inward,1
2990,29.9,-1.2658,-0.7876,1.4908,0.5092,0.7743,0.1698,turn,boundary_turn_inward,1
3000,30.0,-1.2286,-0.8559,1.4974,0.5026,1.0266,0.3114,turn,boundary_turn_inward,1
3010,30.1,-1.1882,-0.916,1.5004,0.4996,0.8237,0.1701,turn,boundary_turn_inward,1
3020,30.2,-1.1439,-0.9674,1.4981,0.5019,0.8489,0.1294,turn,boundary_turn_inward,1
3030,30.3,-1.0948,-1.0198,1.4962,0.5038,0.8429,0.0998,turn,boundary_turn_inward,1
3040,30.4,-1.045,-1.0673,1.4937,0.5063,0.8515,0.1047,turn,boundary_turn_inward,1
3050,30.5,-0.9961,-1.1137,1.4942,0.5058,0.7135,0.1595,turn,boundary_turn_inward,1
3060,30.6,-0.9471,-1.1465,1.4871,0.5129,0.6075,0.1031,turn,boundary_turn_inward,1
3070,30.7,-0.8987,-1.1826,1.4854,0.5146,0.6776,0.3074,turn,boundary_turn_inward,1
3080,30.8,-0.8472,-1.2225,1.4873,0.5127,0.6909,0.4502,turn,boundary_turn_inward,1
3090,30.9,-0.7959,-1.2637,1.4935,0.5065,0.7563,0.4361,turn,boundary_turn_inward,1
3100,31.0,-0.744,-1.3006,1.4983,0.5017,0.814,0.4385,turn,boundary_turn_inward,1
3110,31.1,-0.7009,-1.3273,1.501,0.499,0.5187,0.3544,turn,boundary_turn_inward,1
3120,31.2,-0.635,-1.3528,1.4944,0.5056,0.6434,0.3588,turn,boundary_turn_inward,1
3130,31.3,-0.5728,-1.3743,1.4889,0.5111,0.5232,0.3646,turn,boundary_turn_inward,1
3140,31.4,-0.5126,-1.3955,1.4867,0.5133,0.5915,0.2677,turn,boundary_turn_inward,1
3150,31.5,-0.4617,-1.4204,1.4936,0.5064,0.54,0.3608,turn,boundary_turn_inward,1
3160,31.6,-0.4131,-1.4435,1.5015,0.4985,0.4912,0.3186,turn,boundary_turn_inward,1
3170,31.7,-0.3655,-1.4652,1.5101,0.4899,0.4605,0.2629,turn,boundary_turn_inward,1
3180,31.8,-0.3142,-1.4832,1.5161,0.4839,0.4675,0.233,turn,boundary_turn_inward,1
3190,31.9,-0.2599,-1.4921,1.5146,0.4854,0.5192,0.2114,turn,boundary_turn_inward,1
3200,32.0,-0.2173,-1.4917,1.5075,0.4925,0.3416,0.184,turn,boundary_turn_inward,1
3210,32.1,-0.1802,-1.489,1.4998,0.5002,0.4042,0.0068,turn,boundary_turn_inward,1
3220,32.2,-0.1391,-1.4836,1.4902,0.5098,0.476,-0.1327,curve,roam_curve_right,0
3230,32.3,-0.0968,-1.4533,1.4565,0.5435,0.6095,-0.4617,curve,roam_curve_right,0
3240,32.4,-0.0497,-1.4113,1.4122,0.5878,0.6597,-0.4715,curve,roam_curve_right,0
3250,32.5,0.0022,-1.3741,1.3741,0.6259,0.6999,-0.3813,move,roam_forward_cruise,0
3260,32.6,0.0692,-1.358,1.3597,0.6403,0.818,-0.4143,move,roam_forward_cruise,0
3270,32.7,0.1442,-1.3636,1.3712,0.6288,0.9675,-0.2839,move,roam_forward_cruise,0
3280,32.8,0.2164,-1.3767,1.3936,0.6064,0.9389,-0.1636,move,roam_forward_cruise,0
3290,32.9,0.2889,-1.3836,1.4134,0.5866,0.9559,-0.2748,move,roam_forward_cruise,0
3300,33.0,0.3689,-1.3925,1.4405,0.5595,1.1006,0.1665,turn,boundary_turn_inward,1
3310,33.1,0.4514,-1.4024,1.4733,0.5267,0.981,0.1726,turn,boundary_turn_inward,1
3320,33.2,0.5371,-1.4037,1.5029,0.4971,0.8954,0.1281,turn,boundary_turn_inward,1
3330,33.3,0.6046,-1.3935,1.519,0.481,0.6957,0.0053,turn,boundary_turn_inward,1
3340,33.4,0.6576,-1.3778,1.5266,0.4734,0.6059,-0.0717,curve,roam_curve_left,0
3350,33.5,0.7016,-1.3589,1.5293,0.4707,0.4467,-0.0617,curve,roam_curve_left,0
3360,33.6,0.7323,-1.3314,1.5195,0.4805,0.4431,-0.1268,curve,roam_curve_left,0
3370,33.7,0.764,-1.2913,1.5004,0.4996,0.4612,-0.132,curve,roam_curve_left,0
3380,33.8,0.8014,-1.2449,1.4805,0.5195,0.5414,-0.1337,curve,roam_curve_left,0
3390,33.9,0.8407,-1.1983,1.4638,0.5362,0.5181,-0.0702,curve,roam_curve_left,0
3400,34.0,0.8826,-1.1522,1.4514,0.5486,0.4716,-0.0527,curve,roam_curve_left,0
3410,34.1,0.9224,-1.1053,1.4396,0.5604,0.4648,-0.0472,curve,roam_curve_left,0
3420,34.2,0.9607,-1.0623,1.4323,0.5677,0.4863,0.1395,turn,boundary_turn_inward,1
3430,34.3,1.0015,-1.0142,1.4253,0.5747,0.6807,0.2321,turn,boundary_turn_inward,1
3440,34.4,1.0376,-0.9684,1.4193,0.5807,0.5728,0.2362,turn,boundary_turn_inward,1
3450,34.5,1.07,-0.9213,1.412,0.588,0.6944,0.3116,turn,boundary_turn_inward,1
3460,34.6,1.1035,-0.8821,1.4127,0.5873,0.5014,0.3093,turn,boundary_turn_inward,1
3470,34.7,1.1322,-0.8381,1.4086,0.5914,0.5653,0.1847,turn,boundary_turn_inward,1
3480,34.8,1.1541,-0.7667,1.3856,0.6144,0.7297,0.1308,turn,boundary_turn_inward,1
3490,34.9,1.1692,-0.7028,1.3642,0.6358,0.385,0.183,turn,boundary_turn_inward,1
3500,35.0,1.1774,-0.6406,1.3404,0.6596,0.4877,-0.0707,curve,roam_curve_right,0
3510,35.1,1.188,-0.5884,1.3258,0.6742,0.4327,0.0075,curve,roam_curve_right,0
3520,35.2,1.203,-0.5315,1.3152,0.6848,0.4557,-0.0054,curve,roam_curve_right,0
3530,35.3,1.2193,-0.4713,1.3073,0.6927,0.5976,-0.0472,curve,roam_curve_right,0
3540,35.4,1.2323,-0.412,1.2993,0.7007,0.5239,-0.0515,curve,roam_curve_right,0
3550,35.5,1.2461,-0.3524,1.2949,0.7051,0.6482,-0.0114,curve,roam_curve_right,0
3560,35.6,1.2629,-0.2867,1.295,0.705,0.7261,0.0106,curve,roam_curve_right,0
3570,35.7,1.2814,-0.2123,1.2989,0.7011,0.7983,0.0726,curve,roam_curve_right,0
3580,35.8,1.3012,-0.1338,1.3081,0.6919,0.8333,0.1283,curve,roam_curve_right,0
3590,35.9,1.3227,-0.0508,1.3237,0.6763,0.895,0.1922,curve,roam_curve_right,0
3600,36.0,1.3457,0.0365,1.3462,0.6538,0.9037,0.2577,curve,roam_curve_right,0
3610,36.1,1.3658,0.1234,1.3713,0.6287,0.9056,0.277,turn,boundary_turn_inward,1
3620,36.2,1.3741,0.2122,1.3904,0.6096,0.9007,0.1059,turn,boundary_turn_inward,1
3630,36.3,1.3639,0.3005,1.3966,0.6034,0.8961,0.0224,turn,boundary_turn_inward,1
3640,36.4,1.3382,0.3868,1.393,0.607,0.922,-0.0774,move,roam_forward_cruise,0
3650,36.5,1.2992,0.4725,1.3824,0.6176,1.1027,-0.5065,move,roam_forward_cruise,0
3660,36.6,1.2666,0.5576,1.384,0.616,1.2434,-0.6302,move,roam_forward_cruise,0
3670,36.7,1.2301,0.6433,1.3881,0.6119,1.1705,-0.3217,move,roam_forward_cruise,0
3680,36.8,1.2089,0.7337,1.4141,0.5859,1.1167,0.3932,turn,boundary_turn_inward,1
3690,36.9,1.2009,0.8275,1.4584,0.5416,0.9465,0.4091,turn,boundary_turn_inward,1
3700,37.0,1.1768,0.9104,1.4879,0.5121,0.831,0.188,turn,boundary_turn_inward,1
3710,37.1,1.1386,0.9845,1.5052,0.4948,0.8291,0.1144,turn,boundary_turn_inward,1
3720,37.2,1.0845,1.044,1.5054,0.4946,0.7937,-0.0407,turn,boundary_turn_inward,1
3730,37.3,1.0235,1.0971,1.5004,0.4996,0.6783,-0.106,curve,roam_curve_left,0
3740,37.4,0.9608,1.1421,1.4925,0.5075,0.6545,-0.1313,curve,roam_curve_left,0
3750,37.5,0.8962,1.19,1.4897,0.5103,0.599,-0.0835,curve,roam_curve_left,0
3760,37.6,0.8322,1.2344,1.4887,0.5113,0.4868,-0.0358,turn,boundary_turn_inward,1
3770,37.7,0.7633,1.273,1.4843,0.5157,0.648,-0.1866,curve,roam_curve_left,0
3780,37.8,0.697,1.3044,1.4789,0.5211,0.6625,-0.3029,turn,roam_pivot_turn,0
3790,37.9,0.6341,1.3286,1.4721,0.5279,0.6258,-0.2539,turn,roam_pivot_turn,0
3800,38.0,0.5745,1.3584,1.4749,0.5251,0.6234,-0.248,turn,roam_pivot_turn,0
3810,38.1,0.5227,1.3881,1.4833,0.5167,0.6271,-0.14,turn,roam_pivot_turn,0
3820,38.2,0.4649,1.4101,1.4847,0.5153,0.7412,-0.2052,turn,roam_pivot_turn,0
3830,38.3,0.4019,1.44,1.495,0.505,1.0837,-0.2161,stop,roam_stance_pause,0
3840,38.4,0.32,1.4662,1.5007,0.4993,1.076,-0.0807,turn,boundary_turn_inward,1
3850,38.5,0.2525,1.4847,1.506,0.494,0.782,-0.0905,stop,roam_stance_pause,0
3860,38.6,0.1751,1.4937,1.504,0.496,0.9673,-0.1883,curve,roam_curve_right,0
3870,38.7,0.0985,1.4977,1.501,0.499,0.7196,-0.1111,curve,roam_curve_right,0
3880,38.8,0.039,1.4936,1.4941,0.5059,0.7117,-0.1522,curve,roam_curve_right,0
3890,38.9,-0.0201,1.4875,1.4876,0.5124,0.645,0.0525,turn,boundary_turn_inward,1
3900,39.0,-0.0863,1.4822,1.4847,0.5153,0.7916,-0.0337,turn,boundary_turn_inward,1
3910,39.1,-0.1481,1.4617,1.4692,0.5308,0.7416,-0.0878,curve,roam_curve_right,0
3920,39.2,-0.205,1.4363,1.4508,0.5492,0.6471,-0.105,curve,roam_curve_right,0
3930,39.3,-0.2615,1.406,1.4301,0.5699,0.661,-0.1184,curve,roam_curve_right,0
3940,39.4,-0.3196,1.3722,1.4089,0.5911,0.6843,-0.1164,curve,roam_curve_right,0
3950,39.5,-0.3768,1.3372,1.3893,0.6107,0.7037,-0.0975,curve,roam_curve_right,0
3960,39.6,-0.4359,1.3015,1.3726,0.6274,0.7422,-0.0317,turn,boundary_turn_inward,1
3970,39.7,-0.496,1.261,1.3551,0.6449,0.6944,0.2955,turn,boundary_turn_inward,1
3980,39.8,-0.5607,1.2299,1.3517,0.6483,0.7027,0.4439,turn,boundary_turn_inward,1
3990,39.9,-0.6314,1.2257,1.3787,0.6213,0.7644,0.6671,turn,boundary_turn_inward,1
4000,40.0,-0.7066,1.2251,1.4143,0.5857,0.7334,0.4412,turn,boundary_turn_inward,1
4010,40.1,-0.7811,1.2211,1.4496,0.5504,0.6129,0.3437,turn,boundary_turn_inward,1
4020,40.2,-0.8476,1.1973,1.467,0.533,0.5715,0.1489,turn,boundary_turn_inward,1
4030,40.3,-0.9058,1.1589,1.4709,0.5291,0.5541,-0.0113,turn,boundary_turn_inward,1
4040,40.4,-0.9564,1.12,1.4728,0.5272,0.3828,0.2448,turn,boundary_turn_inward,1
4050,40.5,-1.0039,1.0869,1.4796,0.5204,0.4471,0.2955,turn,boundary_turn_inward,1
4060,40.6,-1.0459,1.0541,1.4849,0.5151,0.6257,0.1956,turn,boundary_turn_inward,1
4070,40.7,-1.0889,1.0081,1.4839,0.5161,0.7164,0.1377,turn,boundary_turn_inward,1
4080,40.8,-1.1282,0.9609,1.482,0.518,0.7038,0.1496,turn,boundary_turn_inward,1
4090,40.9,-1.1679,0.9138,1.4829,0.5171,0.6195,0.1984,turn,boundary_turn_inward,1
4100,41.0,-1.2023,0.8652,1.4812,0.5188,0.6173,0.1834,turn,boundary_turn_inward,1
4110,41.1,-1.2383,0.8161,1.483,0.517,0.6442,0.2888,turn,boundary_turn_inward,1
4120,41.2,-1.2689,0.7683,1.4833,0.5167,0.4827,0.1525,turn,boundary_turn_inward,1
4130,41.3,-1.2886,0.7256,1.4789,0.5211,0.56,0.0585,turn,boundary_turn_inward,1
4140,41.4,-1.3003,0.6789,1.4669,0.5331,0.6387,0.1098,turn,boundary_turn_inward,1
4150,41.5,-1.3032,0.6311,1.448,0.552,0.7797,-0.0351,turn,boundary_turn_inward,1
4160,41.6,-1.3047,0.5807,1.4281,0.5719,0.7996,-0.3354,turn,roam_pivot_turn,0
4170,41.7,-1.309,0.5278,1.4114,0.5886,0.8217,-0.4798,turn,roam_pivot_turn,0
4180,41.8,-1.3077,0.4702,1.3896,0.6104,0.8267,-0.5983,turn,roam_pivot_turn,0
4190,41.9,-1.2994,0.4048,1.361,0.639,0.9816,-0.6325,stop,roam_stance_pause,0
4200,42.0,-1.284,0.3301,1.3258,0.6742,0.8591,-0.5818,stop,roam_stance_pause,0
4210,42.1,-1.2623,0.274,1.2917,0.7083,0.788,-0.5793,stop,roam_stance_pause,0
4220,42.2,-1.2472,0.2242,1.2672,0.7328,0.6598,-0.4221,curve,roam_curve_right,0
4230,42.3,-1.2311,0.1852,1.245,0.755,0.6081,-0.4048,curve,roam_curve_right,0
4240,42.4,-1.2145,0.1452,1.2232,0.7768,0.5269,-0.3628,curve,roam_curve_right,0
4250,42.5,-1.1958,0.1008,1.2001,0.7999,0.5888,-0.3788,curve,roam_curve_right,0
4260,42.6,-1.1726,0.0542,1.1739,0.8261,0.5516,-0.3514,curve,roam_curve_right,0
4270,42.7,-1.1479,0.0039,1.1479,0.8521,0.5392,-0.3285,curve,roam_curve_right,0
4280,42.8,-1.1189,-0.0482,1.1199,0.8801,0.5454,-0.3064,curve,roam_curve_right,0
4290,42.9,-1.0914,-0.1017,1.0962,0.9038,0.5417,-0.2682,curve,roam_curve_right,0
4300,43.0,-1.0652,-0.1561,1.0766,0.9234,0.5664,-0.218,curve,roam_curve_right,0
4310,43.1,-1.0427,-0.2116,1.064,0.936,0.5759,-0.1471,curve,roam_curve_right,0
4320,43.2,-1.0167,-0.2625,1.05,0.95,0.601,-0.1916,curve,roam_curve_right,0
4330,43.3,-1.0107,-0.3141,1.0584,0.9416,0.5533,0.0006,move,roam_forward_cruise,0
4340,43.4,-1.0252,-0.3645,1.0881,0.9119,0.5331,0.356,move,roam_forward_cruise,0
4350,43.5,-1.0656,-0.4121,1.1425,0.8575,0.8171,0.7998,move,roam_forward_cruise,0
4360,43.6,-1.138,-0.4556,1.2258,0.7742,0.8554,0.846,move,roam_forward_cruise,0
4370,43.7,-1.2134,-0.4997,1.3122,0.6878,0.9088,0.9,move,roam_forward_cruise,0
4380,43.8,-1.2873,-0.5485,1.3993,0.6007,0.9062,0.8929,turn,boundary_turn_inward,1
4390,43.9,-1.3559,-0.6038,1.4843,0.5157,0.8806,0.8162,turn,boundary_turn_inward,1
4400,44.0,-1.4135,-0.6718,1.565,0.435,0.8901,0.7708,turn,boundary_turn_inward,1
4410,44.1,-1.4585,-0.7473,1.6388,0.3612,0.8727,0.7135,turn,boundary_turn_inward,1
4420,44.2,-1.4973,-0.8252,1.7096,0.2904,0.8553,0.6777,turn,boundary_turn_inward,1
4430,44.3,-1.5109,-0.8743,1.7456,0.2544,0.3804,0.2086,stop,boundary_emergency_brake,1
4440,44.4,-1.5124,-0.913,1.7666,0.2334,0.3914,0.2131,stop,boundary_emergency_brake,1
4450,44.5,-1.5138,-0.9525,1.7885,0.2115,0.3907,0.2179,stop,boundary_emergency_brake,1
4460,44.6,-1.5048,-0.9629,1.7865,0.2135,0.2175,-0.2172,curve,roam_curve_left,0
4470,44.7,-1.4854,-0.9476,1.7619,0.2381,0.3411,-0.3403,curve,roam_curve_left,0
4480,44.8,-1.4516,-0.9221,1.7197,0.2803,0.4545,-0.4524,curve,roam_curve_left,0
4490,44.9,-1.4057,-0.8886,1.663,0.337,0.6256,-0.6251,curve,roam_curve_left,0
4500,45.0,-1.3526,-0.8568,1.6012,0.3988,0.648,-0.6453,turn,roam_pivot_turn,0
4510,45.1,-1.2849,-0.8417,1.536,0.464,0.7406,-0.6526,turn,roam_pivot_turn,0
4520,45.2,-1.2088,-0.8417,1.473,0.527,0.7973,-0.5932,turn,roam_pivot_turn,0
4530,45.3,-1.1289,-0.8591,1.4186,0.5814,0.8419,-0.4809,turn,roam_pivot_turn,0
4540,45.4,-1.0488,-0.8892,1.375,0.625,0.8717,-0.363,turn,roam_pivot_turn,0
4550,45.5,-0.9734,-0.9276,1.3446,0.6554,0.8108,-0.2424,stop,roam_stance_pause,0
4560,45.6,-0.9058,-0.9675,1.3254,0.6746,0.6959,-0.1413,stop,roam_stance_pause,0
4570,45.7,-0.8616,-0.9974,1.318,0.682,0.3957,-0.0153,stop,roam_stance_pause,0
4580,45.8,-0.8328,-1.0194,1.3164,0.6836,0.3311,-0.0192,curve,roam_curve_right,0
4590,45.9,-0.7994,-1.0443,1.3151,0.6849,0.5182,-0.0072,curve,roam_curve_right,0
4600,46.0,-0.7552,-1.0764,1.3149,0.6851,0.6167,0.0134,curve,roam_curve_right,0
4610,46.1,-0.7049,-1.1167,1.3206,0.6794,0.6666,0.0835,curve,roam_curve_right,0
4620,46.2,-0.6521,-1.1626,1.333,0.667,0.7161,0.1525,curve,roam_curve_right,0
4630,46.3,-0.5963,-1.2107,1.3496,0.6504,0.7598,0.1686,curve,roam_curve_right,0
4640,46.4,-0.5338,-1.2536,1.3625,0.6375,0.7659,0.0704,turn,boundary_turn_inward,1
4650,46.5,-0.4637,-1.2838,1.3649,0.6351,0.9768,0.2356,turn,boundary_turn_inward,1
4660,46.6,-0.3903,-1.3046,1.3617,0.6383,0.8592,0.0503,turn,boundary_turn_inward,1
4670,46.7,-0.313,-1.314,1.3507,0.6493,0.9306,0.0133,turn,boundary_turn_inward,1
4680,46.8,-0.2369,-1.3211,1.3421,0.6579,0.8327,-0.1069,curve,roam_curve_right,0
4690,46.9,-0.1632,-1.3317,1.3416,0.6584,0.8505,0.1089,move,roam_forward_cruise,0
4700,47.0,-0.0872,-1.3625,1.3653,0.6347,0.9988,-0.1034,move,roam_forward_cruise,0
4710,47.1,-0.0282,-1.4198,1.4201,0.5799,0.8334,0.481,turn,boundary_turn_inward,1
4720,47.2,0.0325,-1.4827,1.483,0.517,0.8616,0.521,turn,boundary_turn_inward,1
4730,47.3,0.0967,-1.5402,1.5433,0.4567,0.8024,0.4252,turn,boundary_turn_inward,1
4740,47.4,0.162,-1.5876,1.5959,0.4041,0.7499,0.3639,turn,boundary_turn_inward,1
4750,47.5,0.2294,-1.6254,1.6415,0.3585,0.7122,0.296,turn,boundary_turn_inward,1
4760,47.6,0.2984,-1.6572,1.6839,0.3161,0.697,0.2738,turn,boundary_turn_inward,1
4770,47.7,0.3683,-1.6829,1.7227,0.2773,0.6768,0.2335,stop,boundary_emergency_brake,1
4780,47.8,0.3962,-1.6924,1.7382,0.2618,0.1547,-0.1167,curve,roam_curve_left,0
4790,47.9,0.4135,-1.6984,1.748,0.252,0.0828,-0.0052,turn,boundary_turn_inward,1
4800,48.0,0.4335,-1.7003,1.7547,0.2453,0.2232,-0.2205,curve,roam_curve_left,0
4810,48.1,0.4279,-1.6949,1.7481,0.2519,0.1946,-0.0274,turn,boundary_turn_inward,1
4820,48.2,0.4216,-1.6806,1.7326,0.2674,0.3018,-0.266,curve,roam_curve_left,0
4830,48.3,0.4083,-1.659,1.7085,0.2915,0.3549,-0.3323,curve,roam_curve_left,0
4840,48.4,0.3892,-1.6311,1.6769,0.3231,0.4141,-0.3679,curve,roam_curve_left,0
4850,48.5,0.3604,-1.5937,1.6339,0.3661,0.5279,-0.4704,curve,roam_curve_left,0
4860,48.6,0.3325,-1.5473,1.5827,0.4173,0.5653,-0.5466,turn,roam_pivot_turn,0
4870,48.7,0.3146,-1.4872,1.5202,0.4798,0.629,-0.6287,turn,roam_pivot_turn,0
4880,48.8,0.3128,-1.419,1.4531,0.5469,0.6525,-0.6337,turn,roam_pivot_turn,0
4890,48.9,0.3263,-1.348,1.387,0.613,0.7076,-0.5993,turn,roam_pivot_turn,0
4900,49.0,0.3538,-1.2772,1.3253,0.6747,0.7478,-0.5304,turn,roam_pivot_turn,0
4910,49.1,0.3924,-1.2091,1.2712,0.7288,0.7894,-0.5482,stop,roam_stance_pause,0
4920,49.2,0.4267,-1.144,1.221,0.779,0.5347,-0.3523,stop,roam_stance_pause,0
4930,49.3,0.4523,-1.0968,1.1864,0.8136,0.5308,-0.3367,stop,roam_stance_pause,0
4940,49.4,0.4717,-1.0582,1.1585,0.8415,0.3328,-0.2121,curve,roam_curve_right,0
4950,49.5,0.4887,-1.0247,1.1353,0.8647,0.4438,-0.272,curve,roam_curve_right,0
4960,49.6,0.507,-0.984,1.1069,0.8931,0.4722,-0.3033,curve,roam_curve_right,0
4970,49.7,0.5288,-0.9346,1.0738,0.9262,0.6146,-0.3643,curve,roam_curve_right,0
4980,49.8,0.5563,-0.8758,1.0375,0.9625,0.691,-0.3526,curve,roam_curve_right,0
4990,49.9,0.5888,-0.8126,1.0035,0.9965,0.7483,-0.3477,curve,roam_curve_right,0
5000,50.0,0.6227,-0.741,0.9679,1.0321,0.8291,-0.3649,curve,roam_curve_right,0
5010,50.1,0.6579,-0.6645,0.935,1.065,0.8518,-0.278,curve,roam_curve_right,0
5020,50.2,0.696,-0.5845,0.9089,1.0911,0.9022,-0.2449,curve,roam_curve_right,0
5030,50.3,0.735,-0.5017,0.8899,1.1101,0.9241,-0.1364,curve,roam_curve_right,0
5040,50.4,0.7763,-0.4171,0.8813,1.1187,0.9441,-0.0271,curve,roam_curve_right,0
5050,50.5,0.8247,-0.3375,0.8911,1.1089,0.9358,0.2315,move,roam_forward_cruise,0
5060,50.6,0.8921,-0.2706,0.9322,1.0678,0.964,0.5504,move,roam_forward_cruise,0
5070,50.7,0.9742,-0.2153,0.9978,1.0022,1.0178,0.7512,move,roam_forward_cruise,0
5080,50.8,1.0646,-0.1662,1.0775,0.9225,1.0294,0.8224,move,roam_forward_cruise,0
5090,50.9,1.1585,-0.1223,1.165,0.835,1.0384,0.9081,move,roam_forward_cruise,0
5100,51.0,1.2544,-0.081,1.257,0.743,1.0383,0.9361,move,roam_forward_cruise,0
5110,51.1,1.3512,-0.0426,1.3519,0.6481,1.0403,0.9599,turn,boundary_turn_inward,1
5120,51.2,1.4431,-0.0026,1.4431,0.5569,0.9993,0.9195,turn,boundary_turn_inward,1
5130,51.3,1.5313,0.0431,1.5319,0.4681,0.9918,0.8632,turn,boundary_turn_inward,1
5140,51.4,1.6138,0.097,1.6167,0.3833,0.9825,0.8362,turn,boundary_turn_inward,1
5150,51.5,1.6913,0.1556,1.6984,0.3016,0.9725,0.8142,turn,boundary_turn_inward,1
5160,51.6,1.7415,0.2,1.7529,0.2471,0.5284,0.4046,stop,boundary_emergency_brake,1
5170,51.7,1.7775,0.2385,1.7934,0.2066,0.5209,0.4019,stop,boundary_emergency_brake,1
5180,51.8,1.8127,0.2766,1.8337,0.1663,0.4189,0.3307,stop,boundary_emergency_brake,1
5190,51.9,1.8232,0.2871,1.8457,0.1543,0.1858,-0.1632,curve,roam_curve_left,0
5200,52.0,1.8181,0.2777,1.8392,0.1608,0.1433,-0.1186,curve,roam_curve_left,0
5210,52.1,1.7966,0.2664,1.8163,0.1837,0.3648,-0.3526,curve,roam_curve_left,0
5220,52.2,1.7601,0.26,1.7792,0.2208,0.4201,-0.4043,turn,roam_pivot_turn,0
5230,52.3,1.7182,0.2759,1.7403,0.2597,0.4984,-0.3747,turn,roam_pivot_turn,0
5240,52.4,1.6812,0.3158,1.7106,0.2894,0.6088,-0.2391,turn,roam_pivot_turn,0
5250,52.5,1.6571,0.376,1.6992,0.3008,0.6579,0.0842,turn,boundary_turn_inward,1
5260,52.6,1.6393,0.4382,1.6968,0.3032,0.7591,0.2042,turn,boundary_turn_inward,1
5270,52.7,1.621,0.496,1.6952,0.3048,0.6273,0.1673,turn,boundary_turn_inward,1
5280,52.8,1.6003,0.5529,1.6932,0.3068,0.6151,0.1856,turn,boundary_turn_inward,1
5290,52.9,1.5903,0.6037,1.701,0.299,0.581,0.2422,turn,boundary_turn_inward,1
5300,53.0,1.5846,0.651,1.7131,0.2869,0.6833,0.2572,turn,boundary_turn_inward,1
5310,53.1,1.5821,0.6886,1.7254,0.2746,0.6196,0.3738,stop,boundary_emergency_brake,1
5320,53.2,1.5883,0.7199,1.7439,0.2561,0.62,0.4092,stop,boundary_emergency_brake,1
5330,53.3,1.5911,0.7236,1.748,0.252,0.1204,0.1132,stop,boundary_emergency_brake,1
5340,53.4,1.589,0.711,1.7408,0.2592,0.2375,-0.1193,curve,roam_curve_right,0
5350,53.5,1.5881,0.6889,1.7311,0.2689,0.2268,-0.0826,curve,roam_curve_right,0
5360,53.6,1.5884,0.6529,1.7174,0.2826,0.3619,-0.1133,curve,roam_curve_right,0
5370,53.7,1.5915,0.6057,1.7029,0.2971,0.5018,-0.1253,curve,roam_curve_right,0
5380,53.8,1.5998,0.5532,1.6927,0.3073,0.6025,-0.1008,curve,roam_curve_right,0
5390,53.9,1.6068,0.4927,1.6806,0.3194,0.6425,-0.1446,curve,roam_curve_right,0
5400,54.0,1.6096,0.4227,1.6642,0.3358,0.7191,-0.1679,curve,roam_curve_right,0
5410,54.1,1.6124,0.3514,1.6503,0.3497,0.5655,-0.1233,move,roam_forward_cruise,0
5420,54.2,1.6131,0.3132,1.6433,0.3567,0.7414,-0.3037,move,roam_forward_cruise,0
5430,54.3,1.6115,0.3147,1.6419,0.3581,0.3802,-0.1816,move,roam_forward_cruise,0
5440,54.4,1.6186,0.3356,1.653,0.347,0.1439,-0.1249,move,roam_forward_cruise,0
5450,54.5,1.6372,0.3769,1.68,0.32,0.4844,0.1692,turn,boundary_turn_inward,1
5460,54.6,1.6461,0.4334,1.7023,0.2977,0.5533,0.0979,turn,boundary_turn_inward,1
5470,54.7,1.6431,0.4895,1.7144,0.2856,0.551,0.0118,turn,boundary_turn_inward,1
5480,54.8,1.6331,0.5323,1.7176,0.2824,0.519,-0.511,move,roam_forward_cruise,0
5490,54.9,1.6224,0.5667,1.7185,0.2815,0.4456,-0.4342,move,roam_forward_cruise,0
5500,55.0,1.6099,0.5967,1.7169,0.2831,0.2357,-0.1694,curve,roam_curve_left,0
5510,55.1,1.5792,0.5995,1.6892,0.3108,0.4913,-0.4596,curve,roam_curve_left,0
5520,55.2,1.5402,0.5986,1.6524,0.3476,0.5291,-0.4994,curve,roam_curve_left,0
5530,55.3,1.4893,0.5968,1.6044,0.3956,0.5403,-0.5005,curve,roam_curve_left,0
5540,55.4,1.4357,0.5925,1.5532,0.4468,0.6035,-0.5695,curve,roam_curve_left,0
5550,55.5,1.3747,0.5873,1.4949,0.5051,0.6959,-0.6623,curve,roam_curve_left,0
5560,55.6,1.3082,0.5858,1.4334,0.5666,0.7052,-0.6491,curve,roam_curve_left,0
5570,55.7,1.2419,0.5885,1.3743,0.6257,0.6213,-0.5306,curve,roam_curve_left,0
5580,55.8,1.1809,0.6008,1.325,0.675,0.6589,-0.4588,turn,roam_pivot_turn,0
5590,55.9,1.1199,0.634,1.2869,0.7131,0.7139,-0.351,turn,roam_pivot_turn,0
5600,56.0,1.0614,0.6804,1.2608,0.7392,0.7632,-0.1755,turn,roam_pivot_turn,0
5610,56.1,1.008,0.7374,1.2489,0.7511,0.8082,-0.0613,turn,roam_pivot_turn,0
5620,56.2,0.9629,0.8066,1.256,0.744,0.8521,0.1345,turn,roam_pivot_turn,0
5630,56.3,0.9259,0.8815,1.2784,0.7216,0.8904,0.3517,stop,roam_stance_pause,0
5640,56.4,0.8967,0.954,1.3092,0.6908,0.6961,0.2767,stop,roam_stance_pause,0
5650,56.5,0.8755,1.0008,1.3297,0.6703,0.3954,0.1692,stop,roam_stance_pause,0
5660,56.6,0.8613,1.0354,1.3468,0.6532,0.3465,0.1692,curve,roam_curve_right,0
5670,56.7,0.8448,1.0624,1.3573,0.6427,0.3509,0.1349,turn,boundary_turn_inward,1
5680,56.8,0.8134,1.0836,1.3549,0.6451,0.4357,-0.1462,curve,roam_curve_right,0
5690,56.9,0.7658,1.0949,1.3361,0.6639,0.5963,-0.2371,curve,roam_curve_right,0
5700,57.0,0.7032,1.1089,1.3131,0.6869,0.6494,-0.2096,curve,roam_curve_right,0
5710,57.1,0.6316,1.1283,1.2931,0.7069,0.7824,-0.1701,curve,roam_curve_right,0
5720,57.2,0.5544,1.1542,1.2804,0.7196,0.8166,-0.0876,curve,roam_curve_right,0
5730,57.3,0.4745,1.1819,1.2737,0.7263,0.8497,-0.0511,curve,roam_curve_right,0
5740,57.4,0.3927,1.2093,1.2715,0.7285,0.8778,0.0098,curve,roam_curve_right,0
5750,57.5,0.3087,1.2391,1.277,0.723,0.9128,0.1064,curve,roam_curve_right,0
5760,57.6,0.2223,1.2731,1.2924,0.7076,0.9453,0.1863,curve,roam_curve_right,0
5770,57.7,0.134,1.3073,1.3141,0.6859,0.9503,0.252,move,roam_forward_cruise,0
5780,57.8,0.045,1.3414,1.3421,0.6579,0.9648,0.313,move,roam_forward_cruise,0
5790,57.9,-0.045,1.372,1.3727,0.6273,0.9644,0.3599,turn,boundary_turn_inward,1
5800,58.0,-0.135,1.3908,1.3973,0.6027,0.9098,0.1365,turn,boundary_turn_inward,1
5810,58.1,-0.2264,1.3917,1.41,0.59,0.9169,0.0377,turn,boundary_turn_inward,1
5820,58.2,-0.3174,1.3706,1.4068,0.5932,0.9383,-0.065,turn,boundary_turn_inward,1
5830,58.3,-0.4081,1.3433,1.4039,0.5961,0.9779,0.1881,turn,boundary_turn_inward,1
5840,58.4,-0.4883,1.3073,1.3955,0.6045,0.9311,0.411,turn,boundary_turn_inward,1
5850,58.5,-0.5706,1.2798,1.4012,0.5988,0.942,0.5612,turn,boundary_turn_inward,1
5860,58.6,-0.6599,1.2566,1.4194,0.5806,0.9756,0.3199,turn,boundary_turn_inward,1
5870,58.7,-0.7461,1.2285,1.4373,0.5627,0.9291,0.2321,turn,boundary_turn_inward,1
5880,58.8,-0.826,1.1893,1.448,0.552,0.8796,0.1436,turn,boundary_turn_inward,1
5890,58.9,-0.8988,1.141,1.4525,0.5475,0.86,0.1107,turn,boundary_turn_inward,1
5900,59.0,-0.9661,1.0884,1.4553,0.5447,0.9431,0.1869,turn,boundary_turn_inward,1
5910,59.1,-1.0273,1.0341,1.4576,0.5424,0.9027,0.2258,turn,boundary_turn_inward,1
5920,59.2,-1.0848,0.9794,1.4615,0.5385,0.8091,0.0877,turn,boundary_turn_inward,1
5930,59.3,-1.1369,0.9252,1.4658,0.5342,0.7541,0.1126,turn,boundary_turn_inward,1
5940,59.4,-1.1867,0.8689,1.4708,0.5292,0.9083,0.3411,turn,boundary_turn_inward,1
5950,59.5,-1.229,0.811,1.4725,0.5275,0.7561,0.3256,turn,boundary_turn_inward,1
5960,59.6,-1.2714,0.7535,1.4779,0.5221,0.7418,0.3245,turn,boundary_turn_inward,1
5970,59.7,-1.3133,0.6975,1.487,0.513,0.7458,0.3809,turn,boundary_turn_inward,1
5980,59.8,-1.3469,0.6423,1.4922,0.5078,0.696,0.3762,turn,boundary_turn_inward,1
5990,59.9,-1.3833,0.5876,1.503,0.497,0.5525,0.3042,turn,boundary_turn_inward,1
6000,60.0,-1.4099,0.5247,1.5044,0.4956,0.5877,0.1943,turn,boundary_turn_inward,1
6010,60.1,-1.4295,0.463,1.5026,0.4974,0.5225,0.2073,turn,boundary_turn_inward,1
6020,60.2,-1.444,0.3977,1.4977,0.5023,0.6098,0.1804,turn,boundary_turn_inward,1
6030,60.3,-1.457,0.3428,1.4968,0.5032,0.5714,0.2736,turn,boundary_turn_inward,1
6040,60.4,-1.463,0.3007,1.4936,0.5064,0.3706,0.1477,turn,boundary_turn_inward,1
6050,60.5,-1.4634,0.2618,1.4866,0.5134,0.3402,0.0525,turn,boundary_turn_inward,1
6060,60.6,-1.4708,0.2251,1.4879,0.5121,0.33,0.2053,turn,boundary_turn_inward,1
6070,60.7,-1.4748,0.1875,1.4866,0.5134,0.4079,0.0735,turn,boundary_turn_inward,1
6080,60.8,-1.4775,0.1412,1.4842,0.5158,0.4606,-0.3077,curve,roam_curve_right,0
6090,60.9,-1.4562,0.0926,1.4591,0.5409,0.5952,-0.3713,curve,roam_curve_right,0
6100,61.0,-1.4254,0.0465,1.4261,0.5739,0.6319,-0.3898,curve,roam_curve_right,0
6110,61.1,-1.392,0.0,1.392,0.608,0.6845,-0.4156,curve,roam_curve_right,0
6120,61.2,-1.3588,-0.0515,1.3597,0.6403,0.7407,-0.3737,curve,roam_curve_right,0
6130,61.3,-1.3346,-0.1102,1.3391,0.6609,0.7386,-0.1188,move,roam_forward_cruise,0
6140,61.4,-1.3379,-0.1821,1.3502,0.6498,0.7833,0.1154,turn,boundary_turn_inward,1
6150,61.5,-1.3478,-0.2545,1.3717,0.6283,0.8163,0.3238,turn,boundary_turn_inward,1
6160,61.6,-1.3569,-0.3254,1.3954,0.6046,0.7257,0.0531,turn,boundary_turn_inward,1
6170,61.7,-1.3447,-0.3958,1.4018,0.5982,0.6016,-0.0359,turn,boundary_turn_inward,1
6180,61.8,-1.3294,-0.4573,1.4059,0.5941,0.759,-0.321,move,roam_forward_cruise,0
6190,61.9,-1.3169,-0.5178,1.4151,0.5849,0.6446,0.0989,turn,boundary_turn_inward,1
6200,62.0,-1.3163,-0.5844,1.4402,0.5598,0.6453,0.0846,turn,boundary_turn_inward,1
6210,62.1,-1.2971,-0.6497,1.4507,0.5493,0.802,-0.2561,move,roam_forward_cruise,0
6220,62.2,-1.2699,-0.7077,1.4538,0.5462,0.5851,-0.0557,curve,roam_curve_left,0
6230,62.3,-1.2418,-0.768,1.4601,0.5399,0.6661,-0.0919,curve,roam_curve_left,0
6240,62.4,-1.206,-0.8248,1.461,0.539,0.6229,-0.2063,curve,roam_curve_left,0
6250,62.5,-1.1588,-0.8713,1.4498,0.5502,0.6482,-0.2025,curve,roam_curve_left,0
6260,62.6,-1.1129,-0.9197,1.4438,0.5562,0.5837,-0.1579,curve,roam_curve_left,0
6270,62.7,-1.0647,-0.9671,1.4383,0.5617,0.6275,-0.2286,curve,roam_curve_left,0
6280,62.8,-1.0126,-1.0111,1.4309,0.5691,0.6527,-0.1595,curve,roam_curve_left,0
6290,62.9,-0.9606,-1.0548,1.4267,0.5733,0.4356,-0.1031,curve,roam_curve_left,0
6300,63.0,-0.9057,-1.0936,1.4199,0.5801,0.6076,-0.2775,turn,roam_pivot_turn,0
6310,63.1,-0.8535,-1.1274,1.4141,0.5859,0.5425,-0.2836,turn,roam_pivot_turn,0
6320,63.2,-0.8028,-1.1627,1.4129,0.5871,0.4666,-0.3281,turn,roam_pivot_turn,0
6330,63.3,-0.7496,-1.1961,1.4116,0.5884,0.5793,-0.261,turn,roam_pivot_turn,0
6340,63.4,-0.6948,-1.2245,1.4079,0.5921,0.6339,-0.3873,turn,roam_pivot_turn,0
6350,63.5,-0.6458,-1.2586,1.4146,0.5854,0.8237,-0.1385,stop,roam_stance_pause,0
6360,63.6,-0.5769,-1.2857,1.4092,0.5908,0.9221,-0.3022,stop,roam_stance_pause,0
6370,63.7,-0.523,-1.3074,1.4082,0.5918,0.8335,-0.2232,stop,roam_stance_pause,0
6380,63.8,-0.4691,-1.3264,1.4069,0.5931,0.7116,-0.2413,curve,roam_curve_right,0
6390,63.9,-0.4213,-1.3517,1.4159,0.5841,0.5635,-0.1158,curve,roam_curve_right,0
6400,64.0,-0.3778,-1.3757,1.4266,0.5734,0.6003,-0.089,curve,roam_curve_right,0
6410,64.1,-0.3327,-1.3933,1.4325,0.5675,0.6342,-0.238,curve,roam_curve_right,0
6420,64.2,-0.2854,-1.407,1.4356,0.5644,0.5087,-0.0782,curve,roam_curve_right,0
6430,64.3,-0.2296,-1.4168,1.4353,0.5647,0.5366,-0.1129,curve,roam_curve_right,0
6440,64.4,-0.1689,-1.424,1.434,0.566,0.5638,-0.0517,curve,roam_curve_right,0
6450,64.5,-0.1059,-1.4347,1.4386,0.5614,0.6101,-0.0114,turn,boundary_turn_inward,1
6460,64.6,-0.045,-1.4353,1.436,0.564,0.5634,-0.2153,curve,roam_curve_right,0
6470,64.7,0.016,-1.4276,1.4277,0.5723,0.6049,-0.2618,curve,roam_curve_right,0
6480,64.8,0.0735,-1.4151,1.417,0.583,0.5156,-0.2729,curve,roam_curve_right,0
6490,64.9,0.1296,-1.397,1.403,0.597,0.7754,-0.6243,move,roam_forward_cruise,0
6500,65.0,0.1887,-1.3992,1.4119,0.5881,0.7022,-0.4038,move,roam_forward_cruise,0
6510,65.1,0.25,-1.4071,1.4292,0.5708,0.5808,-0.1035,move,roam_forward_cruise,0
6520,65.2,0.316,-1.4416,1.4758,0.5242,0.6885,0.3201,turn,boundary_turn_inward,1
6530,65.3,0.3919,-1.461,1.5127,0.4873,0.7963,0.2181,turn,boundary_turn_inward,1
6540,65.4,0.4679,-1.4678,1.5406,0.4594,0.8232,0.1337,turn,boundary_turn_inward,1
6550,65.5,0.5368,-1.4659,1.5611,0.4389,0.8094,0.0696,turn,boundary_turn_inward,1
6560,65.6,0.5987,-1.4626,1.5804,0.4196,0.8515,0.0091,turn,boundary_turn_inward,1
6570,65.7,0.6568,-1.4564,1.5976,0.4024,0.9361,-0.1671,move,roam_forward_cruise,0
6580,65.8,0.7226,-1.4435,1.6143,0.3857,0.8191,0.2657,turn,boundary_turn_inward,1
6590,65.9,0.7829,-1.4351,1.6348,0.3652,0.6816,0.1069,turn,boundary_turn_inward,1
6600,66.0,0.8394,-1.4173,1.6472,0.3528,0.623,0.0328,turn,boundary_turn_inward,1
6610,66.1,0.889,-1.3913,1.6511,0.3489,0.5665,0.0027,turn,boundary_turn_inward,1
6620,66.2,0.9326,-1.3561,1.6459,0.3541,0.5111,-0.1532,curve,roam_curve_left,0
6630,66.3,0.9687,-1.3169,1.6348,0.3652,0.4085,-0.1622,curve,roam_curve_left,0
6640,66.4,1.003,-1.2746,1.6219,0.3781,0.3984,-0.1278,curve,roam_curve_left,0
6650,66.5,1.0347,-1.2309,1.6081,0.3919,0.4119,-0.1271,curve,roam_curve_left,0
6660,66.6,1.0651,-1.1849,1.5933,0.4067,0.5528,-0.0109,turn,boundary_turn_inward,1
6670,66.7,1.0958,-1.139,1.5806,0.4194,0.6189,0.0255,turn,boundary_turn_inward,1
6680,66.8,1.1234,-1.0917,1.5665,0.4335,0.5592,0.0511,turn,boundary_turn_inward,1
6690,66.9,1.1488,-1.0463,1.5538,0.4462,0.5589,0.0988,turn,boundary_turn_inward,1
6700,67.0,1.1701,-0.997,1.5372,0.4628,0.8279,-0.0587,turn,boundary_turn_inward,1
6710,67.1,1.1844,-0.9483,1.5172,0.4828,0.5956,0.188,turn,boundary_turn_inward,1
6720,67.2,1.206,-0.8909,1.4994,0.5006,0.6243,0.0734,turn,boundary_turn_inward,1
6730,67.3,1.2183,-0.8334,1.4761,0.5239,0.5001,0.1006,turn,boundary_turn_inward,1
6740,67.4,1.2231,-0.7771,1.4491,0.5509,0.6146,0.0003,turn,boundary_turn_inward,1
6750,67.5,1.232,-0.7272,1.4306,0.5694,0.6324,0.0307,turn,boundary_turn_inward,1
6760,67.6,1.237,-0.6777,1.4105,0.5895,0.6791,-0.0499,turn,boundary_turn_inward,1
6770,67.7,1.2313,-0.6247,1.3807,0.6193,0.5933,-0.246,curve,roam_curve_right,0
6780,67.8,1.2219,-0.5732,1.3496,0.6504,0.6893,-0.2665,curve,roam_curve_right,0
6790,67.9,1.211,-0.5217,1.3186,0.6814,0.6488,-0.2519,curve,roam_curve_right,0
6800,68.0,1.2014,-0.47,1.29,0.71,0.5947,-0.2294,curve,roam_curve_right,0
6810,68.1,1.193,-0.417,1.2637,0.7363,0.6059,-0.1767,curve,roam_curve_right,0
6820,68.2,1.1875,-0.3592,1.2406,0.7594,0.6039,-0.1403,curve,roam_curve_right,0
6830,68.3,1.1813,-0.295,1.2176,0.7824,0.6204,-0.1179,curve,roam_curve_right,0
6840,68.4,1.1772,-0.2296,1.1994,0.8006,0.5524,0.0034,curve,roam_curve_right,0
6850,68.5,1.1816,-0.1655,1.1931,0.8069,0.5697,-0.0464,move,roam_forward_cruise,0
6860,68.6,1.2011,-0.0984,1.2051,0.7949,0.6564,0.3777,move,roam_forward_cruise,0
6870,68.7,1.2467,-0.0339,1.2472,0.7528,0.7614,0.494,move,roam_forward_cruise,0
6880,68.8,1.3023,0.0232,1.3025,0.6975,0.7031,0.587,move,roam_forward_cruise,0
6890,68.9,1.3598,0.0731,1.3617,0.6383,0.6568,0.5762,turn,boundary_turn_inward,1
6900,69.0,1.4138,0.125,1.4194,0.5806,0.7592,0.5097,turn,boundary_turn_inward,1
6910,69.1,1.4528,0.1865,1.4647,0.5353,0.6812,0.4168,turn,boundary_turn_inward,1
6920,69.2,1.4827,0.2463,1.503,0.497,0.6643,0.2612,turn,boundary_turn_inward,1
6930,69.3,1.4904,0.3129,1.5229,0.4771,0.6777,0.1595,turn,boundary_turn_inward,1
6940,69.4,1.4805,0.3799,1.5284,0.4716,0.6881,-0.0266,turn,boundary_turn_inward,1
6950,69.5,1.458,0.4465,1.5249,0.4751,0.6535,-0.1099,curve,roam_curve_left,0
6960,69.6,1.4292,0.5067,1.5163,0.4837,0.5515,-0.1892,curve,roam_curve_left,0
6970,69.7,1.3981,0.5666,1.5085,0.4915,0.5213,-0.1784,curve,roam_curve_left,0
6980,69.8,1.3649,0.6247,1.5011,0.4989,0.5007,-0.1624,curve,roam_curve_left,0
6990,69.9,1.3287,0.6822,1.4935,0.5065,0.4809,-0.1765,curve,roam_curve_left,0
7000,70.0,1.2933,0.738,1.4891,0.5109,0.4722,-0.1957,curve,roam_curve_left,0
7010,70.1,1.2594,0.795,1.4894,0.5106,0.5563,-0.2243,curve,roam_curve_left,0
7020,70.2,1.2277,0.8433,1.4894,0.5106,0.591,-0.3314,turn,roam_pivot_turn,0
7030,70.3,1.1969,0.8931,1.4934,0.5066,0.5269,-0.2943,turn,roam_pivot_turn,0
7040,70.4,1.1679,0.9536,1.5077,0.4923,0.5426,-0.1314,turn,roam_pivot_turn,0
7050,70.5,1.1463,1.0198,1.5343,0.4657,0.5318,-0.1408,turn,roam_pivot_turn,0
7060,70.6,1.1288,1.0804,1.5625,0.4375,0.45,-0.2057,turn,roam_pivot_turn,0
7070,70.7,1.1051,1.1441,1.5906,0.4094,0.8306,0.2209,turn,boundary_turn_inward,1
7080,70.8,1.0872,1.2226,1.6361,0.3639,0.7419,0.2773,turn,boundary_turn_inward,1
7090,70.9,1.0745,1.2959,1.6834,0.3166,0.7242,0.27,turn,boundary_turn_inward,1
7100,71.0,1.0674,1.3634,1.7315,0.2685,0.413,0.0396,turn,boundary_turn_inward,1
7110,71.1,1.0614,1.3881,1.7474,0.2526,0.1789,-0.1587,curve,roam_curve_right,0
7120,71.2,1.0543,1.4128,1.7629,0.2371,0.1275,-0.1004,curve,roam_curve_right,0
7130,71.3,1.0465,1.4174,1.7619,0.2381,0.4517,-0.4517,curve,roam_curve_right,0
7140,71.4,1.0399,1.3975,1.742,0.258,0.3282,-0.3216,curve,roam_curve_right,0
7150,71.5,1.032,1.3739,1.7183,0.2817,0.3391,-0.3239,curve,roam_curve_right,0
7160,71.6,1.0213,1.3413,1.6859,0.3141,0.4385,-0.4276,curve,roam_curve_right,0
7170,71.7,1.003,1.3015,1.6431,0.3569,0.504,-0.4958,curve,roam_curve_right,0
7180,71.8,0.9804,1.2559,1.5933,0.4067,0.4853,-0.4804,curve,roam_curve_right,0
7190,71.9,0.9541,1.2072,1.5387,0.4613,0.5356,-0.5267,curve,roam_curve_right,0
7200,72.0,0.9268,1.1521,1.4787,0.5213,0.5863,-0.5751,curve,roam_curve_right,0
7210,72.1,0.896,1.1119,1.428,0.572,0.4498,-0.444,move,roam_forward_cruise,0
7220,72.2,0.8657,1.0901,1.392,0.608,0.3097,-0.2776,move,roam_forward_cruise,0
7230,72.3,0.8335,1.1073,1.3859,0.6141,0.5801,-0.4272,move,roam_forward_cruise,0
7240,72.4,0.8076,1.1464,1.4023,0.5977,0.4255,-0.3142,move,roam_forward_cruise,0
7250,72.5,0.7775,1.1996,1.4296,0.5704,0.486,-0.0911,move,roam_forward_cruise,0
7260,72.6,0.7494,1.2538,1.4607,0.5393,0.4839,0.1545,turn,boundary_turn_inward,1
7270,72.7,0.7135,1.2908,1.4749,0.5251,0.5739,-0.0648,move,roam_forward_cruise,0
7280,72.8,0.6689,1.3147,1.4751,0.5249,0.7698,-0.5679,move,roam_forward_cruise,0
7290,72.9,0.6266,1.3347,1.4745,0.5255,0.7223,-0.2962,move,roam_forward_cruise,0
7300,73.0,0.5866,1.3619,1.4829,0.5171,0.7598,0.128,turn,boundary_turn_inward,1
7310,73.1,0.5356,1.4082,1.5066,0.4934,0.8722,0.0911,turn,boundary_turn_inward,1
7320,73.2,0.4748,1.4549,1.5304,0.4696,0.9449,0.0264,turn,boundary_turn_inward,1
7330,73.3,0.4108,1.4978,1.5531,0.4469,0.7878,0.0677,turn,boundary_turn_inward,1
7340,73.4,0.3481,1.5332,1.5722,0.4278,0.6858,0.0267,turn,boundary_turn_inward,1
7350,73.5,0.2864,1.558,1.5841,0.4159,0.6527,-0.0048,turn,boundary_turn_inward,1
7360,73.6,0.2166,1.5709,1.5858,0.4142,0.5554,-0.0962,curve,roam_curve_left,0
7370,73.7,0.1498,1.5791,1.5862,0.4138,0.4272,-0.0728,curve,roam_curve_left,0
7380,73.8,0.0809,1.5843,1.5864,0.4136,0.5169,-0.193,turn,roam_pivot_turn,0
7390,73.9,0.0155,1.5861,1.5862,0.4138,0.4637,-0.1897,turn,roam_pivot_turn,0
7400,74.0,-0.049,1.5925,1.5933,0.4067,0.4677,-0.1159,turn,roam_pivot_turn,0
7410,74.1,-0.1131,1.5975,1.6015,0.3985,0.4775,-0.1899,turn,roam_pivot_turn,0
7420,74.2,-0.1737,1.5977,1.6071,0.3929,0.3904,-0.1833,turn,roam_pivot_turn,0
7430,74.3,-0.2273,1.5937,1.6098,0.3902,0.5471,-0.1537,stop,roam_stance_pause,0
7440,74.4,-0.2804,1.5821,1.6068,0.3932,0.546,-0.1441,stop,roam_stance_pause,0
7450,74.5,-0.3304,1.5712,1.6056,0.3944,0.5515,-0.1508,stop,roam_stance_pause,0
7460,74.6,-0.3783,1.5609,1.6061,0.3939,0.4426,-0.1331,curve,roam_curve_right,0
7470,74.7,-0.4239,1.5542,1.611,0.389,0.4001,-0.0791,curve,roam_curve_right,0
7480,74.8,-0.4646,1.546,1.6143,0.3857,0.1875,0.0251,turn,boundary_turn_inward,1
7490,74.9,-0.4986,1.5321,1.6112,0.3888,0.2998,-0.0957,curve,roam_curve_right,0
7500,75.0,-0.5308,1.5078,1.5985,0.4015,0.3825,-0.1759,curve,roam_curve_right,0
7510,75.1,-0.5674,1.4769,1.5821,0.4179,0.4865,-0.2,curve,roam_curve_right,0
7520,75.2,-0.6095,1.4413,1.5649,0.4351,0.562,-0.2359,curve,roam_curve_right,0
7530,75.3,-0.6534,1.3983,1.5434,0.4566,0.6393,-0.2583,curve,roam_curve_right,0
7540,75.4,-0.7015,1.3516,1.5228,0.4772,0.7207,-0.2537,curve,roam_curve_right,0
7550,75.5,-0.7529,1.3048,1.5065,0.4935,0.785,-0.2145,curve,roam_curve_right,0
7560,75.6,-0.8056,1.2576,1.4935,0.5065,0.6868,-0.2475,curve,roam_curve_right,0
7570,75.7,-0.8651,1.2141,1.4907,0.5093,0.7565,-0.2972,move,roam_forward_cruise,0
7580,75.8,-0.9127,1.1828,1.494,0.506,0.433,-0.2742,move,roam_forward_cruise,0
7590,75.9,-0.9663,1.1484,1.5008,0.4992,0.7718,-0.377,move,roam_forward_cruise,0
7600,76.0,-1.0343,1.102,1.5113,0.4887,0.8207,-0.3657,move,roam_forward_cruise,0
7610,76.1,-1.1056,1.057,1.5296,0.4704,0.855,-0.1954,move,roam_forward_cruise,0
7620,76.2,-1.1833,1.0193,1.5617,0.4383,0.9075,-0.0504,turn,boundary_turn_inward,1
7630,76.3,-1.2611,0.99,1.6033,0.3967,0.8896,0.2571,turn,boundary_turn_inward,1
7640,76.4,-1.3382,0.9637,1.6491,0.3509,0.9234,0.2736,turn,boundary_turn_inward,1
7650,76.5,-1.412,0.9343,1.6931,0.3069,0.9242,0.2604,turn,boundary_turn_inward,1
7660,76.6,-1.477,0.9013,1.7303,0.2697,0.4659,-0.0406,curve,roam_curve_left,0
7670,76.7,-1.5232,0.8761,1.7572,0.2428,0.3944,0.0305,turn,boundary_turn_inward,1
7680,76.8,-1.5569,0.8463,1.772,0.228,0.3869,0.039,turn,boundary_turn_inward,1
7690,76.9,-1.5545,0.836,1.7651,0.2349,0.2276,-0.1938,curve,roam_curve_left,0
7700,77.0,-1.5294,0.8469,1.7483,0.2517,0.3151,-0.2191,curve,roam_curve_left,0
7710,77.1,-1.4964,0.8537,1.7228,0.2772,0.39,-0.3377,curve,roam_curve_left,0
7720,77.2,-1.4533,0.8609,1.6892,0.3108,0.4793,-0.3964,curve,roam_curve_left,0
7730,77.3,-1.4061,0.8699,1.6534,0.3466,0.514,-0.4273,curve,roam_curve_left,0
7740,77.4,-1.3536,0.8776,1.6132,0.3868,0.5845,-0.4955,turn,roam_pivot_turn,0
7750,77.5,-1.2963,0.8733,1.5631,0.4369,0.6297,-0.5986,turn,roam_pivot_turn,0
7760,77.6,-1.235,0.8476,1.4979,0.5021,0.7264,-0.7264,turn,roam_pivot_turn,0
7770,77.7,-1.1768,0.8055,1.4261,0.5739,0.7486,-0.7379,turn,roam_pivot_turn,0
7780,77.8,-1.1272,0.7459,1.3516,0.6484,0.8055,-0.7263,turn,roam_pivot_turn,0
7790,77.9,-1.0874,0.6816,1.2834,0.7166,0.6777,-0.558,stop,roam_stance_pause,0
7800,78.0,-1.0591,0.6278,1.2312,0.7688,0.5102,-0.444,stop,roam_stance_pause,0
7810,78.1,-1.0355,0.5825,1.1881,0.8119,0.324,-0.263,stop,roam_stance_pause,0
7820,78.2,-1.0249,0.5563,1.1662,0.8338,0.2353,-0.1828,curve,roam_curve_right,0
7830,78.3,-1.0107,0.5249,1.1389,0.8611,0.5052,-0.4073,curve,roam_curve_right,0
7840,78.4,-0.9843,0.4803,1.0952,0.9048,0.5004,-0.4066,curve,roam_curve_right,0
7850,78.5,-0.9667,0.4333,1.0594,0.9406,0.6013,-0.4342,curve,roam_curve_right,0
7860,78.6,-0.9481,0.3771,1.0203,0.9797,0.6622,-0.4528,curve,roam_curve_right,0
7870,78.7,-0.9269,0.3166,0.9795,1.0205,0.6891,-0.4331,curve,roam_curve_right,0
7880,78.8,-0.9077,0.2507,0.9417,1.0583,0.7428,-0.4157,curve,roam_curve_right,0
7890,78.9,-0.8885,0.1837,0.9073,1.0927,0.743,-0.3811,curve,roam_curve_right,0
7900,79.0,-0.8655,0.1151,0.8732,1.1268,0.7523,-0.378,curve,roam_curve_right,0
7910,79.1,-0.8372,0.0462,0.8384,1.1616,0.7882,-0.3843,curve,roam_curve_right,0
7920,79.2,-0.8063,-0.0273,0.8067,1.1933,0.8393,-0.3182,curve,roam_curve_right,0
7930,79.3,-0.7766,-0.1045,0.7836,1.2164,0.8183,-0.2244,move,roam_forward_cruise,0
7940,79.4,-0.7506,-0.1854,0.7731,1.2269,0.8248,-0.0496,move,roam_forward_cruise,0
7950,79.5,-0.7298,-0.2691,0.7778,1.2222,0.834,0.0719,move,roam_forward_cruise,0
7960,79.6,-0.7145,-0.3567,0.7985,1.2015,0.8372,0.2299,move,roam_forward_cruise,0
7970,79.7,-0.7047,-0.4453,0.8336,1.1664,0.8683,0.3894,move,roam_forward_cruise,0
7980,79.8,-0.7001,-0.5358,0.8816,1.1184,0.9061,0.5225,move,roam_forward_cruise,0
7990,79.9,-0.7015,-0.6297,0.9427,1.0573,0.944,0.6355,move,roam_forward_cruise,0
8000,80.0,-0.7069,-0.7246,1.0123,0.9877,0.9743,0.7296,move,roam_forward_cruise,0
8010,80.1,-0.7157,-0.8183,1.0871,0.9129,0.9931,0.8101,move,roam_forward_cruise,0
8020,80.2,-0.7271,-0.9119,1.1662,0.8338,1.0131,0.8477,curve,roam_curve_left,0
8030,80.3,-0.7372,-1.0073,1.2483,0.7517,0.9998,0.8421,curve,roam_curve_left,0
8040,80.4,-0.7442,-1.1046,1.3319,0.6681,0.9341,0.8125,curve,roam_curve_left,0
8050,80.5,-0.7476,-1.1936,1.4084,0.5916,0.8999,0.7853,turn,boundary_turn_inward,1
8060,80.6,-0.7365,-1.2792,1.476,0.524,0.8619,0.6252,turn,boundary_turn_inward,1
8070,80.7,-0.711,-1.3609,1.5354,0.4646,0.8492,0.5534,turn,boundary_turn_inward,1
8080,80.8,-0.675,-1.4383,1.5888,0.4112,0.8445,0.4869,turn,boundary_turn_inward,1
8090,80.9,-0.6287,-1.508,1.6338,0.3662,0.83,0.4353,turn,boundary_turn_inward,1
8100,81.0,-0.5751,-1.57,1.672,0.328,0.8097,0.3675,turn,boundary_turn_inward,1
8110,81.1,-0.5165,-1.6259,1.706,0.294,0.8039,0.3038,turn,boundary_turn_inward,1
8120,81.2,-0.4619,-1.667,1.7298,0.2702,0.5597,0.1742,stop,boundary_emergency_brake,1
8130,81.3,-0.4136,-1.6981,1.7478,0.2522,0.5789,0.186,stop,boundary_emergency_brake,1
8140,81.4,-0.3737,-1.7247,1.7648,0.2352,0.2193,0.0872,stop,boundary_emergency_brake,1
8150,81.5,-0.3658,-1.7257,1.764,0.236,0.0732,-0.044,stop,roam_stance_pause,0
8160,81.6,-0.3704,-1.7189,1.7584,0.2416,0.1253,-0.1142,stop,roam_stance_pause,0
8170,81.7,-0.3761,-1.7127,1.7535,0.2465,0.0755,-0.0249,turn,boundary_turn_inward,1
8180,81.8,-0.383,-1.7025,1.7451,0.2549,0.1223,-0.0849,curve,roam_curve_right,0
8190,81.9,-0.3959,-1.6847,1.7306,0.2694,0.3419,-0.194,curve,roam_curve_right,0
8200,82.0,-0.4189,-1.6567,1.7088,0.2912,0.3847,-0.2337,curve,roam_curve_right,0
8210,82.1,-0.447,-1.6211,1.6816,0.3184,0.5339,-0.3191,curve,roam_curve_right,0
8220,82.2,-0.4833,-1.5716,1.6442,0.3558,0.6459,-0.3968,curve,roam_curve_right,0
8230,82.3,-0.5232,-1.5165,1.6042,0.3958,0.733,-0.4145,curve,roam_curve_right,0
8240,82.4,-0.5691,-1.4544,1.5618,0.4382,0.7835,-0.415,curve,roam_curve_right,0
8250,82.5,-0.6178,-1.3894,1.5206,0.4794,0.8451,-0.4038,curve,roam_curve_right,0
8260,82.6,-0.6691,-1.3204,1.4803,0.5197,0.8773,-0.4028,curve,roam_curve_right,0
8270,82.7,-0.72,-1.2473,1.4402,0.5598,0.9059,-0.3803,curve,roam_curve_right,0
8280,82.8,-0.7755,-1.1723,1.4056,0.5944,0.9442,-0.3071,curve,roam_curve_right,0
8290,82.9,-0.8082,-1.1235,1.384,0.616,0.5359,-0.2029,move,roam_forward_cruise,0
8300,83.0,-0.8375,-1.0773,1.3645,0.6355,0.5394,-0.1817,move,roam_forward_cruise,0
8310,83.1,-0.8543,-1.0445,1.3494,0.6506,0.2166,-0.1002,move,roam_forward_cruise,0
8320,83.2,-0.8017,-1.0639,1.3321,0.6679,0.6502,-0.1727,move,roam_forward_cruise,0
8330,83.3,-0.7327,-1.0921,1.3151,0.6849,0.8457,-0.1657,move,roam_forward_cruise,0
8340,83.4,-0.6551,-1.124,1.3009,0.6991,0.8473,-0.1325,move,roam_forward_cruise,0
8350,83.5,-0.5743,-1.155,1.2899,0.7101,0.8666,-0.0722,move,roam_forward_cruise,0
8360,83.6,-0.4929,-1.188,1.2861,0.7139,0.8898,-0.0146,move,roam_forward_cruise,0
8370,83.7,-0.4097,-1.2204,1.2874,0.7126,0.8914,0.0511,move,roam_forward_cruise,0
8380,83.8,-0.3253,-1.2552,1.2966,0.7034,0.9376,0.1206,curve,roam_curve_left,0
8390,83.9,-0.2376,-1.2902,1.3119,0.6881,0.9429,0.1974,curve,roam_curve_left,0
8400,84.0,-0.1481,-1.327,1.3352,0.6648,0.9866,0.2807,curve,roam_curve_left,0
8410,84.1,-0.0576,-1.3625,1.3637,0.6363,1.0008,0.3006,turn,boundary_turn_inward,1
8420,84.2,0.034,-1.3898,1.3902,0.6098,0.9523,0.1863,turn,boundary_turn_inward,1
8430,84.3,0.1285,-1.3978,1.4037,0.5963,0.9515,0.0785,turn,boundary_turn_inward,1
8440,84.4,0.2234,-1.3902,1.4081,0.5919,0.9548,-0.0192,turn,boundary_turn_inward,1
8450,84.5,0.3163,-1.3669,1.403,0.597,0.968,-0.078,curve,roam_curve_left,0
8460,84.6,0.4082,-1.3377,1.3986,0.6014,0.9469,-0.195,turn,roam_pivot_turn,0
8470,84.7,0.4943,-1.309,1.3992,0.6008,0.9017,-0.1364,turn,roam_pivot_turn,0
8480,84.8,0.5755,-1.2763,1.4001,0.5999,0.8676,0.0163,turn,boundary_turn_inward,1
8490,84.9,0.652,-1.2372,1.3985,0.6015,0.8694,-0.0491,turn,boundary_turn_inward,1
8500,85.0,0.7264,-1.192,1.3959,0.6041,0.8613,0.1549,turn,boundary_turn_inward,1
8510,85.1,0.7894,-1.1388,1.3856,0.6144,0.6086,0.0653,turn,boundary_turn_inward,1
8520,85.2,0.8599,-1.0778,1.3788,0.6212,0.9631,0.0465,turn,boundary_turn_inward,1
8530,85.3,0.9118,-1.024,1.3711,0.6289,0.4774,0.073,turn,boundary_turn_inward,1
8540,85.4,0.946,-0.9593,1.3472,0.6528,0.5797,-0.1542,curve,roam_curve_right,0
8550,85.5,0.9754,-0.9045,1.3302,0.6698,0.6933,-0.2006,curve,roam_curve_right,0
8560,85.6,1.0047,-0.8473,1.3143,0.6857,0.6785,-0.1482,curve,roam_curve_right,0
8570,85.7,1.0384,-0.7819,1.2998,0.7002,0.7604,-0.1449,curve,roam_curve_right,0
8580,85.8,1.0737,-0.7105,1.2875,0.7125,0.8281,-0.0987,curve,roam_curve_right,0
8590,85.9,1.1095,-0.6341,1.2779,0.7221,0.8537,-0.0624,curve,roam_curve_right,0
8600,86.0,1.1475,-0.5554,1.2749,0.7251,0.8961,-0.0047,curve,roam_curve_right,0
8610,86.1,1.1885,-0.4739,1.2795,0.7205,0.9295,0.0971,curve,roam_curve_right,0
8620,86.2,1.2308,-0.391,1.2915,0.7085,0.9533,0.1446,curve,roam_curve_right,0
8630,86.3,1.2718,-0.3039,1.3076,0.6924,0.9778,0.1981,curve,roam_curve_right,0
8640,86.4,1.3153,-0.2164,1.333,0.667,0.9968,0.2952,curve,roam_curve_right,0
8650,86.5,1.3558,-0.1277,1.3618,0.6382,0.9593,0.3193,turn,boundary_turn_inward,1
8660,86.6,1.3908,-0.0403,1.3914,0.6086,0.9379,0.2219,turn,boundary_turn_inward,1
8670,86.7,1.4061,0.0524,1.4071,0.5929,0.9458,0.1313,turn,boundary_turn_inward,1
8680,86.8,1.404,0.147,1.4116,0.5884,0.9437,0.0021,turn,boundary_turn_inward,1
8690,86.9,1.3873,0.2407,1.408,0.592,0.9528,-0.0415,turn,boundary_turn_inward,1
8700,87.0,1.3664,0.3351,1.4069,0.5931,1.0588,0.395,turn,boundary_turn_inward,1
8710,87.1,1.334,0.4252,1.4001,0.5999,0.9738,0.3237,turn,boundary_turn_inward,1
8720,87.2,1.3124,0.5178,1.4109,0.5891,0.9218,0.4196,turn,boundary_turn_inward,1
8730,87.3,1.291,0.6083,1.4271,0.5729,0.9129,0.514,turn,boundary_turn_inward,1
8740,87.4,1.2706,0.6981,1.4498,0.5502,0.9038,0.3913,turn,boundary_turn_inward,1
8750,87.5,1.2489,0.7838,1.4744,0.5256,0.8347,0.2845,turn,boundary_turn_inward,1
8760,87.6,1.2131,0.8627,1.4886,0.5114,0.827,0.1889,turn,boundary_turn_inward,1
8770,87.7,1.166,0.9312,1.4922,0.5078,0.7846,0.0222,turn,boundary_turn_inward,1
8780,87.8,1.1091,0.9951,1.4901,0.5099,0.8737,0.0221,turn,boundary_turn_inward,1
8790,87.9,1.0514,1.051,1.4866,0.5134,0.8766,0.0447,turn,boundary_turn_inward,1
8800,88.0,0.9947,1.1028,1.4851,0.5149,0.8744,0.1127,turn,boundary_turn_inward,1
8810,88.1,0.9381,1.1503,1.4843,0.5157,0.8153,0.0844,turn,boundary_turn_inward,1
8820,88.2,0.8832,1.1927,1.484,0.516,0.7826,0.309,turn,boundary_turn_inward,1
8830,88.3,0.828,1.2301,1.4829,0.5171,0.7372,0.2705,turn,boundary_turn_inward,1
8840,88.4,0.774,1.2779,1.494,0.506,0.9062,0.5838,turn,boundary_turn_inward,1
8850,88.5,0.7209,1.3208,1.5047,0.4953,0.6765,0.5041,turn,boundary_turn_inward,1
8860,88.6,0.6713,1.3648,1.5209,0.4791,0.8034,0.5232,turn,boundary_turn_inward,1
8870,88.7,0.624,1.4019,1.5345,0.4655,0.5819,0.3962,turn,boundary_turn_inward,1
8880,88.8,0.5693,1.436,1.5448,0.4552,0.6635,0.4179,turn,boundary_turn_inward,1
8890,88.9,0.5208,1.4623,1.5523,0.4477,0.525,0.43,turn,boundary_turn_inward,1
8900,89.0,0.4717,1.4804,1.5537,0.4463,0.6464,0.2659,turn,boundary_turn_inward,1
8910,89.1,0.427,1.5039,1.5633,0.4367,0.6655,0.3697,turn,boundary_turn_inward,1
8920,89.2,0.3811,1.5214,1.5684,0.4316,0.656,0.2148,turn,boundary_turn_inward,1
8930,89.3,0.3344,1.5336,1.5696,0.4304,0.6739,0.2393,turn,boundary_turn_inward,1
8940,89.4,0.2829,1.5445,1.5702,0.4298,0.7475,0.2274,turn,boundary_turn_inward,1
8950,89.5,0.2274,1.5518,1.5684,0.4316,0.7933,0.1893,turn,boundary_turn_inward,1
8960,89.6,0.1726,1.5535,1.5631,0.4369,0.7763,0.1285,turn,boundary_turn_inward,1
8970,89.7,0.1173,1.5538,1.5583,0.4417,0.8287,0.12,turn,boundary_turn_inward,1
8980,89.8,0.0613,1.5532,1.5544,0.4456,0.8201,0.1502,turn,boundary_turn_inward,1
8990,89.9,0.0054,1.5496,1.5496,0.4504,0.7846,0.1483,turn,boundary_turn_inward,1
9000,90.0,-0.0545,1.5447,1.5457,0.4543,0.9255,0.1769,turn,boundary_turn_inward,1
9010,90.1,-0.1108,1.5264,1.5304,0.4696,0.7327,0.095,turn,boundary_turn_inward,1
9020,90.2,-0.1658,1.5197,1.5288,0.4712,0.7587,0.4323,turn,boundary_turn_inward,1
9030,90.3,-0.2249,1.5333,1.5497,0.4503,0.6565,0.5181,turn,boundary_turn_inward,1
9040,90.4,-0.2799,1.5463,1.5714,0.4286,0.5418,0.3801,turn,boundary_turn_inward,1
9050,90.5,-0.341,1.56,1.5968,0.4032,0.5497,0.3246,turn,boundary_turn_inward,1
9060,90.6,-0.404,1.5674,1.6186,0.3814,0.475,0.3268,turn,boundary_turn_inward,1
9070,90.7,-0.4614,1.5729,1.6392,0.3608,0.4721,0.2403,turn,boundary_turn_inward,1
9080,90.8,-0.5177,1.5681,1.6514,0.3486,0.4861,0.1283,turn,boundary_turn_inward,1
9090,90.9,-0.5679,1.5548,1.6552,0.3448,0.4513,-0.0355,turn,boundary_turn_inward,1
9100,91.0,-0.6108,1.5301,1.6476,0.3524,0.4122,-0.0627,curve,roam_curve_left,0
9110,91.1,-0.6481,1.5062,1.6397,0.3603,0.4855,0.0148,turn,boundary_turn_inward,1
9120,91.2,-0.6885,1.4884,1.6399,0.3601,0.479,0.1328,turn,boundary_turn_inward,1
9130,91.3,-0.7298,1.4669,1.6384,0.3616,0.5094,0.0894,turn,boundary_turn_inward,1
9140,91.4,-0.7703,1.4422,1.635,0.365,0.495,0.0974,turn,boundary_turn_inward,1
9150,91.5,-0.8089,1.4136,1.6286,0.3714,0.5559,0.0681,turn,boundary_turn_inward,1
9160,91.6,-0.8487,1.3832,1.6228,0.3772,0.584,0.1165,turn,boundary_turn_inward,1
9170,91.7,-0.8844,1.348,1.6123,0.3877,0.5168,-0.0142,turn,boundary_turn_inward,1
9180,91.8,-0.9119,1.311,1.597,0.403,0.642,-0.0196,turn,boundary_turn_inward,1
9190,91.9,-0.9343,1.2724,1.5786,0.4214,0.7418,0.0704,turn,boundary_turn_inward,1
9200,92.0,-0.9621,1.2279,1.5599,0.4401,0.7685,0.0202,turn,boundary_turn_inward,1
9210,92.1,-0.9891,1.1852,1.5437,0.4563,0.7418,0.0952,turn,boundary_turn_inward,1
9220,92.2,-1.0179,1.1507,1.5363,0.4637,0.7323,0.203,turn,boundary_turn_inward,1
9230,92.3,-1.0573,1.1176,1.5385,0.4615,0.715,0.3625,turn,boundary_turn_inward,1
9240,92.4,-1.0946,1.0693,1.5302,0.4698,0.7217,0.2815,turn,boundary_turn_inward,1
9250,92.5,-1.1309,1.0104,1.5165,0.4835,0.897,0.106,turn,boundary_turn_inward,1
9260,92.6,-1.1676,0.9602,1.5117,0.4883,0.9129,0.1116,turn,boundary_turn_inward,1
9270,92.7,-1.1989,0.9265,1.5151,0.4849,0.7036,0.1104,turn,boundary_turn_inward,1
9280,92.8,-1.2287,0.8945,1.5198,0.4802,0.8108,0.1739,turn,boundary_turn_inward,1
9290,92.9,-1.2601,0.8582,1.5245,0.4755,0.801,0.1655,turn,boundary_turn_inward,1
9300,93.0,-1.2882,0.815,1.5244,0.4756,0.8482,0.1261,turn,boundary_turn_inward,1
9310,93.1,-1.3196,0.7651,1.5254,0.4746,0.8632,0.1423,turn,boundary_turn_inward,1
9320,93.2,-1.3484,0.7138,1.5256,0.4744,0.9019,0.0557,turn,boundary_turn_inward,1
9330,93.3,-1.373,0.6649,1.5255,0.4745,0.88,0.0821,turn,boundary_turn_inward,1
9340,93.4,-1.3976,0.6094,1.5247,0.4753,0.9052,0.1482,turn,boundary_turn_inward,1
9350,93.5,-1.4246,0.5532,1.5283,0.4717,0.8833,0.2528,turn,boundary_turn_inward,1
9360,93.6,-1.4518,0.5012,1.5358,0.4642,0.8167,0.2563,turn,boundary_turn_inward,1
9370,93.7,-1.4765,0.4477,1.5429,0.4571,0.8626,0.505,turn,boundary_turn_inward,1
9380,93.8,-1.5091,0.3937,1.5596,0.4404,0.972,0.731,turn,boundary_turn_inward,1
9390,93.9,-1.5619,0.3406,1.5986,0.4014,0.982,0.8011,turn,boundary_turn_inward,1
9400,94.0,-1.6322,0.2975,1.6591,0.3409,0.9636,0.9231,turn,boundary_turn_inward,1
9410,94.1,-1.6995,0.2656,1.7201,0.2799,0.933,0.9177,stop,boundary_emergency_brake,1
9420,94.2,-1.7519,0.2473,1.7692,0.2308,0.864,0.8632,stop,boundary_emergency_brake,1
9430,94.3,-1.8009,0.23,1.8155,0.1845,0.9317,0.9317,stop,boundary_emergency_brake,1
9440,94.4,-1.8291,0.2156,1.8417,0.1583,0.705,0.6962,stop,boundary_emergency_brake,1
9450,94.5,-1.8437,0.2069,1.8553,0.1447,0.2816,0.2769,stop,boundary_emergency_brake,1
9460,94.6,-1.8472,0.2009,1.8581,0.1419,0.3615,-0.0716,curve,roam_curve_left,0
9470,94.7,-1.8497,0.1914,1.8596,0.1404,0.1736,-0.1686,curve,roam_curve_left,0
9480,94.8,-1.8295,0.1995,1.8404,0.1596,0.3309,-0.2789,curve,roam_curve_left,0
9490,94.9,-1.8007,0.2102,1.8129,0.1871,0.4108,-0.3593,curve,roam_curve_left,0
9500,95.0,-1.7633,0.2238,1.7774,0.2226,0.4899,-0.4179,curve,roam_curve_left,0
9510,95.1,-1.7222,0.2386,1.7386,0.2614,0.432,-0.3844,curve,roam_curve_left,0
9520,95.2,-1.6742,0.2516,1.693,0.307,0.6288,-0.5779,curve,roam_curve_left,0
9530,95.3,-1.6177,0.2637,1.6391,0.3609,0.5147,-0.4628,curve,roam_curve_left,0
9540,95.4,-1.567,0.2706,1.5902,0.4098,0.5841,-0.5706,turn,roam_pivot_turn,0
9550,95.5,-1.5057,0.264,1.5287,0.4713,0.6786,-0.6782,turn,roam_pivot_turn,0
9560,95.6,-1.4413,0.2315,1.4598,0.5402,0.7682,-0.7159,turn,roam_pivot_turn,0
9570,95.7,-1.3782,0.1875,1.3909,0.6091,0.8246,-0.7153,turn,roam_pivot_turn,0
9580,95.8,-1.3189,0.1327,1.3256,0.6744,0.8404,-0.6765,turn,roam_pivot_turn,0
9590,95.9,-1.2663,0.0752,1.2685,0.7315,0.7997,-0.5604,stop,roam_stance_pause,0
9600,96.0,-1.2203,0.0154,1.2204,0.7796,0.6779,-0.4513,stop,roam_stance_pause,0
9610,96.1,-1.1901,-0.0239,1.1904,0.8096,0.4142,-0.2846,stop,roam_stance_pause,0
9620,96.2,-1.1693,-0.0479,1.1703,0.8297,0.314,-0.2208,curve,roam_curve_right,0
9630,96.3,-1.147,-0.0749,1.1494,0.8506,0.4641,-0.2973,curve,roam_curve_right,0
9640,96.4,-1.1164,-0.1103,1.1218,0.8782,0.5343,-0.3485,curve,roam_curve_right,0
9650,96.5,-1.082,-0.1496,1.0923,0.9077,0.5826,-0.3305,curve,roam_curve_right,0
9660,96.6,-1.0439,-0.1968,1.0622,0.9378,0.6478,-0.3312,curve,roam_curve_right,0
9670,96.7,-1.0034,-0.2486,1.0337,0.9663,0.6953,-0.3163,curve,roam_curve_right,0
9680,96.8,-0.9555,-0.3032,1.0024,0.9976,0.7371,-0.3609,curve,roam_curve_right,0
9690,96.9,-0.9005,-0.3558,0.9683,1.0317,0.7633,-0.3636,curve,roam_curve_right,0
9700,97.0,-0.8426,-0.4122,0.9381,1.0619,0.8102,-0.2846,curve,roam_curve_right,0
9710,97.1,-0.7831,-0.4735,0.9152,1.0848,0.837,-0.2152,curve,roam_curve_right,0
9720,97.2,-0.7232,-0.5348,0.8994,1.1006,0.8189,-0.1451,curve,roam_curve_right,0
9730,97.3,-0.6655,-0.5959,0.8933,1.1067,0.8259,-0.0514,move,roam_forward_cruise,0
9740,97.4,-0.6127,-0.666,0.905,1.095,0.8827,0.1586,move,roam_forward_cruise,0
9750,97.5,-0.5631,-0.7422,0.9316,1.0684,0.9252,0.312,move,roam_forward_cruise,0
9760,97.6,-0.5171,-0.8232,0.9721,1.0279,0.9454,0.429,move,roam_forward_cruise,0
9770,97.7,-0.4731,-0.9061,1.0222,0.9778,0.9777,0.5364,move,roam_forward_cruise,0
9780,97.8,-0.4311,-0.99,1.0798,0.9202,0.9928,0.634,move,roam_forward_cruise,0
9790,97.9,-0.3914,-1.0753,1.1443,0.8557,0.971,0.6602,move,roam_forward_cruise,0
9800,98.0,-0.3536,-1.1601,1.2128,0.7872,0.9593,0.7148,move,roam_forward_cruise,0
9810,98.1,-0.3192,-1.2443,1.2846,0.7154,0.8586,0.7195,move,roam_forward_cruise,0
9820,98.2,-0.2886,-1.3276,1.3586,0.6414,0.8431,0.5267,turn,boundary_turn_inward,1
9830,98.3,-0.2567,-1.4097,1.4329,0.5671,0.9021,0.6586,turn,boundary_turn_inward,1
9840,98.4,-0.2033,-1.4825,1.4964,0.5036,0.8943,0.6164,turn,boundary_turn_inward,1
9850,98.5,-0.1447,-1.5494,1.5562,0.4438,0.874,0.5616,turn,boundary_turn_inward,1
9860,98.6,-0.0799,-1.6096,1.6115,0.3885,0.8785,0.5342,turn,boundary_turn_inward,1
9870,98.7,-0.0102,-1.6598,1.6598,0.3402,0.8496,0.4661,turn,boundary_turn_inward,1
9880,98.8,0.0632,-1.7019,1.7031,0.2969,0.843,0.4119,turn,boundary_turn_inward,1
9890,98.9,0.127,-1.7359,1.7405,0.2595,0.5791,0.3161,stop,boundary_emergency_brake,1
9900,99.0,0.1746,-1.7629,1.7715,0.2285,0.5114,0.3091,stop,boundary_emergency_brake,1
9910,99.1,0.2066,-1.7831,1.795,0.205,0.1849,0.1251,stop,boundary_emergency_brake,1
9920,99.2,0.2132,-1.788,1.8006,0.1994,0.4245,-0.3581,turn,roam_pivot_turn,0
9930,99.3,0.2206,-1.781,1.7946,0.2054,0.2304,-0.1919,turn,roam_pivot_turn,0
9940,99.4,0.2281,-1.7631,1.7778,0.2222,0.1379,0.0504,turn,boundary_turn_inward,1
9950,99.5,0.2365,-1.7424,1.7584,0.2416,0.1825,-0.1108,stop,roam_stance_pause,0
9960,99.6,0.2532,-1.7233,1.7418,0.2582,0.2254,-0.1502,stop,roam_stance_pause,0
9970,99.7,0.2649,-1.7093,1.7297,0.2703,0.1598,-0.1048,stop,roam_stance_pause,0
9980,99.8,0.2761,-1.6966,1.7189,0.2811,0.1622,-0.1002,curve,roam_curve_right,0
9990,99.9,0.289,-1.678,1.7027,0.2973,0.3079,-0.2319,curve,roam_curve_right,0
10000,100.0,0.307,-1.6482,1.6765,0.3235,0.4409,-0.3316,curve,roam_curve_right,0
10010,100.1,0.3353,-1.6022,1.6369,0.3631,0.5874,-0.427,curve,roam_curve_right,0
10020,100.2,0.3672,-1.5484,1.5913,0.4087,0.7009,-0.5126,curve,roam_curve_right,0
10030,100.3,0.4053,-1.4843,1.5387,0.4613,0.7903,-0.537,curve,roam_curve_right,0
10040,100.4,0.451,-1.4149,1.485,0.515,0.8618,-0.5279,curve,roam_curve_right,0
10050,100.5,0.5013,-1.342,1.4326,0.5674,0.8928,-0.5093,curve,roam_curve_right,0
10060,100.6,0.5545,-1.268,1.384,0.616,0.9253,-0.4649,curve,roam_curve_right,0
10070,100.7,0.6103,-1.1924,1.3395,0.6605,0.9372,-0.4137,curve,roam_curve_right,0
10080,100.8,0.6681,-1.1166,1.3012,0.6988,0.9593,-0.3498,curve,roam_curve_right,0
10090,100.9,0.7262,-1.0431,1.271,0.729,0.9951,-0.2634,move,roam_forward_cruise,0
10100,101.0,0.8038,-0.9732,1.2622,0.7378,1.0671,0.0347,move,roam_forward_cruise,0
10110,101.1,0.8912,-0.9096,1.2735,0.7265,1.0863,0.1978,move,roam_forward_cruise,0
10120,101.2,0.9838,-0.8507,1.3006,0.6994,1.0984,0.3539,move,roam_forward_cruise,0
10130,101.3,1.0787,-0.7963,1.3408,0.6592,1.0972,0.4635,move,roam_forward_cruise,0
10140,101.4,1.1667,-0.7379,1.3804,0.6196,1.0454,0.4327,turn,boundary_turn_inward,1
10150,101.5,1.2492,-0.675,1.4199,0.5801,1.0343,0.2927,turn,boundary_turn_inward,1
10160,101.6,1.3179,-0.5982,1.4473,0.5527,1.0362,0.2882,turn,boundary_turn_inward,1
10170,101.7,1.3764,-0.5139,1.4692,0.5308,1.0322,0.1824,turn,boundary_turn_inward,1
10180,101.8,1.4243,-0.4235,1.486,0.514,1.0165,0.1462,turn,boundary_turn_inward,1
10190,101.9,1.4611,-0.3291,1.4977,0.5023,1.0003,0.0901,turn,boundary_turn_inward,1
10200,102.0,1.4848,-0.2311,1.5027,0.4973,0.9813,-0.0106,turn,boundary_turn_inward,1
10210,102.1,1.4935,-0.1333,1.4995,0.5005,0.979,-0.036,turn,boundary_turn_inward,1
10220,102.2,1.4931,-0.0338,1.4935,0.5065,0.9551,-0.1252,curve,roam_curve_left,0
10230,102.3,1.4846,0.0622,1.4859,0.5141,0.8226,-0.1002,curve,roam_curve_left,0
10240,102.4,1.4737,0.1534,1.4816,0.5184,0.7557,-0.1605,curve,roam_curve_left,0
10250,102.5,1.4618,0.2412,1.4816,0.5184,0.7198,-0.0322,turn,boundary_turn_inward,1
10260,102.6,1.4481,0.3281,1.4848,0.5152,0.6969,-0.1789,turn,roam_pivot_turn,0
10270,102.7,1.4315,0.4117,1.4895,0.5105,0.6562,-0.2461,turn,roam_pivot_turn,0
10280,102.8,1.4176,0.4944,1.5013,0.4987,0.7322,-0.1031,turn,roam_pivot_turn,0
10290,102.9,1.4085,0.5733,1.5207,0.4793,0.6415,-0.0494,turn,boundary_turn_inward,1
10300,103.0,1.3984,0.648,1.5412,0.4588,0.7457,0.0612,turn,boundary_turn_inward,1
10310,103.1,1.3847,0.7197,1.5605,0.4395,0.7279,0.0093,turn,boundary_turn_inward,1
10320,103.2,1.3648,0.7873,1.5756,0.4244,0.6962,-0.0062,turn,boundary_turn_inward,1
10330,103.3,1.3398,0.8505,1.587,0.413,0.6828,-0.0177,turn,boundary_turn_inward,1
10340,103.4,1.3101,0.9115,1.596,0.404,0.7282,-0.2312,curve,roam_curve_right,0
10350,103.5,1.2778,0.9695,1.604,0.396,0.6672,-0.1084,curve,roam_curve_right,0
10360,103.6,1.2476,1.0236,1.6138,0.3862,0.6154,-0.0356,turn,boundary_turn_inward,1
10370,103.7,1.2154,1.073,1.6212,0.3788,0.544,-0.0937,curve,roam_curve_right,0
10380,103.8,1.1849,1.1114,1.6246,0.3754,0.2514,-0.0423,curve,roam_curve_right,0
10390,103.9,1.1556,1.1427,1.6252,0.3748,0.2788,-0.1326,curve,roam_curve_right,0
10400,104.0,1.1194,1.1704,1.6195,0.3805,0.3484,-0.2334,curve,roam_curve_right,0
10410,104.1,1.0774,1.197,1.6105,0.3895,0.3617,-0.2449,curve,roam_curve_right,0
10420,104.2,1.0325,1.2189,1.5975,0.4025,0.461,-0.2445,curve,roam_curve_right,0
10430,104.3,0.9849,1.2374,1.5815,0.4185,0.3995,-0.2077,curve,roam_curve_right,0
10440,104.4,0.9305,1.2536,1.5612,0.4388,0.5849,-0.2475,curve,roam_curve_right,0
10450,104.5,0.8763,1.2767,1.5485,0.4515,0.609,0.338,turn,boundary_turn_inward,1
10460,104.6,0.8327,1.3224,1.5628,0.4372,0.6629,0.4588,turn,boundary_turn_inward,1
10470,104.7,0.8019,1.3817,1.5976,0.4024,0.7791,0.6159,turn,boundary_turn_inward,1
10480,104.8,0.7828,1.4491,1.647,0.353,0.747,0.5978,turn,boundary_turn_inward,1
10490,104.9,0.7528,1.5114,1.6884,0.3116,0.6167,0.4499,turn,boundary_turn_inward,1
10500,105.0,0.7228,1.5659,1.7247,0.2753,0.2544,0.2492,stop,boundary_emergency_brake,1
10510,105.1,0.6994,1.6078,1.7533,0.2467,0.4213,0.3769,stop,boundary_emergency_brake,1
10520,105.2,0.6775,1.6496,1.7833,0.2167,0.5082,0.5005,stop,boundary_emergency_brake,1
10530,105.3,0.6581,1.6777,1.8021,0.1979,0.2409,0.2403,stop,boundary_emergency_brake,1
10540,105.4,0.6574,1.6758,1.8001,0.1999,0.1886,0.1159,stop,boundary_emergency_brake,1
10550,105.5,0.6723,1.6644,1.7951,0.2049,0.2843,0.0027,turn,boundary_turn_inward,1
10560,105.6,0.6822,1.6447,1.7806,0.2194,0.1618,-0.1083,curve,roam_curve_left,0
10570,105.7,0.6832,1.6179,1.7562,0.2438,0.2359,-0.2154,curve,roam_curve_left,0
10580,105.8,0.6807,1.5802,1.7206,0.2794,0.3483,-0.3286,curve,roam_curve_left,0
10590,105.9,0.6765,1.5348,1.6773,0.3227,0.4176,-0.3831,curve,roam_curve_left,0
10600,106.0,0.6768,1.4823,1.6295,0.3705,0.5249,-0.4668,curve,roam_curve_left,0
10610,106.1,0.6795,1.4238,1.5776,0.4224,0.5841,-0.5039,curve,roam_curve_left,0
10620,106.2,0.6742,1.3626,1.5203,0.4797,0.6694,-0.6551,turn,roam_pivot_turn,0
10630,106.3,0.6581,1.2983,1.4556,0.5444,0.7036,-0.6877,turn,roam_pivot_turn,0
10640,106.4,0.6306,1.2345,1.3862,0.6138,0.8189,-0.8122,turn,roam_pivot_turn,0
10650,106.5,0.5846,1.1738,1.3113,0.6887,0.8168,-0.78,turn,roam_pivot_turn,0
10660,106.6,0.5258,1.1219,1.239,0.761,0.8316,-0.7386,turn,roam_pivot_turn,0
10670,106.7,0.4582,1.0794,1.1727,0.8273,0.8563,-0.7127,stop,roam_stance_pause,0
10680,106.8,0.3995,1.0429,1.1168,0.8832,0.5625,-0.4705,stop,roam_stance_pause,0
10690,106.9,0.357,1.0171,1.078,0.922,0.4003,-0.2483,stop,roam_stance_pause,0
10700,107.0,0.321,1.0058,1.0558,0.9442,0.3542,-0.1993,curve,roam_curve_right,0
10710,107.1,0.2814,0.9968,1.0358,0.9642,0.4987,-0.2237,curve,roam_curve_right,0
10720,107.2,0.2313,0.9868,1.0136,0.9864,0.5938,-0.2484,curve,roam_curve_right,0
10730,107.3,0.1644,0.9755,0.9893,1.0107,0.6925,-0.2246,curve,roam_curve_right,0
10740,107.4,0.0921,0.964,0.9684,1.0316,0.7831,-0.2055,curve,roam_curve_right,0
10750,107.5,0.0139,0.9496,0.9497,1.0503,0.825,-0.1543,curve,roam_curve_right,0
10760,107.6,-0.0701,0.9361,0.9387,1.0613,0.8737,-0.06,curve,roam_curve_right,0
10770,107.7,-0.1574,0.9211,0.9345,1.0655,0.8976,-0.0009,curve,roam_curve_right,0
10780,107.8,-0.2476,0.9076,0.9407,1.0593,0.931,0.126,curve,roam_curve_right,0
10790,107.9,-0.3406,0.8934,0.9561,1.0439,0.9579,0.2009,curve,roam_curve_right,0
10800,108.0,-0.4361,0.8807,0.9828,1.0172,0.9771,0.3201,curve,roam_curve_right,0
10810,108.1,-0.5313,0.8705,1.0198,0.9802,0.9741,0.429,move,roam_forward_cruise,0
10820,108.2,-0.6296,0.8636,1.0687,0.9313,0.9964,0.5455,move,roam_forward_cruise,0
10830,108.3,-0.7292,0.8632,1.1299,0.8701,1.0047,0.6584,move,roam_forward_cruise,0
10840,108.4,-0.8302,0.8652,1.1991,0.8009,1.012,0.7452,move,roam_forward_cruise,0
10850,108.5,-0.9315,0.8716,1.2757,0.7243,1.0147,0.7932,move,roam_forward_cruise,0
10860,108.6,-1.0328,0.881,1.3575,0.6425,1.0115,0.6545,turn,boundary_turn_inward,1
10870,108.7,-1.1328,0.8897,1.4404,0.5596,1.0062,0.8339,turn,boundary_turn_inward,1
10880,108.8,-1.2317,0.8897,1.5194,0.4806,0.9806,0.7584,turn,boundary_turn_inward,1
10890,108.9,-1.329,0.8806,1.5943,0.4057,0.9629,0.7161,turn,boundary_turn_inward,1
10900,109.0,-1.4238,0.8628,1.6648,0.3352,0.959,0.6861,turn,boundary_turn_inward,1
10910,109.1,-1.5133,0.8405,1.7311,0.2689,0.4501,0.3741,stop,boundary_emergency_brake,1
10920,109.2,-1.5593,0.8357,1.7691,0.2309,0.4312,0.3589,stop,boundary_emergency_brake,1
10930,109.3,-1.6011,0.8316,1.8042,0.1958,0.4208,0.3536,stop,boundary_emergency_brake,1
10940,109.4,-1.6439,0.8274,1.8404,0.1596,0.3927,0.3202,stop,boundary_emergency_brake,1
10950,109.5,-1.6504,0.8223,1.844,0.156,0.1236,-0.1235,curve,roam_curve_left,0
10960,109.6,-1.6307,0.8197,1.8251,0.1749,0.3124,-0.2851,curve,roam_curve_left,0
10970,109.7,-1.592,0.8188,1.7902,0.2098,0.4447,-0.3983,curve,roam_curve_left,0
10980,109.8,-1.5467,0.8082,1.7452,0.2548,0.5067,-0.5031,turn,roam_pivot_turn,0
10990,109.9,-1.5048,0.7715,1.6911,0.3089,0.6425,-0.5599,turn,roam_pivot_turn,0
11000,110.0,-1.474,0.7127,1.6372,0.3628,0.7145,-0.5184,turn,roam_pivot_turn,0
11010,110.1,-1.4575,0.6408,1.5921,0.4079,0.7616,-0.3918,turn,roam_pivot_turn,0
11020,110.2,-1.452,0.5624,1.5571,0.4429,0.7974,-0.2785,turn,roam_pivot_turn,0
11030,110.3,-1.4586,0.4811,1.5359,0.4641,0.8357,-0.1568,stop,roam_stance_pause,0
11040,110.4,-1.4697,0.4119,1.5263,0.4737,0.569,-0.0557,stop,roam_stance_pause,0
11050,110.5,-1.4768,0.3566,1.5193,0.4807,0.5546,-0.1534,stop,roam_stance_pause,0
11060,110.6,-1.4786,0.3173,1.5123,0.4877,0.3706,-0.0274,turn,boundary_turn_inward,1
11070,110.7,-1.4762,0.281,1.5027,0.4973,0.3746,-0.1318,curve,roam_curve_right,0
11080,110.8,-1.4653,0.2397,1.4848,0.5152,0.4771,-0.1959,curve,roam_curve_right,0
11090,110.9,-1.4554,0.1884,1.4676,0.5324,0.5887,-0.1535,curve,roam_curve_right,0
11100,111.0,-1.4445,0.1274,1.4501,0.5499,0.654,-0.1917,curve,roam_curve_right,0
11110,111.1,-1.43,0.0602,1.4313,0.5687,0.7152,-0.1923,curve,roam_curve_right,0
11120,111.2,-1.4133,-0.0099,1.4133,0.5867,0.7361,-0.1657,curve,roam_curve_right,0
11130,111.3,-1.3937,-0.0836,1.3962,0.6038,0.7906,-0.1645,curve,roam_curve_right,0
11140,111.4,-1.3672,-0.1619,1.3767,0.6233,0.8424,-0.2183,curve,roam_curve_right,0
11150,111.5,-1.3338,-0.2407,1.3554,0.6446,0.883,-0.1863,curve,roam_curve_right,0
11160,111.6,-1.3028,-0.3251,1.3428,0.6572,0.9087,-0.0962,curve,roam_curve_right,0
11170,111.7,-1.2769,-0.4125,1.3419,0.6581,0.925,0.1412,move,roam_forward_cruise,0
11180,111.8,-1.2647,-0.5051,1.3618,0.6382,0.9606,0.318,turn,boundary_turn_inward,1
11190,111.9,-1.2539,-0.5963,1.3885,0.6115,0.8954,0.1431,turn,boundary_turn_inward,1
11200,112.0,-1.2215,-0.6798,1.3979,0.6021,0.9081,0.0829,turn,boundary_turn_inward,1
11210,112.1,-1.1758,-0.7571,1.3985,0.6015,0.9004,-0.0606,turn,boundary_turn_inward,1
11220,112.2,-1.1258,-0.8339,1.401,0.599,1.083,-0.2693,move,roam_forward_cruise,0
11230,112.3,-1.0857,-0.9153,1.42,0.58,0.8815,0.0868,turn,boundary_turn_inward,1
11240,112.4,-1.0602,-1.0067,1.462,0.538,0.9482,0.2948,turn,boundary_turn_inward,1
11250,112.5,-1.0351,-1.1001,1.5105,0.4895,0.9318,0.2672,turn,boundary_turn_inward,1
11260,112.6,-1.0073,-1.1854,1.5556,0.4444,0.8532,0.2361,turn,boundary_turn_inward,1
11270,112.7,-0.9763,-1.2623,1.5958,0.4042,0.7847,0.2111,turn,boundary_turn_inward,1
11280,112.8,-0.9408,-1.3351,1.6332,0.3668,0.785,0.2169,turn,boundary_turn_inward,1
11290,112.9,-0.9082,-1.4054,1.6733,0.3267,0.7255,0.2894,turn,boundary_turn_inward,1
11300,113.0,-0.8812,-1.4727,1.7162,0.2838,0.6782,0.3031,turn,boundary_turn_inward,1
11310,113.1,-0.857,-1.5236,1.748,0.252,0.4524,0.0835,stop,boundary_emergency_brake,1
11320,113.2,-0.8332,-1.5511,1.7607,0.2393,0.1505,0.1045,stop,boundary_emergency_brake,1
11330,113.3,-0.8122,-1.5706,1.7682,0.2318,0.2464,-0.0096,turn,boundary_turn_inward,1
11340,113.4,-0.7931,-1.5733,1.7619,0.2381,0.2216,-0.2089,turn,roam_pivot_turn,0
11350,113.5,-0.7786,-1.567,1.7498,0.2502,0.4221,-0.3801,turn,roam_pivot_turn,0
11360,113.6,-0.763,-1.57,1.7455,0.2545,0.0572,0.0133,move,boundary_inward_drive,1
11370,113.7,-0.7492,-1.5654,1.7354,0.2646,0.2232,-0.2228,turn,roam_pivot_turn,0
11380,113.8,-0.6937,-1.5709,1.7172,0.2828,0.6745,-0.1926,turn,roam_pivot_turn,0
11390,113.9,-0.6352,-1.5765,1.6997,0.3003,0.62,-0.1733,stop,roam_stance_pause,0
11400,114.0,-0.5945,-1.5832,1.6911,0.3089,0.4619,-0.1408,stop,roam_stance_pause,0
11410,114.1,-0.5619,-1.5888,1.6853,0.3147,0.4793,-0.1788,stop,roam_stance_pause,0
11420,114.2,-0.5244,-1.5933,1.6774,0.3226,0.4031,-0.0766,curve,roam_curve_right,0
11430,114.3,-0.4822,-1.5999,1.671,0.329,0.5313,-0.0846,curve,roam_curve_right,0
11440,114.4,-0.4309,-1.606,1.6629,0.3371,0.6009,-0.1064,curve,roam_curve_right,0
11450,114.5,-0.3709,-1.6097,1.6519,0.3481,0.6343,-0.1269,curve,roam_curve_right,0
11460,114.6,-0.303,-1.611,1.6393,0.3607,0.7131,-0.0902,curve,roam_curve_right,0
11470,114.7,-0.2292,-1.6112,1.6274,0.3726,0.7508,-0.0647,curve,roam_curve_right,0
11480,114.8,-0.1547,-1.6108,1.6182,0.3818,0.8472,0.0037,turn,boundary_turn_inward,1
11490,114.9,-0.0819,-1.6127,1.6148,0.3852,0.7552,0.1024,turn,boundary_turn_inward,1
11500,115.0,-0.0093,-1.6144,1.6144,0.3856,0.8647,0.0845,turn,boundary_turn_inward,1
11510,115.1,0.0596,-1.6151,1.6162,0.3838,0.8218,0.1375,turn,boundary_turn_inward,1
11520,115.2,0.1268,-1.6129,1.6179,0.3821,0.7566,0.1701,turn,boundary_turn_inward,1
11530,115.3,0.1932,-1.6142,1.6257,0.3743,0.7374,0.2599,turn,boundary_turn_inward,1
11540,115.4,0.2643,-1.6193,1.6408,0.3592,0.82,0.4632,turn,boundary_turn_inward,1
11550,115.5,0.3391,-1.6336,1.6684,0.3316,0.8423,0.4091,turn,boundary_turn_inward,1
11560,115.6,0.4148,-1.6421,1.6936,0.3064,0.7289,0.3191,turn,boundary_turn_inward,1
11570,115.7,0.4853,-1.6438,1.7139,0.2861,0.6614,0.3131,turn,boundary_turn_inward,1
11580,115.8,0.5327,-1.641,1.7253,0.2747,0.2975,0.0522,turn,boundary_turn_inward,1
11590,115.9,0.5562,-1.6434,1.7349,0.2651,0.5537,0.4734,stop,boundary_emergency_brake,1
11600,116.0,0.571,-1.6399,1.7365,0.2635,0.4558,0.4501,stop,boundary_emergency_brake,1
11610,116.1,0.5702,-1.6302,1.727,0.273,0.4833,0.4683,stop,boundary_emergency_brake,1
11620,116.2,0.573,-1.6517,1.7483,0.2517,0.4788,0.4439,stop,boundary_emergency_brake,1
11630,116.3,0.5754,-1.6599,1.7568,0.2432,0.0814,0.0795,turn,boundary_turn_inward,1
11640,116.4,0.5818,-1.6493,1.7489,0.2511,0.1757,-0.1249,curve,roam_curve_left,0
11650,116.5,0.5932,-1.6206,1.7257,0.2743,0.3299,-0.2381,curve,roam_curve_left,0
11660,116.6,0.6087,-1.5791,1.6924,0.3076,0.453,-0.3294,curve,roam_curve_left,0
11670,116.7,0.6296,-1.5327,1.6569,0.3431,0.5059,-0.3189,curve,roam_curve_left,0
11680,116.8,0.6586,-1.4793,1.6193,0.3807,0.6218,-0.3587,curve,roam_curve_left,0
11690,116.9,0.6923,-1.4332,1.5917,0.4083,0.6399,-0.3029,curve,roam_curve_left,0
11700,117.0,0.7312,-1.3812,1.5628,0.4372,0.6579,-0.2769,turn,roam_pivot_turn,0
11710,117.1,0.7804,-1.3357,1.547,0.453,0.6871,-0.083,turn,roam_pivot_turn,0
11720,117.2,0.8346,-1.291,1.5373,0.4627,0.7077,-0.31,turn,roam_pivot_turn,0
11730,117.3,0.8924,-1.2537,1.5389,0.4611,0.5417,-0.2147,turn,roam_pivot_turn,0
11740,117.4,0.9519,-1.2183,1.5461,0.4539,0.5658,-0.0941,turn,roam_pivot_turn,0
11750,117.5,1.0078,-1.1832,1.5543,0.4457,0.6092,0.0067,turn,boundary_turn_inward,1
11760,117.6,1.0574,-1.1441,1.558,0.442,0.632,-0.0838,stop,roam_stance_pause,0
11770,117.7,1.0945,-1.0886,1.5437,0.4563,0.7875,-0.3764,stop,roam_stance_pause,0
11780,117.8,1.1253,-1.0406,1.5327,0.4673,0.4405,-0.139,curve,roam_curve_right,0
11790,117.9,1.1512,-1.0052,1.5283,0.4717,0.4056,-0.1668,curve,roam_curve_right,0
11800,118.0,1.1715,-0.9664,1.5186,0.4814,0.3931,-0.2226,curve,roam_curve_right,0
11810,118.1,1.1903,-0.919,1.5038,0.4962,0.4531,-0.2062,curve,roam_curve_right,0
11820,118.2,1.2041,-0.8689,1.4849,0.5151,0.4998,-0.2119,curve,roam_curve_right,0
11830,118.3,1.2203,-0.8149,1.4673,0.5327,0.5965,-0.2014,curve,roam_curve_right,0
11840,118.4,1.2428,-0.7536,1.4534,0.5466,0.6796,-0.1644,curve,roam_curve_right,0
11850,118.5,1.2674,-0.6874,1.4418,0.5582,0.751,-0.1558,curve,roam_curve_right,0
11860,118.6,1.2906,-0.6181,1.431,0.569,0.6774,-0.1996,curve,roam_curve_right,0
11870,118.7,1.3139,-0.5421,1.4213,0.5787,0.7875,-0.2667,curve,roam_curve_right,0
11880,118.8,1.3349,-0.4657,1.4138,0.5862,0.7522,-0.2215,curve,roam_curve_right,0
11890,118.9,1.3458,-0.3893,1.401,0.599,0.978,-0.6265,move,roam_forward_cruise,0
11900,119.0,1.3527,-0.3134,1.3886,0.6114,0.9139,-0.5221,move,roam_forward_cruise,0
11910,119.1,1.366,-0.2365,1.3863,0.6137,0.9048,-0.5879,move,roam_forward_cruise,0
11920,119.2,1.3772,-0.1587,1.3863,0.6137,0.9341,-0.5655,move,roam_forward_cruise,0
11930,119.3,1.4024,-0.0799,1.4046,0.5954,0.8085,-0.0447,turn,boundary_turn_inward,1
11940,119.4,1.4381,-0.0058,1.4381,0.5619,0.8588,0.2496,turn,boundary_turn_inward,1
11950,119.5,1.4714,0.065,1.4729,0.5271,0.8746,0.2098,turn,boundary_turn_inward,1
11960,119.6,1.5029,0.1304,1.5086,0.4914,0.8413,0.1879,turn,boundary_turn_inward,1
11970,119.7,1.5293,0.1919,1.5413,0.4587,0.8366,0.2225,turn,boundary_turn_inward,1
11980,119.8,1.5497,0.2566,1.5708,0.4292,0.8219,0.1797,turn,boundary_turn_inward,1
11990,119.9,1.5667,0.315,1.5981,0.4019,0.7177,0.1848,turn,boundary_turn_inward,1
12000,120.0,1.5748,0.3711,1.618,0.382,0.6063,0.116,turn,boundary_turn_inward,1
