time_s,step,contact_number,phase,x_m,y_m,z_m,vx_m_s,vy_m_s,gap_to_wall_cm
0.0,0,0,approach,5.333205214432056e-05,-0.14996067985842562,0.16555536564898046,0.004824954106852687,-0.00773565762125555,15.003932014157442
0.01,1,0,approach,0.0010727415187579898,-0.15125427461771523,0.16673172750469048,0.15177325099271405,-0.18468420247294665,14.874572538228477
0.02,2,0,approach,0.002785676914485787,-0.15321534522855396,0.17289943395669585,0.16565264943298605,-0.17822719210232138,14.678465477144606
0.03,3,0,approach,0.0050303434677670435,-0.15586312876409014,0.18140567748572434,0.2638870128143509,-0.3233171346555102,14.413687123590988
0.04,4,0,approach,0.0070715393636839735,-0.158197053147301,0.18919905576043783,0.1639572321285584,-0.17197091917353308,14.180294685269903
0.05,5,0,approach,0.008964146066553266,-0.16033947732824022,0.19589221225633605,0.19959518881079757,-0.22401329520196858,13.96605226717598
0.06,6,0,approach,0.010767590093886649,-0.16235998578882896,0.20161084602652435,0.16628132520171182,-0.18320793474279495,13.764001421117102
0.07,7,0,approach,0.012636072875831772,-0.1644819661988717,0.20631641453056362,0.20007843419300123,-0.23024220141451993,13.551803380112828
0.08,8,0,approach,0.014429445756516822,-0.16650279155269937,0.21003285297700527,0.16504471891817546,-0.18193599959717233,13.349720844730065
0.09,9,0,approach,0.01611123257523262,-0.16837021355485943,0.21278016434659983,0.16998365258047266,-0.1888452238743727,13.162978644514059
0.1,10,0,approach,0.017835881764798077,-0.17029626491141786,0.21452956075946672,0.17361961929105071,-0.19383404175451857,12.970373508858216
0.11,11,0,approach,0.019588801402456776,-0.17226069908335298,0.21528327017381332,0.17605535197125172,-0.19713662600553683,12.7739300916647
0.12,12,0,approach,0.021361173141670586,-0.17425148337367005,0.2150455504525591,0.17769905204618672,-0.19936926580767048,12.574851662632994
0.13,13,0,approach,0.023146776389636182,-0.1762603582474287,0.2138195943836654,0.17881548929991758,-0.2009042976168049,12.373964175257132
0.14,14,0,approach,0.024941305981636467,-0.1782816725535451,0.21160757902323662,0.17954884325917508,-0.20192441940980022,12.171832744645492
0.15,15,0,approach,0.02674165935165659,-0.18031123404225674,0.20841071420588447,0.1800495572799427,-0.20263966354229532,11.968876595774327
0.16,16,0,approach,0.028546076765870083,-0.18234673731244136,0.20423027979263875,0.18037764504544326,-0.20311919208607015,11.765326268755864
0.17,17,0,approach,0.030351397261978635,-0.1843723936192525,0.19908509273389444,0.17995941307575672,-0.19959300858465207,11.562760638074751
0.18,18,0,approach,0.03212507119686295,-0.18631506027979539,0.19318278979798226,0.17568905553481728,-0.1903956527243038,11.368493972020463
0.19,19,0,approach,0.03393996928465341,-0.18829749299256496,0.1869759823877159,0.18636280525250473,-0.20541840750356666,11.170250700743503
0.2,20,0,approach,0.036053960997173305,-0.19066077473148912,0.1813976674379819,0.2312842899965199,-0.25885159526702345,10.93392252685109
0.21,21,0,approach,0.0388177896577143,-0.1937256944033427,0.1776907725670149,0.30777711354213433,-0.33898368182644795,10.627430559665733
0.22,22,0,approach,0.04245700332065738,-0.1977094038598032,0.17666637433028778,0.3983786153409063,-0.43474154278352395,10.229059614019679
0.23,23,0,approach,0.04692868611497386,-0.20260507460947103,0.17828727881377737,0.4667089028432589,-0.5161209056138034,9.739492539052899
0.24,24,0,approach,0.05184039312144803,-0.20798574109386586,0.18187806694805755,0.5035880687915145,-0.5476139067349286,9.201425890613416
0.25,25,1,approach,0.05700174414981231,-0.2138034752199093,0.18596061924190413,0.5245031923638286,-0.6015199518481432,8.61965247800907
0.26,26,1,brace,0.062175021611106884,-0.2195756637139252,0.18939644440178632,0.5098189413967514,-0.5553522439828968,8.042433628607482
0.27,27,1,brace,0.06653626944451325,-0.2191560986183006,0.1920192622802552,0.3830118507262533,0.497959952378317,8.084390138169942
0.28,28,1,brace,0.07089663330482425,-0.2081150491244223,0.19552902992926088,0.4626778967814087,1.4512077922957367,9.188495087557772
0.29,29,1,brace,0.07494977718120442,-0.1904225084053224,0.1996403937626558,0.4109799020992424,1.8734594292283782,10.957749159467758
0.3,30,1,brace,0.07907896504145777,-0.1707338725106262,0.20368100834176334,0.41548207972946494,2.0173774605556387,12.926612748937385
0.31,31,1,brace,0.08327219895742423,-0.15055189222282428,0.20687686421798482,0.42235098168254975,2.0103128455533645,14.944810777717574
0.32,32,1,brace,0.08750917845762418,-0.1305393259363641,0.20905994669889394,0.4259088307696744,1.995291482725532,16.94606740636359
0.33,33,1,brace,0.09177098674612977,-0.11065066209633485,0.210239423966803,0.4279174206919507,1.9847598295711653,18.934933790366518
0.34,34,1,brace,0.09604528194874656,-0.09085129190935734,0.21042600642219225,0.42899457995476026,1.975974519735914,20.914870809064272
0.35000000000000003,35,1,brace,0.1003288096768473,-0.07124298666002507,0.2097681932039488,0.4297583555447067,1.9472852948397021,22.87570133399749
0.36,36,1,brace,0.10461666190751834,-0.05202719695253794,0.20853156543278625,0.42995698904605023,1.9052864560627978,24.79728030474621
0.37,37,1,brace,0.10890687222893136,-0.033312410006615695,0.2068548613479383,0.43024109192947074,1.8467380026846005,26.668758999338426
0.38,38,1,brace,0.11318577524318943,-0.01528146269426839,0.204958386173245,0.4293966249600113,1.7703049041944199,28.47185373057316
0.39,39,1,brace,0.11738246545840608,0.001980956493117531,0.20299071562139506,0.4186118018720008,1.6987979198111498,30.198095649311753
0.4,40,1,brace,0.12147029391756163,0.018563916040703635,0.20103964371393862,0.4033777611348325,1.6332820164079063,31.856391604070367
0.41000000000000003,41,1,brace,0.12539596710090053,0.03455221571508535,0.19934406543677874,0.385978631166858,1.5776654325729642,33.45522157150853
0.42,42,1,shove,0.12914167032195806,0.050043343763801484,0.19823768553264876,0.3685744812635458,1.5332051493504582,35.00433437638014
0.43,43,1,shove,0.13277236801534753,0.06542348717979932,0.19752525024773132,0.3600321008852509,1.5203194937414564,36.542348717979934
0.44,44,1,shove,0.1363247921175218,0.08021204637373537,0.1969095710640817,0.35527130939031704,1.4523843661881617,38.02120463737354
0.45,45,1,shove,0.13985503781592765,0.09500086190585945,0.19612205756363302,0.3551784454724102,1.4658458191782522,39.50008619058595
0.46,46,1,shove,0.14340166373972468,0.10946289455310199,0.19560235769229656,0.35998189904856737,1.4366317837207294,40.94628945531019
0.47000000000000003,47,1,shove,0.14704071670057686,0.12368310112736505,0.19556955783666624,0.3679814589272287,1.4125593864429742,42.36831011273651
0.48,48,1,shove,0.15075684331590444,0.13764763765120427,0.19634578803689443,0.3732279416316033,1.3891835754765216,43.76476376512043
0.49,49,1,shove,0.1544769560234114,0.15142457957208766,0.19806525389827992,0.3705485051512494,1.3742617920381406,45.14245795720876
0.5,50,1,shove,0.15808300782375126,0.16510827826255917,0.2000123519160469,0.35607292074301233,1.3655401865403836,46.51082782625592
0.51,51,1,shove,0.1615588696148085,0.17871235208295308,0.20199341750698083,0.34383924142695194,1.3575533147833234,47.8712352082953
0.52,52,1,shove,0.16495898378918747,0.1920292419655226,0.20408221289115971,0.34101470372023857,1.3474709236131217,49.20292419655225
0.53,53,1,shove,0.16835469916687065,0.20548315213536986,0.20568981455451504,0.3421233726166516,1.3413786261791254,50.54831521353699
0.54,54,1,shove,0.1717657975136535,0.218857922480735,0.20691951519256122,0.3444736339575395,1.3339565348878397,51.88579224807349
0.55,55,1,shove,0.17524018700731736,0.23218037476900802,0.20774527310704244,0.3505042106935541,1.3308643539054614,53.218037476900804
0.56,56,1,shove,0.17876244134278907,0.24544018158373154,0.2078339565318745,0.35476742922224397,1.3255920423247645,54.544018158373156
0.5700000000000001,57,1,shove,0.18231061277442187,0.2587108877551054,0.2070617297217732,0.35653042288373343,1.3311401112040697,55.871088775510536
0.58,58,1,shove,0.18586048317147696,0.27204310674173654,0.20558560667980444,0.35644137724971714,1.3355144783970836,57.204310674173655
0.59,59,1,shove,0.18941157681117704,0.2853777673568404,0.20356109846039433,0.3558018451697069,1.332152378273866,58.53777673568404
0.6,60,1,shove,0.19291714219197295,0.2984195663424971,0.20142116387297876,0.3528321277683824,1.3211619907410996,59.841956634249705
0.61,61,1,shove,0.1964292365683645,0.3116218530861499,0.1989879133886345,0.35079102901827713,1.3157042257141875,61.162185308614994
0.62,62,1,shove,0.1999033849293404,0.32474016663060873,0.19679401152174242,0.3453861484622708,1.309841595454244,62.47401666306087
0.63,63,1,shove,0.2033201488821301,0.33775841504282117,0.19537088177549136,0.34148999415005454,1.2970930528568163,63.77584150428211
0.64,64,1,shove,0.20673110624271238,0.3506488481040126,0.194995569382375,0.34221170469558826,1.2847026642718031,65.06488481040125
0.65,65,1,shove,0.21016839277662014,0.3634462820211232,0.19575054655430832,0.3454168191840026,1.2774473860530013,66.34462820211232
0.66,66,1,shove,0.21361167220961355,0.3761639292731442,0.1968842614237791,0.3437471449633307,1.2691425617954115,67.61639292731442
0.67,67,1,shove,0.2170092324159029,0.3887746579162463,0.19804966534668045,0.33922237567294194,1.258142090718776,68.87746579162463
0.68,68,1,shove,0.22032488543790527,0.40116588948745896,0.1994407842904192,0.3370180902490826,1.2524072987242736,70.1165889487459
0.6900000000000001,69,1,shove,0.22368576509045948,0.4136921922479167,0.20083159965161348,0.3350325651695592,1.2521943595488836,71.36921922479166
0.7000000000000001,70,1,shove,0.22702809756670633,0.4262222768451678,0.20235534874073202,0.33306032195824076,1.2558359676679964,72.62222768451677
0.71,71,1,shove,0.23036795020635545,0.4387084320944591,0.2033975808168147,0.3308735169304419,1.2562259650394862,73.87084320944591
0.72,72,1,shove,0.2336694268425505,0.45125896543297567,0.2037851422611597,0.3303459082281787,1.2523329127348088,75.12589654329757
0.73,73,1,shove,0.23696596277089227,0.46371960284005365,0.20371277840918173,0.3301350551041308,1.2423034674887563,76.37196028400535
0.74,74,1,shove,0.24028302718854969,0.4760589176375993,0.20333318281669144,0.3322934949936983,1.2296689916077626,77.60589176375993
0.75,75,1,shove,0.24361306537701874,0.48829130611052596,0.202745959668459,0.3344712008932061,1.218773484702528,78.8291306110526
0.76,76,1,shove,0.24691447084818346,0.5003581637519385,0.20215337708286527,0.33680793511167983,1.2109781788607579,80.03581637519385
0.77,77,1,shove,0.2502971007304176,0.5122967302716712,0.20164885354422815,0.3409611586363792,1.2066646240622292,81.22967302716711
0.78,78,1,shove,0.2537469425291593,0.524397831162483,0.20127726720526742,0.3469618067553762,1.2108294705409135,82.4397831162483
0.79,79,1,shove,0.2572285262151252,0.5364837597871632,0.20084046644050063,0.3487437672947045,1.2061576097914912,83.64837597871632
0.8,80,1,shove,0.26071138606823213,0.548492318814791,0.20018441698463144,0.3481566193437088,1.1973199395812546,84.8492318814791
0.81,81,1,shove,0.26420059723850464,0.5603735399421884,0.19947055023643026,0.34865847619807677,1.184413150139076,86.03735399421885
0.8200000000000001,82,1,recovery,0.26768052407978893,0.5721522042010788,0.19876612982296538,0.348755286943889,1.1739729315274687,87.21522042010788
0.8300000000000001,83,1,recovery,0.2727928621522563,0.5813129177363107,0.19783128031646738,0.5621786488813079,0.7913769919990978,88.13129177363108
0.84,84,1,recovery,0.27694174259018045,0.5919984425347222,0.19636826147495504,0.35940790243330717,1.2459700350109715,89.19984425347222
0.85,85,1,recovery,0.2811755965684868,0.6024148382172534,0.19439662223045517,0.47884581788373093,0.9159796527064503,90.24148382172534
0.86,86,1,recovery,0.2848943651465897,0.6140320748477753,0.19186985878387572,0.34898738560450066,1.2514050444227374,91.40320748477754
0.87,87,1,recovery,0.288716189860083,0.6256063204732688,0.1898291529224073,0.37554925621857854,1.095481369712672,92.56063204732689
0.88,88,1,recovery,0.2927502413989991,0.637444938176186,0.1882602344643307,0.41802428570072303,1.2369313870238268,93.74449381761859
0.89,89,1,recovery,0.2971239890084145,0.6490946256577037,0.18736347329389608,0.43242163957371904,1.1267837004625072,94.90946256577037
0.9,90,1,recovery,0.30153397604999443,0.6608789659802687,0.18621918049174677,0.431997199537529,1.1580680123697034,96.08789659802687
0.91,91,1,recovery,0.3062461501481424,0.6724876115450551,0.1853086746056719,0.49697271886483707,1.1659650600592437,97.2487611545055
0.92,92,1,recovery,0.3118803971686868,0.6839642289369019,0.18500779195290448,0.6104808141026843,1.138820932047866,98.39642289369019
0.93,93,1,recovery,0.3181693023407516,0.6953405029059099,0.18566126323333218,0.638031007199563,1.1390518046542626,99.53405029059098
0.9400000000000001,94,1,recovery,0.32503664441926056,0.706651066459803,0.18670713400894315,0.6959814696806408,1.129476989414403,100.66510664598032
0.9500000000000001,95,1,recovery,0.3321035751375605,0.7178896160360141,0.18767139765917581,0.7078282777402525,1.1216800347566878,101.78896160360142
0.96,96,1,recovery,0.339280370630375,0.7290542232776112,0.18860018146467494,0.7198068250979355,1.1144007243332514,102.90542232776112
0.97,97,1,recovery,0.3465937441632826,0.7401484409334049,0.1894714565638456,0.7365411359187444,1.1073821593993496,104.0148440933405
0.98,98,1,recovery,0.354077403387567,0.7511635113619641,0.18994790887922675,0.7539953414778088,1.1007808058058655,105.11635113619641
0.99,99,1,recovery,0.3613796819217631,0.7620676906318608,0.1898607153668223,0.7162906253469328,1.0892043462369632,106.20676906318609
1.0,100,1,recovery,0.3690686967430974,0.7729858973541612,0.18939462985225483,0.7999647887636083,1.0950157755305088,107.29858973541613
1.01,101,1,recovery,0.3769879058230154,0.7838763668109162,0.18896246243843884,0.7789832638795553,1.0866398795452041,108.38763668109164
1.02,102,1,recovery,0.38521358839816633,0.7947466361957212,0.18854661382860016,0.8468652251157273,1.0876384444373277,109.47466361957213
1.03,103,1,recovery,0.3935520984115778,0.8055871811077889,0.18825482754577294,0.8500297076239071,1.0849977130001898,110.55871811077891
1.04,104,1,recovery,0.4021475044413008,0.8164477403882857,0.18802308303495607,0.8591040035354813,1.0874511012082735,111.64477403882857
1.05,105,1,recovery,0.4106890736644896,0.8273064614002738,0.18763607672122684,0.8641763154008374,1.0946925154149731,112.73064614002739
1.06,106,1,recovery,0.41940578573894466,0.8382985767917408,0.18702057430800006,0.8740480992817861,1.1015596690040084,113.82985767917408
1.07,107,1,approach,0.42821942644558103,0.8493306423243558,0.18604947905150143,0.8829650188286848,1.1040663830772965,114.93306423243558
1.08,108,1,approach,0.43624617746756145,0.8589366071173267,0.1854573290127201,0.7667058014662691,0.8745192741127147,115.89366071173268
1.09,109,1,approach,0.4448449586408714,0.869319508012735,0.18531538769145864,0.9171550732347856,1.1237961058300054,116.93195080127352
1.1,110,1,approach,0.45392685580896397,0.8787766544066634,0.18720657470710825,0.874080457382413,0.8462242664917766,117.87766544066636
1.11,111,1,approach,0.4638830993514912,0.8878104476886303,0.1900442119036526,1.0731873314352838,0.9631669210455914,118.78104476886304
1.12,112,1,approach,0.47352146019595287,0.8968702873755549,0.19211624638095295,0.8771757598326417,0.9124030637772833,119.6870287375555
1.1300000000000001,113,1,approach,0.483644638313464,0.9061407053764953,0.19375153265049488,1.1061759687108548,0.9366823785169547,120.61407053764954
1.1400000000000001,114,1,approach,0.49348795702833026,0.9153286136229389,0.1950558326766341,0.9352475021730027,0.8999066642426778,121.53286136229391
1.1500000000000001,115,1,approach,0.5038927042805633,0.9243821520676986,0.19611580675221504,1.1110311803412172,0.9092949270539492,122.43821520676987
1.16,116,1,approach,0.5142962135959265,0.9330902196823931,0.1971003618386496,1.003498126316923,0.8526758128494353,123.30902196823932
1.17,117,1,approach,0.5250809968756591,0.9415143402635262,0.19768214061094366,1.1000254509628082,0.8394806625092086,124.15143402635263
1.18,118,1,approach,0.5358443853669963,0.9492284157455373,0.1978697605615431,1.062569140931114,0.7260218209721762,124.92284157455373
1.19,119,1,approach,0.5468417357685995,0.956639533561755,0.19783798736319386,1.1268552534135192,0.7520936769406207,125.66395335617551
1.2,120,1,approach,0.5579305470843716,0.9634468134851483,0.19783721363812512,1.0956982856753692,0.6593256236771995,126.34468134851484
1.21,121,1,approach,0.5690985828492933,0.9703210834896983,0.1973833449612858,1.131522200489879,0.7066560717141036,127.03210834896983
1.22,122,1,approach,0.5803490813322107,0.9766785290558236,0.19651342909578115,1.1216562075708174,0.5905752036848336,127.66785290558238
1.23,123,1,approach,0.5918150363521808,0.9826273942408444,0.19549062478478565,1.1649079944178355,0.6003583614514605,128.26273942408446
1.24,124,1,approach,0.6033832712966972,0.987997958550383,0.19446228093730691,1.1560236930718821,0.4982034160128642,128.79979585503833
1.25,125,1,approach,0.6151455373147334,0.9932038012819099,0.19295131473323998,1.1912308871797919,0.5370723535139627,129.320380128191
1.26,126,1,approach,0.6270311708627299,0.997955139434074,0.19113049548574804,1.1794769174311022,0.4550962951014844,129.7955139434074
1.27,127,1,approach,0.6390970384502191,1.0024940223616985,0.18893578120898621,1.2262994792387054,0.4581541254314291,130.24940223616986
1.28,128,1,approach,0.6512235212219877,1.0067581332386897,0.18678660231063435,1.205881476107109,0.4033932027680711,130.67581332386897
1.29,129,1,approach,0.663554164583563,1.0104783884340742,0.18515003611577419,1.2500473086507726,0.35246083060558747,131.04783884340742
1.3,130,1,approach,0.6758968185966131,1.0134421916402223,0.1845079989155837,1.2257684851946518,0.260279779569314,131.34421916402223
1.31,131,1,approach,0.6883854837237374,1.0156109326640508,0.18497425646963808,1.2647356394418472,0.19011207230397925,131.5610932664051
1.32,132,1,approach,0.7010243600669334,1.0168831617021767,0.18691383702483608,1.26651993543658,0.08833454762480006,131.6883161702177
1.33,133,1,approach,0.714054044949609,1.0173372879594307,0.19003987879787443,1.3256452612847403,0.02409556496049828,131.73372879594308
1.34,134,1,approach,0.7272629397618429,1.0173374768115502,0.19328791502557463,1.3146249589083405,-0.005955312406768318,131.73374768115502
1.35,135,1,approach,0.7403418199307599,1.017625556498477,0.19546924645378794,1.3027134880654545,0.05467300888467507,131.7625556498477
1.36,136,1,approach,0.753504970963707,1.017784111639566,0.1966337042170925,1.3264044308486536,-0.010543927673850283,131.7784111639566
1.37,137,1,approach,0.7666196262816304,1.0180290186946381,0.1967448248483372,1.3029042178521664,0.050954440413697386,131.80290186946382
1.3800000000000001,138,1,approach,0.7797864709540112,1.0181112629616018,0.19599433605108016,1.3295826345741417,-0.016538725875714005,131.81112629616018
1.3900000000000001,139,1,approach,0.7929944668698043,1.0181430002355845,0.19441498290409862,1.3270699395323247,-0.008219089764205849,131.81430002355845
1.4000000000000001,140,1,approach,0.806311480234583,1.0179178447833181,0.19244598269959226,1.3360661334976807,-0.031281644616602544,131.7917844783318
1.41,141,1,approach,0.8197644727499998,1.0173678870998006,0.19040253973510304,1.3524936634018174,-0.07011770161550417,131.73678870998006
1.42,142,1,approach,0.8333561770585011,1.0164525485843923,0.18871005691138779,1.3785858738488599,-0.1157620874053751,131.64525485843924
1.43,143,1,approach,0.8473804252719065,1.014978670936909,0.18757455641622506,1.415978799946833,-0.16353862457816049,131.4978670936909
1.44,144,1,approach,0.8615536260433023,1.0132930874202721,0.18653034119476608,1.4182288302231305,-0.1700089731287661,131.32930874202722
1.45,145,1,approach,0.8757265712620609,1.0114902825542187,0.1854279989390194,1.416396913035476,-0.18699613528293435,131.14902825542188
1.46,146,1,approach,0.8898664682641664,1.0094101352843214,0.18450529425337658,1.4134514009041386,-0.22233556101291752,130.94101352843214
1.47,147,1,approach,0.9040190388183608,1.006891024281223,0.1843075165096918,1.4178991653067123,-0.27054461542818314,130.6891024281223
1.48,148,1,approach,0.9181740699535837,1.0043170888745763,0.18530581342947602,1.4153316445400184,-0.24395954933481684,130.43170888745763
1.49,149,1,approach,0.9325970612678636,1.0010303579195412,0.1870587054523149,1.4571510491284585,-0.3770698363088776,130.1030357919541
1.5,150,1,approach,0.9470564693020911,0.9975653860546818,0.18849115248209536,1.4405123909134478,-0.3297182763733566,129.7565386054682
1.51,151,1,approach,0.961457891070139,0.994135986437232,0.1893386859440969,1.4593632570834565,-0.36766054376052193,129.41359864372322
1.52,152,1,approach,0.9759844286417168,0.9906979275282666,0.18942566136577046,1.4463126070906385,-0.3235430360069418,129.06979275282666
1.53,153,1,approach,0.9905539272481712,0.9871504861504017,0.18890658251645578,1.4639005225359476,-0.37242853639580126,128.71504861504016
1.54,154,1,approach,1.0051253164292677,0.983354250759878,0.18827934995144324,1.4596198435313568,-0.39501525067835025,128.3354250759878
1.55,155,1,approach,1.0197394551069912,0.9791369070723009,0.18796985631786975,1.4627978311882301,-0.4336267253880889,127.9136907072301
1.56,156,1,approach,1.0344178710434149,0.9745258633083766,0.18789608601665428,1.468916828097718,-0.46648695027439374,127.45258633083768
1.57,157,1,approach,1.0490976133042442,0.9698314485920255,0.18767819820959,1.4685904515188273,-0.4694531833733691,126.98314485920257
1.58,158,1,approach,1.0637065140050301,0.9653165717441826,0.18739247955985427,1.455126503205203,-0.4341350589047752,126.53165717441827
1.59,159,1,approach,1.0782776473208164,0.9607593794772109,0.18684544709892897,1.4790509688418194,-0.48274955560080596,126.0759379477211
1.6,160,1,approach,1.0929804114757011,0.9561090565328244,0.186109303142061,1.461807931828943,-0.4492948704522389,125.61090565328246
1.61,161,1,approach,1.1077029234922076,0.9512384139033573,0.18524868236637385,1.4793409604648835,-0.5107775620628524,125.12384139033574
1.62,162,1,approach,1.122379851341589,0.9461913835591449,0.18484202747047726,1.4615603204335474,-0.49962933103136875,124.61913835591449
1.6300000000000001,163,1,approach,1.1371278995331051,0.9406683918436376,0.1852602707263048,1.4832286260637617,-0.5804049428059019,124.06683918436376
1.6400000000000001,164,1,approach,1.1519302717718902,0.9348890995585327,0.1860647162550786,1.481621272618491,-0.5792326266721497,123.48890995585329
1.6500000000000001,165,1,approach,1.1667896014785417,0.9289625542121887,0.1868696301860405,1.4888832450969114,-0.5923923847035156,122.89625542121887
1.6600000000000001,166,1,approach,1.181434621163676,0.9233986993378758,0.18728508908274855,1.4657173288820093,-0.5447766601838734,122.33986993378758
1.67,167,1,approach,1.1962859917240547,0.9174578639277902,0.1874721402685784,1.4934534856833472,-0.6192112820404647,121.74578639277902
1.68,168,1,approach,1.2111100424673042,0.9114844721475761,0.18744326697363117,1.47511073485799,-0.5785648934641751,121.14844721475761
1.69,169,1,approach,1.2259728732240736,0.9053386679564632,0.1872426228837992,1.4933277110790297,-0.6349303011420206,120.53386679564633
1.7,170,1,approach,1.2408037679833406,0.8992580272487634,0.1868718578356281,1.4798118241816962,-0.5894672103165356,119.92580272487633
1.71,171,1,approach,1.2555313119044575,0.8932118395489855,0.1861267747787505,1.4682006685620765,-0.6119198455561061,119.32118395489857
1.72,172,1,approach,1.270384969612052,0.8868839694882382,0.18520270868803312,1.5002968017360008,-0.6561837725401589,118.68839694882382
1.73,173,1,approach,1.2852270371814025,0.8804738574448593,0.18436198176220703,1.4726813223521682,-0.6263002077668591,118.04738574448595
1.74,174,1,approach,1.3000265443997094,0.8742073063051046,0.18342549503860103,1.4880772715644917,-0.6260242979533615,117.42073063051046
1.75,175,1,approach,1.3149461707069157,0.8676210069876296,0.18267598192109905,1.4951795028787278,-0.6792233887477122,116.76210069876296
1.76,176,1,approach,1.3298291768856574,0.8610387450635814,0.18237367492383574,1.4833759532310458,-0.6383972538307476,116.10387450635815
1.77,177,1,approach,1.3446668562978155,0.8542228822099093,0.18214840021138598,1.4842387323646584,-0.7064192111548567,115.42228822099094
1.78,178,1,approach,1.3594492628020989,0.8471448667665759,0.18232222731597708,1.4791218194413,-0.7291186075082742,114.7144866766576
1.79,179,1,approach,1.374110477522865,0.8399023414049349,0.18294531966167246,1.4537358301360717,-0.7079230113572657,113.9902341404935
1.8,180,1,approach,1.3888600691454462,0.832532137032885,0.18389089749396265,1.4890926005444212,-0.7527676139806203,113.25321370328851
1.81,181,1,approach,1.4034940275458152,0.8253404501667715,0.1849710936292448,1.463051462767909,-0.7116745235412597,112.53404501667717
1.82,182,1,approach,1.4182601440679303,0.817829038925037,0.18569143831334325,1.4825608126281367,-0.7686942753773663,111.78290389250371
1.83,183,1,approach,1.432991918381577,0.8103655481319771,0.18630108972027595,1.4677285589310818,-0.7283488149989008,111.03655481319772
1.84,184,1,approach,1.447688845847254,0.8027775607097467,0.18709478763551485,1.4838217637849076,-0.7827408052450338,110.27775607097468
1.85,185,1,approach,1.4624514392360197,0.7951607695678304,0.18760543600612684,1.4729656348288804,-0.7419835572660795,109.51607695678305
1.86,186,1,approach,1.477246448566852,0.7874083298213688,0.18759419414978393,1.4838041585187787,-0.7936136009925312,108.74083298213688
1.87,187,1,approach,1.4919960306035378,0.7796606742473599,0.1874773881462833,1.4704369324976847,-0.7602364143992437,107.966067424736
1.8800000000000001,188,1,approach,1.5066216062018383,0.7719392927632098,0.18707204817081172,1.451642870371148,-0.7518366914596913,107.19392927632099
1.8900000000000001,189,1,approach,1.5212690796371147,0.7640488262668971,0.18654101833544648,1.4751731101743357,-0.8129815789643735,106.40488262668973
1.9000000000000001,190,1,approach,1.5359051747906167,0.7563053365689629,0.18629471363393194,1.4545470179987972,-0.7403299952969118,105.63053365689629
1.9100000000000001,191,1,approach,1.5506462915809351,0.7481769911091398,0.1857004498367428,1.4862306881419762,-0.8543328320450634,104.81769911091399
1.92,192,1,approach,1.5653895234197666,0.7401244381863916,0.18486585365321612,1.4683249345335612,-0.7963526723017893,104.01244381863917
1.93,193,1,approach,1.5802340900032699,0.7319454364881107,0.18407861955231347,1.494698615599272,-0.8286117032793502,103.19454364881109
1.94,194,1,approach,1.5949357656791254,0.7240428336054818,0.18345580938331502,1.4627874315967118,-0.7820534722286395,102.40428336054819
1.95,195,1,approach,1.609649629383757,0.7158140150929744,0.18302621854630152,1.4775404934311314,-0.8450894293584247,101.58140150929744
1.96,196,1,approach,1.6242308282406894,0.7073668660714433,0.18350594093065334,1.4459203744444356,-0.8345113098261806,100.73668660714435
1.97,197,1,approach,1.6388301042426112,0.6987711182843116,0.18429568313588604,1.4701246850300949,-0.8722819693047348,99.87711182843117
1.98,198,1,approach,1.6534609519595636,0.690216890163395,0.18488567093898192,1.469433736119426,-0.8572117186426801,99.02168901633951
1.99,199,1,approach,1.6679781925742594,0.6821165064789683,0.18558365670964982,1.436300686653468,-0.7693017552507885,98.21165064789682
2.0,200,1,approach,1.682679527086115,0.6737406717888457,0.18600625689034536,1.48767537768725,-0.8756655408294869,97.37406717888456
2.0100000000000002,201,1,approach,1.6972903879631704,0.6654448802762246,0.18614915771118537,1.4442328277338907,-0.7969648408621467,96.54448802762246
2.02,202,1,approach,1.7119246883904955,0.6568760293224042,0.18623866133090233,1.4754144908415485,-0.8938626101568576,95.68760293224042
2.0300000000000002,203,1,approach,1.7264778498693267,0.6482981046438067,0.1864409107746413,1.4456253064430757,-0.8524043074448872,94.82981046438067
2.04,204,1,approach,1.740981422546303,0.6396216626212361,0.18639192512238428,1.4380954123405487,-0.8509093588351792,93.9621662621236
2.05,205,1,approach,1.7556499287884404,0.6309048420619019,0.18644692458282464,1.4892486340467708,-0.8860634811402374,93.09048420619018
2.06,206,1,approach,1.7703714899766239,0.6223951481829781,0.18612836860229137,1.4674845638551401,-0.8306937937529424,92.2395148182978
2.07,207,1,approach,1.7851800261227935,0.6136849315681597,0.18543373476590297,1.4866154009848447,-0.8916187699810377,91.36849315681597
2.08,208,1,approach,1.7998838515223456,0.6050272214576461,0.18449081287011204,1.459619120612798,-0.8473813000557786,90.50272214576461
2.09,209,1,approach,1.8144733163063598,0.5963247882574362,0.18348321288446542,1.4601839779138264,-0.8882637171727762,89.63247882574362
2.1,210,1,approach,1.8289676139619226,0.5876064706191927,0.18297784204412765,1.4448997242405492,-0.859188999933143,88.76064706191927
2.11,211,1,approach,1.8434020074712396,0.5789363233772717,0.18287358843917564,1.4415117293148172,-0.8679671456803519,87.89363233772717
2.12,212,1,approach,1.8580316422919476,0.569958194945803,0.1829941087384398,1.4789892754850766,-0.9210621873466845,86.99581949458029
2.13,213,1,approach,1.87270988878096,0.5609609014368465,0.1832620202473912,1.4583762344230586,-0.8816993806491177,86.09609014368466
2.14,214,1,approach,1.8873647429500868,0.5518913091099461,0.1834031035049297,1.4706564074463777,-0.921904498365059,85.18913091099462
2.15,215,1,approach,1.901633995882783,0.5432820733675909,0.18391998134187287,1.396060546670942,-0.8110598438708201,84.32820733675909
2.16,216,1,approach,1.916158135747497,0.5342007091873769,0.18435868680201822,1.4625598882836164,-0.9459637195389479,83.4200709187377
2.17,217,1,approach,1.93068534025265,0.5250883502072184,0.1849119862231415,1.4547038195052207,-0.901603005368764,82.50883502072185
2.18,218,1,approach,1.9451702847299197,0.5159020472186101,0.1849847440494782,1.4422688318979735,-0.9054593685924891,81.59020472186101
2.19,219,1,approach,1.9597929803012668,0.5064247158449152,0.18476320096858811,1.4736065621229302,-0.9658959103485383,80.64247158449153
2.2,220,1,approach,1.9743213966509805,0.4970224786652609,0.1843881659274207,1.4405500084184275,-0.9212722687847172,79.7022478665261
2.21,221,1,approach,1.9886100975401966,0.48761639330024126,0.1842055904855093,1.4211584108228803,-0.9488903870679442,78.76163933002412
2.22,222,1,approach,2.0029531739178066,0.4781285585838835,0.18414531692638575,1.4423430954578855,-0.946075068399817,77.81285585838835
2.23,223,1,approach,2.0174676561408553,0.46835999469869893,0.18416565581041497,1.4606342508181238,-0.9998885593751263,76.83599946986989
2.24,224,1,approach,2.031941952923685,0.4587569747141526,0.18433327423332385,1.4403919309625917,-0.9281012245567665,75.87569747141526
2.25,225,1,approach,2.046489987306321,0.44894186189177815,0.18431720964647935,1.463920981061738,-1.0158940914097407,74.89418618917782
2.2600000000000002,226,1,approach,2.0609335683658743,0.4394040038653278,0.1844488765090654,1.4333925960875622,-0.9152472974357824,73.94040038653277
2.27,227,1,approach,2.075458103951079,0.42957894907638255,0.18436045703855955,1.4629514333602813,-1.0205164730419982,72.95789490763825
2.2800000000000002,228,1,approach,2.0898031860810935,0.4197402307171684,0.18441297297065928,1.4300931817755747,-0.9740590392774896,71.97402307171684
2.29,229,1,approach,2.1042384036958963,0.4096917950265806,0.18461484244958437,1.4515412493026332,-1.019679918701918,70.96917950265805
2.3000000000000003,230,1,approach,2.118579154657545,0.399778862791807,0.1845880496764227,1.4237403162804325,-0.9708367516327195,69.9778862791807
2.31,231,1,approach,2.132931492300078,0.3898702714503801,0.18443558514049757,1.4428138962276778,-1.0026122128027322,68.987027145038
2.32,232,1,approach,2.147259406738794,0.3802729563761795,0.18445634245603132,1.4346471665962641,-0.9444216928281702,68.02729563761794
2.33,233,1,approach,2.161573635249648,0.37066249228042525,0.18427040545477577,1.4279253387641802,-0.9675994631403939,67.06624922804252
2.34,234,1,approach,2.175962919460494,0.36094115957239187,0.18380176572300014,1.4461656024798712,-0.9713123365829143,66.09411595723918
2.35,235,1,approach,2.190250444537602,0.3511089468926015,0.18346225788569184,1.4197339744071096,-0.9858409294382606,65.11089468926016
2.36,236,1,approach,2.2045373747240338,0.34120763912793123,0.18331146889196767,1.4355194649570313,-0.9880573980083636,64.12076391279312
2.37,237,1,approach,2.218856384067515,0.33113260458024185,0.18338624878081616,1.4383989544316864,-1.0304306250878597,63.11326045802418
2.38,238,1,approach,2.2332148151447666,0.3208459690841456,0.18385187408142545,1.4357646896343301,-1.0298699928469615,62.08459690841456
2.39,239,1,approach,2.2473775001131404,0.31104613996693914,0.18419205772235964,1.4020500488419818,-0.9429707822712645,61.104613996693914
2.4,240,1,approach,2.2616081126321492,0.3009342237950414,0.1844238835257471,1.4352506775600085,-1.050911530956562,60.09342237950413
2.41,241,1,approach,2.2757519359567944,0.29085145870053214,0.18494407635162413,1.4029024736561369,-0.9747426921892435,59.08514587005321
2.42,242,1,approach,2.289996508593776,0.28047663540843165,0.18535278125562482,1.4371095706076773,-1.0741319341395772,58.04766354084316
2.43,243,1,approach,2.3042568816201787,0.27007734524215987,0.18538150411785817,1.4311045895517949,-1.0548375502997724,57.007734524215984
2.44,244,1,approach,2.3184034515916756,0.2597514484740864,0.18500556087670533,1.403855766881532,-1.0134240345281988,55.97514484740863
2.45,245,1,approach,2.3325720510641283,0.24931187879207228,0.18456891372891962,1.4257569402276686,-1.063060931796584,54.93118787920722
2.46,246,1,approach,2.346680958988217,0.23891125185039652,0.18420105725622607,1.4009445013092972,-1.022599960256211,53.891125185039655
2.47,247,1,approach,2.36061637858394,0.22879440367192136,0.18393959297467982,1.3881357327856365,-1.0005028725321077,52.87944036719213
2.48,248,1,approach,2.374752464954987,0.21834750578029496,0.18378058457130406,1.40708570425959,-1.0498641726250064,51.8347505780295
2.49,249,1,approach,2.388894616991673,0.20768295925518013,0.18323485459032549,1.4191898027068377,-1.0800087028815144,50.76829592551802
2.5,250,1,approach,2.402975872947736,0.1971568645622366,0.18263520080218626,1.4015477432297834,-1.032843125531724,49.715686456223665
2.5100000000000002,251,1,approach,2.416961373188923,0.18676747296900567,0.18206347493741354,1.3876432117786983,-1.0190481936144975,48.67674729690057
2.52,252,1,approach,2.4309830565894552,0.1762952718437357,0.18183208532319792,1.4125878534228344,-1.0639218253038316,47.629527184373565
2.5300000000000002,253,1,approach,2.4449451166869784,0.16609587056775033,0.18222751153958333,1.3839468389404463,-0.9821643409229036,46.609587056775034
2.54,254,1,approach,2.4589623943681387,0.1556310986519939,0.18266930138781193,1.4139240764846313,-1.0843451665340562,45.563109865199394
2.5500000000000003,255,1,approach,2.472906908772235,0.14534221245361859,0.18330079855823653,1.3836212791644333,-0.9918750591464045,44.53422124536186
2.56,256,1,approach,2.4867509080041748,0.1350047437976589,0.18429495851783312,1.3838207995893705,-1.0551324943225666,43.50047437976588
2.57,257,1,approach,2.5006466916050787,0.12463543333748568,0.18538334171959442,1.3967481550560417,-1.0195018399075737,42.46354333374857
2.58,258,1,approach,2.5146318681784834,0.11386309406944975,0.18594234040643953,1.4091132967205449,-1.0947965569291607,41.386309406944974
2.59,259,1,approach,2.528524289441481,0.10325886342794219,0.18626034345491713,1.379552455564363,-1.0406337270839792,40.32588634279421
2.6,260,1,approach,2.5422114129211546,0.09268797916218655,0.18639233041441652,1.3601917743635794,-1.0625585776169917,39.26879791621866
2.61,261,1,approach,2.5559814577670896,0.08203035501004782,0.18646566551914567,1.3875568291136917,-1.0618166851865056,38.20303550100478
2.62,262,1,approach,2.569901145700587,0.07134751658865568,0.1861758091524343,1.3955163173679737,-1.099657004663226,37.13475165886556
2.63,263,1,approach,2.583782333108786,0.060603111183075625,0.18539223874928548,1.3840419999016425,-1.0532474944228933,36.06031111830757
2.64,264,1,approach,2.597750422446009,0.04982980659509968,0.18444580532742397,1.4034392425962772,-1.090717897388261,34.98298065950996
2.65,265,1,approach,2.611476709131159,0.03950238287580705,0.18362642643682006,1.3704838250077649,-1.0065261607871392,33.9502382875807
2.66,266,1,approach,2.6253897613619537,0.0287918139885048,0.18274589914895562,1.3990995271948143,-1.1054056703461748,32.87918139885048
2.67,267,1,approach,2.6391405506113927,0.018138540247263125,0.182219038611228,1.3630321042756421,-1.0471411681152412,31.813854024726318
2.68,268,1,approach,2.6528431212650787,0.0073969520319964715,0.18229089041310517,1.3765953635774717,-1.0890274473941994,30.739695203199645
2.69,269,1,approach,2.6665444314225164,-0.0032377570534908653,0.18278354596642904,1.3671721987706218,-1.046114503444456,29.67622429465091
2.7,270,1,approach,2.6802790727390327,-0.01367244339938323,0.18360563494016505,1.3733158988173153,-1.0427806679106806,28.632755660061683
2.71,271,1,approach,2.6941089749793794,-0.02417520775827402,0.1842509636247774,1.3865869670940465,-1.055143337142131,27.582479224172594
2.72,272,1,approach,2.7078599465944606,-0.03477713642728196,0.18456325552853153,1.3620894655085605,-1.0447270656055971,26.522286357271806
2.73,273,1,approach,2.721559061331236,-0.04549561134472916,0.18474135651956453,1.374309374532111,-1.087351543960626,25.45043886552708
2.74,274,1,approach,2.735133851497597,-0.05613662163497324,0.1850934780760504,1.347358142990824,-1.0464060395996726,24.386337836502676
2.75,275,1,approach,2.748563414901459,-0.06660309469314883,0.18522119470692955,1.342692093413732,-1.0455708711715468,23.339690530685118
2.7600000000000002,276,1,approach,2.7621615762885083,-0.07713050027194908,0.18529981013578362,1.3702411352086425,-1.0562943492929868,22.286949972805097
2.77,277,1,approach,2.7757975530724788,-0.08753714276375442,0.18517592484755077,1.3548820115873803,-1.0204216488291185,21.24628572362456
2.7800000000000002,278,1,approach,2.7894971117950464,-0.09817851238902939,0.18459941747009423,1.3870697942478494,-1.1052812342697316,20.182148761097064
2.79,279,1,approach,2.802965642643238,-0.1088039747087681,0.18397784946230872,1.3198716234864976,-1.0440514386480162,19.119602529123195
2.8000000000000003,280,1,approach,2.816589460768134,-0.11971248573269797,0.1833789745994856,1.3862923031981502,-1.1147306584589296,18.028751426730206
2.81,281,1,approach,2.8300986330042086,-0.13044702299389585,0.1831920676146981,1.3261853574044629,-1.0432049960541725,16.95529770061042
2.82,282,1,approach,2.8437162472181683,-0.1410331739253632,0.1828454531692659,1.3814127559343399,-1.0636232669900325,15.896682607463683
2.83,283,1,approach,2.8573480152761515,-0.15160321508999677,0.18253982383241676,1.3508229207745885,-1.0528036039927562,14.839678491000322
2.84,284,1,approach,2.8711207611792755,-0.16231633935917217,0.18211438139706915,1.3706103309973352,-1.0559346738326225,13.768366064082786
2.85,285,1,approach,2.8848835859149853,-0.17321046209350854,0.1821626732070539,1.3787925213813244,-1.1073716174073105,12.678953790649148
2.86,286,1,approach,2.898370812204425,-0.1837076967061866,0.18237586401163192,1.3282652084041673,-1.025095172528898,11.629230329381338
2.87,287,1,approach,2.911983759176995,-0.19453642786151998,0.18257665122678074,1.3820833492197564,-1.1135592500147005,10.546357213848005
2.88,288,1,approach,2.925453457632542,-0.20516568430032092,0.18299795755791112,1.3376638432162862,-1.0354504766615884,9.483431569967909
2.89,289,2,approach,2.939061873074506,-0.21582444134812837,0.18300151746825616,1.362398646162548,-1.0573008350576432,8.417555865187165
2.9,290,2,brace,2.9524424701832306,-0.226296332267848,0.18324700828365767,1.3017048574490193,-1.0119827893511137,7.370366773215201
2.91,291,2,brace,2.9639115475357007,-0.22774843697116226,0.18622775484243276,1.0279765588219885,0.48717552909358663,7.225156302883776
2.92,292,2,brace,2.974465841249215,-0.2179245323199804,0.19178990830151416,1.0683767202358903,1.2234562901743649,8.207546768001961
2.93,293,2,brace,2.984734248107257,-0.20196367261342682,0.19725949799719664,1.038406620784911,1.763244778945955,9.80363273865732
2.94,294,2,brace,2.9950568339083232,-0.18274713955986052,0.20246823341277517,1.0297224844461301,1.9931883597538187,11.725286044013952
2.95,295,2,brace,3.0054334150622024,-0.16247966185725593,0.20703704559951103,1.0451715473105385,2.0343772066103067,13.752033814274409
2.96,296,2,brace,3.0158276979267935,-0.14229032905789737,0.21068873254494283,1.0439433263086833,2.0143506809142493,15.770967094210267
2.97,297,2,brace,3.026207348533916,-0.12215539421586176,0.213277546306284,1.0424633677735553,2.0088118301894076,17.784460578413828
2.98,298,2,brace,3.036597662013999,-0.10201234646026827,0.214814181025956,1.0431859995200343,2.00929793316151,19.79876535397317
2.99,299,2,brace,3.0469922333194575,-0.08192556918663026,0.2153631013279204,1.043516496999324,2.0051931014823614,21.807443081336977
3.0,300,2,brace,3.0574181092211776,-0.0619114786366221,0.21493808904922707,1.045854505306978,1.9991735822637267,23.80885213633779
3.0100000000000002,301,2,brace,3.0678246124463358,-0.04196188721583362,0.21355032650049846,1.0444453355625956,1.9938339980102988,25.803811278416646
3.02,302,2,brace,3.0782129796738418,-0.022035725143436147,0.21117099647779805,1.0428637523516544,1.9917548818740876,27.796427485656384
3.0300000000000002,303,2,brace,3.0886033791842014,-0.0021911160595064682,0.20789059264341203,1.043290635169202,1.9689664793231385,29.780888394049356
3.04,304,2,brace,3.0990262055870503,0.016898475810039146,0.2044423925804841,1.0442454108120394,1.8601154168908058,31.689847581003917
3.0500000000000003,305,2,brace,3.1092934517926087,0.03475347844610668,0.20163501202297643,1.0142723013958659,1.7422150901022988,33.47534784461067
3.06,306,2,shove,3.1191579842556263,0.05173412793183356,0.1994394716753981,0.9704339324625695,1.6694448366422456,35.17341279318336
3.0700000000000003,307,2,shove,3.128612789713524,0.0681001932711707,0.19812517311979386,0.9292445095319332,1.6106348389720964,36.810019327117075
3.08,308,2,shove,3.1377166595983015,0.08387145039347903,0.19769547551835656,0.9031403997950602,1.5562919180221126,38.3871450393479
3.09,309,2,shove,3.146634213044652,0.09912649386220952,0.19755731771111756,0.8892120158637644,1.5063776878834418,39.912649386220956
3.1,310,2,shove,3.1554128322254056,0.11383727463108034,0.19789416892737652,0.8838851031856412,1.4625238356949037,41.38372746310803
3.11,311,2,shove,3.164231755482792,0.12825352922500846,0.19865927410796824,0.8853452003496181,1.4333431684372442,42.82535292250085
3.12,312,2,shove,3.173054038657047,0.14254650327175258,0.19931832279816422,0.8836664292913505,1.4257455276014745,44.25465032717526
3.13,313,2,shove,3.1818484025015406,0.15671852529708538,0.19984596041787356,0.8800390394578447,1.4143157526760304,45.67185252970853
3.14,314,2,shove,3.1905903235854263,0.1707165586153377,0.20040773520344346,0.8748783313256204,1.4109612253638857,47.07165586153377
3.15,315,2,shove,3.1992573416844463,0.18485243078493827,0.2010895976842545,0.8645246564109068,1.4121036090230095,48.48524307849382
3.16,316,2,shove,3.2077902042132425,0.19894037744296464,0.2019864217807953,0.8523327237304429,1.4090861118972748,49.89403774429646
3.17,317,2,shove,3.2162428606736793,0.21297041171667438,0.20256257442309203,0.8435358951147417,1.4004898390767264,51.29704117166744
3.18,318,2,shove,3.224640756800131,0.22691530579735478,0.20282557066394719,0.8395632727650761,1.3896844648008513,52.69153057973548
3.19,319,2,shove,3.2330259285630185,0.24075208622585956,0.20290064480181563,0.8397069671480921,1.3784566406628491,54.075208622585954
3.2,320,2,shove,3.2413852907608,0.2542581204337264,0.20307928005994372,0.8416432898180244,1.367222686427149,55.42581204337264
3.21,321,2,shove,3.2498224723735065,0.26796556959563084,0.20303928405254118,0.8479068827379432,1.3725700546128143,56.796556959563084
3.22,322,2,shove,3.258305818592154,0.2817424306256808,0.20255153533029607,0.8510274399864515,1.3795604955807443,58.174243062568074
3.23,323,2,shove,3.2666905058849136,0.29554789417972654,0.2017462187693762,0.8374276998671676,1.3811264655955666,59.55478941797266
3.24,324,2,shove,3.274961963406298,0.3093014614781358,0.2008875829178644,0.8241107450910814,1.3717164632994758,60.93014614781358
3.25,325,2,shove,3.283093010034565,0.32281978710186054,0.20036985431684035,0.8133054053976339,1.360202508286233,62.281978710186046
3.2600000000000002,326,2,shove,3.2911653268259506,0.33637737348118457,0.20020510080576157,0.8069627972466729,1.352042306550437,63.63773734811845
3.27,327,2,shove,3.2992393972491554,0.3498551712067994,0.20047420193920143,0.8090823091774919,1.3441556183936387,64.98551712067993
3.2800000000000002,328,2,shove,3.3073851634379956,0.3632379250059729,0.2007943196501698,0.819641846298106,1.3348170055022026,66.32379250059729
3.29,329,2,shove,3.315632308359728,0.3765978072725813,0.20124097976333483,0.8269706652143809,1.3394311646799943,67.65978072725812
3.3000000000000003,330,2,shove,3.3237906659572847,0.3897428253613862,0.20166233100106404,0.8164521608483509,1.3384792246089565,68.97428253613862
3.31,331,2,shove,3.331876923269,0.4031401283527917,0.2017984005375436,0.8066119640007373,1.335926354349123,70.31401283527917
3.3200000000000003,332,2,shove,3.3398576128094497,0.41643456289045766,0.20199292832977714,0.7957692823726404,1.326206075841004,71.64345628904577
3.33,333,2,shove,3.3477786679543264,0.42965607592113136,0.2022375030510786,0.791795229688091,1.3171065409125393,72.96560759211313
3.34,334,2,shove,3.355717050788974,0.4426142913106052,0.20252548645249124,0.7975095009759416,1.3041612155850495,74.26142913106052
3.35,335,2,shove,3.3637085617037474,0.4556206142357197,0.20263762536783878,0.8036291606156345,1.298898643317749,75.56206142357198
3.36,336,2,shove,3.37174693262021,0.46865565182951796,0.20256655266797924,0.8068883897558111,1.3092362557755792,76.86556518295178
3.37,337,2,shove,3.379796081885652,0.4818058667602859,0.20186231799278612,0.8061178830562601,1.316966447089147,78.1805866760286
3.38,338,2,shove,3.387813629333547,0.4949146193871807,0.20072142922655034,0.8020058122543298,1.3098482349783105,79.49146193871806
3.39,339,2,shove,3.395774389333663,0.5078953235842952,0.19935752269720824,0.7957074207666937,1.2951414001848731,80.78953235842953
3.4,340,2,shove,3.40367822865525,0.5207711224439747,0.19792170536955117,0.7894527535951367,1.2833987181518904,82.07711224439748
3.41,341,2,shove,3.411570005881132,0.5334938768287257,0.19671393286874064,0.7838639543925752,1.2774627218392731,83.34938768287257
3.42,342,2,shove,3.41936824833093,0.5462007894018414,0.1960260037855529,0.7792036014765216,1.2673299775733966,84.62007894018414
3.43,343,2,shove,3.42712980949904,0.5587027940872668,0.19634100951384562,0.7778340605423916,1.260528854128323,85.87027940872667
3.44,344,2,shove,3.4348760898277235,0.5712977855831141,0.19737844543480626,0.7743698161517721,1.2547751965837373,87.1297785583114
3.45,345,2,shove,3.44256689436345,0.5837682203974379,0.19842688321879495,0.7690253000054477,1.2420267939404632,88.37682203974379
3.46,346,2,recovery,3.4502515916258805,0.5961216145727605,0.19952009234062631,0.7699557884625433,1.2315856812840176,89.61216145727604
3.47,347,2,recovery,3.4594158195220692,0.605999820009374,0.20045765917158379,0.9806045322873536,0.8755531831028254,90.5999820009374
3.48,348,2,recovery,3.4676674147082194,0.6175226819274993,0.20051752963740116,0.7673098652558921,1.2889828045633656,91.75226819274992
3.49,349,2,recovery,3.476002176324211,0.6289541914083506,0.19972114144399816,0.8747963597966428,1.0730669233359533,92.89541914083507
3.5,350,2,recovery,3.4839281271786633,0.64107515278993,0.1978221054785051,0.7838325859513688,1.3024431660627802,94.107515278993
3.5100000000000002,351,2,recovery,3.491824635721222,0.6529660036667414,0.1954866608562817,0.7878681950400535,1.1171463075683723,95.29660036667414
3.52,352,2,recovery,3.4996668970220832,0.6653459239022709,0.19273145052803528,0.7833994274834277,1.3208360773467533,96.53459239022709
3.5300000000000002,353,2,recovery,3.5074700859983685,0.6775987905373363,0.1897265896831572,0.7671892893629491,1.1910702800968422,97.75987905373363
3.54,354,2,recovery,3.515319236207953,0.6902501422312131,0.18644448915269915,0.7963537548103683,1.3130756900180978,99.0250142231213
3.5500000000000003,355,2,recovery,3.523528196548641,0.702535254144493,0.1839998274945978,0.828720048817577,1.1768842714015013,100.25352541444931
3.56,356,2,recovery,3.531893990541465,0.7150498862508397,0.18232955225864533,0.833251041710342,1.2664825582591044,101.50498862508397
3.5700000000000003,357,2,recovery,3.540827067652037,0.7272402287322828,0.1819687095510274,0.9314944166066889,1.1909327883698577,102.72402287322828
3.58,358,2,recovery,3.5500519747410157,0.7394867109980319,0.18249229796667335,0.9063025287371643,1.2500125845284127,103.94867109980319
3.59,359,2,recovery,3.5595175857319763,0.7516063420631692,0.18359688475053157,0.970733307975183,1.188664880867965,105.16063420631694
3.6,360,2,recovery,3.5689419396471456,0.7638714020057148,0.18472305692440388,0.9469902457640239,1.2543256621744665,106.3871402005715
3.61,361,2,recovery,3.578500051076501,0.7760008056347775,0.18571277143507348,0.9595958896907274,1.1877025541846224,107.60008056347776
3.62,362,2,recovery,3.588044105390908,0.7881312590584866,0.1866068671178066,0.9502345816254978,1.2298075414151624,108.81312590584866
3.63,363,2,recovery,3.5971196432006702,0.8000295182581676,0.1876586612413812,0.8770506100217791,1.1666403085801318,110.00295182581677
3.64,364,2,recovery,3.6065051984626724,0.8120058144094523,0.18842591533492906,0.9539761271153122,1.207152923714252,111.20058144094524
3.65,365,2,recovery,3.615993300159355,0.8239333012971385,0.18915574843931093,0.941077867638907,1.1843487829774608,112.39333012971386
3.66,366,2,recovery,3.625565401049487,0.8359361997983045,0.18932923642477859,0.9640025823247212,1.2119875296319642,113.59361997983046
3.67,367,2,recovery,3.6352776307007684,0.8478886173671538,0.18865133523276734,0.9834881396437429,1.1834036036588167,114.78886173671539
3.68,368,2,recovery,3.6448536093104704,0.8599064680856674,0.18716005027726856,0.9408430793046807,1.2150533557133858,115.99064680856674
3.69,369,2,recovery,3.6542547620761066,0.87170686939823,0.18542940378645223,0.9411079831103013,1.161982503361087,117.17068693982301
3.7,370,2,recovery,3.6640304436700957,0.8834356392586777,0.18384761732103322,0.9995513324721104,1.181280254594673,118.34356392586778
3.71,371,2,approach,3.6743250766774023,0.8949626513897149,0.18326423113259102,1.0380686823640115,1.1386835886737563,119.4962651389715
3.72,372,2,approach,3.683998483160055,0.9052777416664145,0.1831202090538711,0.9440598828611596,0.9923065149089555,120.52777416664146
3.73,373,2,approach,3.6942687798367215,0.9163716028138585,0.1832068842858649,1.115382185255654,1.170307081792817,121.63716028138587
3.74,374,2,approach,3.7043007786383533,0.9271811354106093,0.18367988228471854,0.9398877328055776,1.027961557747426,122.71811354106094
3.75,375,2,approach,3.715380703432724,0.9375424844657094,0.18631293395466256,1.2111105645830391,1.0748424936386427,123.75424844657094
3.7600000000000002,376,2,approach,3.726293463194809,0.9476796505529214,0.18920566341465292,1.0108014792245317,0.9989069013813628,124.76796505529215
3.77,377,2,approach,3.7377150283092573,0.9577568343526086,0.19206600870194177,1.2373572547825649,1.0139550444719347,125.77568343526086
3.7800000000000002,378,2,approach,3.748924854675586,0.967305784076154,0.19520310411523148,1.0409360911941252,0.9442119818259586,126.73057840761541
3.79,379,2,approach,3.760736283873806,0.9762200264042183,0.19854325524281294,1.2476980629230394,0.8843051776567152,127.62200264042185
3.8000000000000003,380,2,approach,3.7722138443677697,0.9850126750305432,0.2011363995539067,1.083717844328231,0.8778516110798612,128.50126750305432
3.81,381,2,approach,3.7838697198815887,0.9940225887805301,0.2027120419603021,1.214487099423045,0.919389369187723,129.402258878053
3.8200000000000003,382,2,approach,3.7954097505951445,1.0028397627141599,0.20333738634843057,1.090584364833314,0.8812076949878536,130.28397627141598
3.83,383,2,approach,3.807234362543348,1.0116691804530955,0.20287976307018754,1.2436725937199067,0.8865656354504162,131.16691804530956
3.84,384,2,approach,3.818728769250431,1.0204856890828553,0.20154361056926368,1.090014819759423,0.8806667315377913,132.04856890828555
3.85,385,2,approach,3.830476750312034,1.0293275826053963,0.19909769926915746,1.2319585767786367,0.8870210007655909,132.93275826053963
3.86,386,2,approach,3.841892682092524,1.0381068815729373,0.1960735816167643,1.085501208248538,0.8713414701913664,133.81068815729373
3.87,387,2,approach,3.853504668470181,1.046662552110463,0.19249453147973125,1.211077689494319,0.8437755391219094,134.66625521104632
3.88,388,2,approach,3.8648815541297616,1.0547046161095521,0.18923068432647727,1.0950289251184735,0.7758468538425991,135.47046161095523
3.89,389,2,approach,3.876655225433171,1.0618702605885884,0.1866817794996097,1.2313806447254672,0.6771361355969456,136.18702605885883
3.9,390,2,approach,3.8885517046755638,1.067967972450459,0.18588316471722258,1.1626781539573032,0.5730947135209369,136.7967972450459
3.91,391,2,approach,3.9008657565944116,1.0733476519249683,0.18593950843501855,1.2750446743396253,0.5180200492230529,137.33476519249683
3.92,392,2,approach,3.9131660553667174,1.0782371507799573,0.1870187028271626,1.2010641655523333,0.4749998961703161,137.82371507799573
3.93,393,2,approach,3.9255832674339826,1.0830313773899916,0.18806190883579865,1.270190217489166,0.48152917466400985,138.30313773899917
3.94,394,2,approach,3.938096670554326,1.0872087270286444,0.1897659808893084,1.2429688146656228,0.37797740609329944,138.72087270286443
3.95,395,2,approach,3.9508978939531696,1.0909381107614622,0.19153583776336697,1.2691401273901293,0.38586793284410953,139.0938110761462
3.96,396,2,approach,3.9637881964567008,1.0941704799080545,0.19341065904349056,1.305024419481594,0.2846328626755388,139.41704799080546
3.97,397,2,approach,3.976787484810976,1.097090570561638,0.19484373501730365,1.3071790162872183,0.28113052280699163,139.7090570561638
3.98,398,2,approach,3.9899642703555145,1.09955142061327,0.19596577966262427,1.3276060106083707,0.2254446977206375,139.955142061327
3.99,399,2,approach,4.0032753960695935,1.1016933890631344,0.1965915527103656,1.3300679105891062,0.2160167929809828,140.16933890631344
4.0,400,2,approach,4.0166531406268176,1.1036776729607045,0.19651180487752032,1.347280812263297,0.19057841838732212,140.36776729607047
4.01,401,2,approach,4.030047583469345,1.1056056124091265,0.19556458271433394,1.3343304154555453,0.1954278571628328,140.56056124091265
4.0200000000000005,402,2,approach,4.043540073176514,1.107356026300579,0.19411917361038356,1.3620960935345392,0.16250584793833128,140.7356026300579
4.03,403,2,approach,4.056888824086631,1.1090962327443996,0.19219328379584294,1.3389965494855527,0.1659040292172319,140.90962327443998
4.04,404,2,approach,4.070576440124216,1.1104410646786855,0.1902053426699333,1.3886022379338778,0.11725853247300315,141.04410646786854
4.05,405,2,approach,4.0843650969546506,1.111556487438747,0.18810797792747397,1.368862311695313,0.11350768696339555,141.1556487438747
4.0600000000000005,406,2,approach,4.098255885606412,1.1124713831967457,0.18604053475567445,1.40365616383376,0.07820929030965285,141.24713831967458
4.07,407,2,approach,4.112145889959279,1.1131196979500433,0.18422024788494112,1.3789587803913228,0.057296668950821666,141.31196979500433
4.08,408,2,approach,4.126207390409499,1.1132974882977993,0.18328939976550795,1.4266628097090666,-0.007589460355841373,141.32974882977993
4.09,409,2,approach,4.1403238669007285,1.1132230901604985,0.18347177276270538,1.4000521178027108,-0.0024820887089418778,141.32230901604984
4.1,410,2,approach,4.154601550925124,1.1126222476542063,0.1844436300266524,1.4473333265558468,-0.09475937829462307,141.26222476542063
4.11,411,2,approach,4.1691300594446705,1.111386996777816,0.18602139341797133,1.45251251767861,-0.13319965785070356,141.1386996777816
4.12,412,2,approach,4.183792184223191,1.1097964664528563,0.1875404391994905,1.4759809891741162,-0.15503333853431672,140.97964664528564
4.13,413,2,approach,4.198471846634315,1.107941411042595,0.1886611377827199,1.4625028026975468,-0.200669548495018,140.7941411042595
4.14,414,2,approach,4.213254886925752,1.1059526506250121,0.18931644029741646,1.4915821920434063,-0.19476392876470347,140.59526506250123
4.15,415,2,approach,4.2281241794358,1.103508552319486,0.18953072699754347,1.4681472735474406,-0.2486879440539593,140.3508552319486
4.16,416,2,approach,4.24313613880691,1.1007035373343268,0.18966798113881755,1.523769672689309,-0.2916843893325851,140.07035373343268
4.17,417,2,approach,4.257905362610902,1.0978624545399476,0.189590751119211,1.467018906328219,-0.2916921604240281,139.78624545399475
4.18,418,2,approach,4.2729914386293535,1.094630365278398,0.18947405985270332,1.5145754876308726,-0.330033132368235,139.4630365278398
4.19,419,2,approach,4.288112728107934,1.0912621914097511,0.18917001708107514,1.5097269773523923,-0.33738779787624285,139.1262191409751
4.2,420,2,approach,4.303071742532914,1.088078050353774,0.18856453636192297,1.4864948457881535,-0.3009211242012164,138.80780503537738
4.21,421,2,approach,4.318111257209675,1.0847329381110768,0.18774117524304168,1.5167133203276557,-0.3538786983799407,138.47329381110768
4.22,422,2,approach,4.33319671957808,1.0814220542732866,0.18695078464134499,1.5037248657679056,-0.3126648754022258,138.14220542732866
4.23,423,2,approach,4.348356165165411,1.0780091065613167,0.1860499215944036,1.524430570957755,-0.3597532898375681,137.80091065613166
4.24,424,2,approach,4.363445584665377,1.0745623112841074,0.18510643503593505,1.4999962596866594,-0.3335438573756221,137.45623112841074
4.25,425,2,approach,4.37857766829079,1.0707228035712193,0.18438803269420836,1.5163570334713758,-0.40065883399421237,137.07228035712194
4.26,426,2,approach,4.393796062153652,1.0664621799688405,0.18423522373961634,1.5267497932135063,-0.4402808420114973,136.64621799688405
4.2700000000000005,427,2,approach,4.409150670687859,1.061831961271932,0.18488435977251583,1.5403483121704908,-0.46920447325418235,136.1831961271932
4.28,428,2,approach,4.424474774112597,1.0573706678354757,0.18557530667046976,1.5265250411954359,-0.4270700385920394,135.7370667835476
4.29,429,2,approach,4.439870373800713,1.0526370221861048,0.185969204944073,1.5457438565130044,-0.49677042326398463,135.2637022186105
4.3,430,2,approach,4.4551830878973995,1.0477707996263148,0.18632904146248408,1.5228957291305822,-0.4764282361790798,134.7770799626315
4.3100000000000005,431,2,approach,4.47050990665755,1.0425583352922938,0.18675439807045838,1.5392269679160824,-0.5437428602503852,134.2558335292294
4.32,432,2,approach,4.485813815662049,1.0372524136556671,0.18713914080755775,1.5258130001875152,-0.5184956040446229,133.72524136556672
4.33,433,2,approach,4.501025090325007,1.0319090201627568,0.18728305970339376,1.5178960223176465,-0.5410537396362628,133.1909020162757
4.34,434,2,approach,4.516434362005387,1.0266253096670959,0.18708465204533853,1.5404483326763647,-0.49437800381714314,132.6625309667096
4.3500000000000005,435,2,approach,4.531892272032244,1.0208741664380296,0.18661240981691543,1.541264196911697,-0.5798079633655208,132.08741664380298
4.36,436,2,approach,4.547273967305728,1.0149519968161513,0.1863003265850766,1.5372320874756913,-0.5971507863052747,131.49519968161513
4.37,437,2,approach,4.56266873413116,1.008769145107806,0.18629033508238904,1.5417864297727906,-0.6290407433361224,130.8769145107806
4.38,438,2,approach,4.577917521216746,1.0026978722991533,0.18632916265253133,1.5171046867559856,-0.5894166058259392,130.26978722991532
4.39,439,2,approach,4.593320281686402,0.9963108684179949,0.18596618915372434,1.5549830301209602,-0.6621752151648755,129.6310868417995
4.4,440,2,approach,4.608730387605375,0.989921872154689,0.18518007249728,1.5331750060285485,-0.624700717283548,128.9921872154689
4.41,441,2,approach,4.6241728471946,0.9833297694168931,0.18435758405434238,1.5500640541312571,-0.6800543299124204,128.33297694168934
4.42,442,2,approach,4.639316344327304,0.9768430506333833,0.18392076301039967,1.4907358336389411,-0.6242003414414963,127.68430506333834
4.43,443,2,approach,4.654714982012417,0.9698754898756249,0.18385591518621297,1.5411405981472175,-0.7016668085956105,126.9875489875625
4.44,444,2,approach,4.670038564119702,0.9630559873160981,0.18405624910613086,1.5268361481668626,-0.6647316980257776,126.30559873160982
4.45,445,2,approach,4.6854271506800025,0.9559987573797911,0.18467881277862397,1.5470834495521701,-0.7291467536457897,125.59987573797913
4.46,446,2,approach,4.700833340015239,0.9489036440273592,0.18550156064694728,1.5345060798058399,-0.6892634428784229,124.89036440273593
4.47,447,2,approach,4.71606271999599,0.9418024279912672,0.1860834383872531,1.516084286160229,-0.721751173366737,124.18024279912675
4.48,448,2,approach,4.73139262218971,0.9345416361047062,0.18635587885382177,1.5437934854383464,-0.7257295310184655,123.45416361047063
4.49,449,2,approach,4.7467126918205835,0.9271512318528425,0.18626323814307225,1.5237822553495466,-0.7442097644675888,122.71512318528426
4.5,450,2,approach,4.762136881329793,0.9195430727769425,0.18598832431141502,1.5563732380438966,-0.7809306893226626,121.95430727769426
4.51,451,2,approach,4.7776207913601505,0.911838125836676,0.1857887010381702,1.5518742175335731,-0.7702898696614981,121.18381258366762
4.5200000000000005,452,2,approach,4.7930249796834135,0.9044258080704408,0.18563865893918519,1.5347678913557108,-0.7207877372534534,120.44258080704408
4.53,453,2,approach,4.808269832086499,0.8969964819413834,0.18573807074310045,1.5165573312377505,-0.7559586412695373,119.69964819413835
4.54,454,2,approach,4.823586803586748,0.8893902490173471,0.18568459439618507,1.5422675362165426,-0.7585590637989537,118.93902490173471
4.55,455,2,approach,4.839009355380808,0.8815501689368918,0.18529522755129688,1.5443088295928278,-0.8043755091708282,118.1550168936892
4.5600000000000005,456,2,approach,4.854400538595988,0.8737237576422745,0.18503276246185704,1.5365295105731362,-0.7663409441631952,117.37237576422746
4.57,457,2,approach,4.869815621889079,0.8656671293360946,0.18506939958982294,1.541316275120252,-0.8078979925921755,116.56671293360947
4.58,458,2,approach,4.8851188595469575,0.8577735251816144,0.18539508803284754,1.5228508250869628,-0.772090286855083,115.77735251816146
4.59,459,2,approach,4.900461550424864,0.8496582977788383,0.18586076964343404,1.5441097807121253,-0.8357484613719115,114.96582977788383
4.6000000000000005,460,2,approach,4.915595977296148,0.8417117732587186,0.18601540734777827,1.4905619573213533,-0.7613800635924303,114.17117732587188
4.61,461,2,approach,4.930874479168156,0.8335521384975267,0.18587762188593976,1.5520405664211572,-0.8481936797373083,113.35521384975269
4.62,462,2,approach,4.946243057155796,0.8253347192080253,0.18582110099325339,1.5331064151169398,-0.80736308344688,112.53347192080254
4.63,463,2,approach,4.961695547153214,0.8170101806435855,0.1858760471431951,1.5514683439115564,-0.8440260980156301,111.70101806435856
4.64,464,2,approach,4.977091105856684,0.8091175650941292,0.18592929854445758,1.5321923858958353,-0.7478974994435224,110.91175650941294
4.65,465,2,approach,4.9924762663274205,0.8009437002872242,0.1855933246966576,1.5386179592970475,-0.8443286330741788,110.09437002872242
4.66,466,2,approach,5.007561604159669,0.7929501823853462,0.185191458563588,1.5071256067353997,-0.8001074240534842,109.29501823853462
4.67,467,2,approach,5.022773996766103,0.7845586575348036,0.18484212837546005,1.5298442592082637,-0.8602511990418862,108.45586575348037
4.68,468,2,approach,5.037987474027176,0.7760873304338113,0.18492030446171176,1.5152098732861878,-0.8324987029693129,107.60873304338115
4.69,469,2,approach,5.0532609624825415,0.7674845040002868,0.1850144505031873,1.5350084397747363,-0.8792783839523813,106.74845040002869
4.7,470,2,approach,5.0684993110614105,0.7588294790224399,0.18520727430839903,1.5166612069975325,-0.8507775526480438,105.882947902244
4.71,471,2,approach,5.083581904925957,0.7501970996289962,0.1849651968497875,1.5033837244876223,-0.867385243236621,105.01970996289963
4.72,472,2,approach,5.0987092012206725,0.741708748268134,0.18453713771737493,1.5252527147844648,-0.850032606885363,104.17087482681342
4.73,473,2,approach,5.114030843927131,0.7329811765832539,0.18419746047536595,1.5473607773440368,-0.8958912589920313,103.2981176583254
4.74,474,2,approach,5.129404799203352,0.7242928326892449,0.184138025445582,1.5300701717127192,-0.846747494996792,102.42928326892451
4.75,475,2,approach,5.144808926063595,0.7156803597409861,0.1842821496552657,1.5462498151937882,-0.8649051074545281,101.56803597409862
4.76,476,2,approach,5.160132683824071,0.7068210841018072,0.18443171565468505,1.526026645265326,-0.8796135077847567,100.68210841018073
4.7700000000000005,477,2,approach,5.175305769992656,0.6978496013859389,0.18451504013493616,1.5102118292238749,-0.9019818098712895,99.78496013859389
4.78,478,2,approach,5.190569130565447,0.6888433307004378,0.18430937354600518,1.5364596553396184,-0.8956210546993638,98.88433307004377
4.79,479,2,approach,5.205826215510183,0.6798385802795837,0.1841831767488496,1.5157050266951788,-0.8845716938339376,97.98385802795836
4.8,480,2,approach,5.22109175315503,0.6706035987392095,0.18458788624094272,1.5321902600598778,-0.9438640870059547,97.06035987392096
4.8100000000000005,481,2,approach,5.236317219964293,0.6614392497779787,0.185196663692229,1.5170959718906856,-0.8961782966335193,96.14392497779788
4.82,482,2,approach,5.251586193080409,0.6521273864841985,0.18558590508849954,1.5336062743830525,-0.9501648716190336,95.21273864841984
4.83,483,2,approach,5.266609149992417,0.6430004111765112,0.1859465084377072,1.4811121088567996,-0.8827804269675963,94.30004111765112
4.84,484,2,approach,5.28178075307951,0.6336497185794658,0.18600341124742348,1.5400805610479515,-0.9666963333632538,93.36497185794657
4.8500000000000005,485,2,approach,5.296923515564387,0.6245767571300598,0.18601087492302637,1.5110395167149708,-0.8754833991729872,92.45767571300597
4.86,486,2,approach,5.312191812797133,0.6152374766612712,0.1857871271187853,1.5377897615073126,-0.9708503111807156,91.52374766612711
4.87,487,2,approach,5.327464205541674,0.6059551591977124,0.18510765784863198,1.5228714518631241,-0.9055613203065432,90.59551591977123
4.88,488,2,approach,5.342700489727991,0.5966385600948793,0.18409666964471527,1.5256422534084033,-0.9518774778614658,89.66385600948793
4.89,489,2,approach,5.357842912228993,0.5871938883864054,0.18314868736057643,1.5074066668758335,-0.9353124566229771,88.71938883864054
4.9,490,2,approach,5.372777122913117,0.5776969927291996,0.18251029473525793,1.4847127229332089,-0.9561726450833055,87.76969927291996
4.91,491,2,approach,5.387767226183949,0.5679924136767002,0.1824403216475214,1.5082524097814787,-0.9697743957347552,86.79924136767002
4.92,492,2,approach,5.402740909412244,0.5582292447661288,0.18225897039994063,1.488406213503418,-0.954916950581104,85.82292447661287
4.93,493,2,approach,5.4177289253792855,0.5486412802866761,0.18248001939639075,1.504801576107088,-0.9580117803507815,84.86412802866762
4.94,494,2,approach,5.432591915382486,0.5389931815853686,0.1834957645095068,1.493037952976463,-0.9799029843030206,83.89931815853686
4.95,495,2,approach,5.447625570391232,0.5291983875489202,0.18438679956337034,1.5074446029321056,-0.9740047115676599,82.91983875489203
4.96,496,2,approach,5.462657472881021,0.5191913442710364,0.18497255605537521,1.501996198845096,-1.0154649407462024,81.91913442710364
4.97,497,2,approach,5.477626628189871,0.5092568660731783,0.18565073040120775,1.4950748113756194,-0.9734180132853978,80.92568660731784
4.98,498,2,approach,5.492495058200591,0.49941825671390316,0.18615838249638064,1.4797277576637722,-0.9890423843291265,79.9418256713903
4.99,499,2,approach,5.507498288963807,0.489408502878814,0.18612371747122472,1.516531301315085,-1.0205171380155398,78.94085028788139
5.0,500,2,approach,5.522437688974847,0.47968575608441666,0.18568150354571833,1.4781971289431428,-0.9359879696063391,77.96857560844167
5.01,501,2,approach,5.5375076056032535,0.46970497563269775,0.1848619755569951,1.5218711410740107,-1.0319691886779856,76.97049756326977
5.0200000000000005,502,2,approach,5.552528741042435,0.45982286312760046,0.18390014894408938,1.5044531625232545,-0.9722223896573151,75.98228631276004
5.03,503,2,approach,5.567489954219429,0.44988611863496897,0.18309877702877517,1.4882632681780954,-0.9968131214468836,74.98861186349689
5.04,504,2,approach,5.582451389034603,0.43971299975985156,0.18261150499769221,1.5039291791047036,-1.0331521501326102,73.97129997598516
5.05,505,2,approach,5.597287447318071,0.4296336788480417,0.18259736176018881,1.4708771943213155,-0.9929001611134739,72.96336788480417
5.0600000000000005,506,2,approach,5.612126170694047,0.4194787924573761,0.1827497020925459,1.492233561895867,-1.0270042945476843,71.94787924573761
5.07,507,2,approach,5.62687993369073,0.4093463931191738,0.18306582997766288,1.465340591497941,-1.0013408025436388,70.93463931191738
5.08,508,2,approach,5.6414714913857,0.3994181597541917,0.18336908089367102,1.475640253297337,-0.9989547711475347,69.94181597541916
5.09,509,2,approach,5.65629888909266,0.3891811248199929,0.18369406833620328,1.4830327030520827,-1.0290533421768635,68.91811248199929
5.1000000000000005,510,2,approach,5.6711541128052,0.3788495233246735,0.18355048237609875,1.484884660669019,-1.0308348340735638,67.88495233246735
5.11,511,2,approach,5.68594969388014,0.36831713604514627,0.1833743287301177,1.4804032809016792,-1.0754601852317605,66.83171360451462
5.12,512,2,approach,5.700470047285392,0.3579895344193362,0.1834647187691791,1.4342152405599269,-0.9978662567401276,65.79895344193362
5.13,513,2,approach,5.7150725224365395,0.3474540631546037,0.1836436195286892,1.476687026105499,-1.0878982621311712,64.74540631546036
5.14,514,2,approach,5.729573307148463,0.3373425111830738,0.18422909343843885,1.4333202079580085,-0.9578926961479395,63.734251118307384
5.15,515,2,approach,5.74419265337222,0.3268350060009087,0.18495100900391712,1.4750075790117292,-1.0878652153608805,62.683500600090866
5.16,516,2,approach,5.75865283846228,0.3163590102397529,0.1855440622952775,1.435949231898052,-1.0487319766916272,61.63590102397528
5.17,517,2,approach,5.773113031104089,0.30568323462069547,0.18562142235637186,1.4364749740973848,-1.0502482186549738,60.56832346206954
5.18,518,2,approach,5.787617756841338,0.29487294961647614,0.1853324908614134,1.4594964335079916,-1.0982417035630354,59.487294961647606
5.19,519,2,approach,5.802087166724837,0.2840651123377152,0.18508864044073184,1.4388681962589143,-1.0662469963987677,58.40651123377152
5.2,520,2,approach,5.816589957074488,0.2731754434037526,0.18478954679590331,1.4593987327778124,-1.1007760647580276,57.31754434037526
5.21,521,2,approach,5.831038779622756,0.26264862483345414,0.18470762933613952,1.4375420464983906,-1.017956318604205,56.26486248334541
5.22,522,2,approach,5.8454102128471925,0.2520095309355744,0.1847713443434612,1.4364960076067017,-1.093041909974412,55.20095309355744
5.23,523,2,approach,5.85987965578455,0.24104993394876267,0.18437001278573578,1.4608525967190693,-1.1253064070264291,54.10499339487627
5.24,524,2,approach,5.874309039777732,0.23000575101500056,0.18373537115489955,1.4321281150110898,-1.0870753244692664,53.00057510150006
5.25,525,2,approach,5.888669479586101,0.21891462315861662,0.1833614423126872,1.4587366798973338,-1.134801916454413,51.89146231586166
5.26,526,2,approach,5.903149650517984,0.20779174557776198,0.18327642540250824,1.439010533098464,-1.0954009180563269,50.779174557776194
5.2700000000000005,527,2,approach,5.917635267072087,0.1967187974251491,0.18361680842463285,1.4444888281515966,-1.0956082922526504,49.67187974251491
5.28,528,2,approach,5.932088070576656,0.18539196611645264,0.18412744733982545,1.4492274136919128,-1.1545761562411678,48.539196611645266
5.29,529,2,approach,5.946340959237205,0.17431699406477458,0.18443328524703806,1.40896501823986,-1.071404444067367,47.431699406477456
5.3,530,2,approach,5.960707166650983,0.1629687419100388,0.18464182257654713,1.4532169042579366,-1.1693598511461218,46.29687419100388
5.3100000000000005,531,2,approach,5.97504049398679,0.15171155983960233,0.18508021684955767,1.4183512555183397,-1.0890780104362585,45.17115598396023
5.32,532,2,approach,5.989469571413393,0.14052184179420915,0.18536762557318107,1.4577132264435384,-1.164355341028631,44.05218417942092
5.33,533,2,approach,6.003806536928811,0.1291562720887948,0.1851888076861791,1.4219276194954904,-1.1172817515321793,42.91562720887948
5.34,534,2,approach,6.017971949419062,0.11811122138720913,0.18456370752670084,1.3957972576076392,-1.071638050418955,41.81112213872091
5.3500000000000005,535,2,approach,6.03221528287146,0.1067635356863124,0.18392849074391804,1.4414356314491819,-1.170606503176249,40.67635356863124
5.36,536,2,approach,6.0463600963643485,0.09540593145589958,0.1838468943105795,1.3964072881423828,-1.105531529706231,39.54059314558995
5.37,537,2,approach,6.06062595521203,0.08381266009664003,0.1839228929202925,1.4448252556565935,-1.192228525788861,38.381266009664
5.38,538,2,approach,6.074917986867328,0.07209619450720764,0.1842273909970617,1.4219001754668705,-1.156039592325414,37.209619450720766
5.39,539,2,approach,6.08898333652116,0.06049706014042729,0.18426999446213438,1.3998307242883639,-1.1607682043948035,36.04970601404273
5.4,540,2,approach,6.1030793687280696,0.04912485753586908,0.18423287449387363,1.416569937807424,-1.1185973122599548,34.91248575358691
5.41,541,2,approach,6.117232205353381,0.03754010737145702,0.1843708784487278,1.4101175018394694,-1.1618646659542349,33.7540107371457
5.42,542,2,approach,6.131460837452186,0.026005243284233967,0.18463686743964702,1.4315259640275984,-1.1467700553967604,32.6005243284234
5.43,543,2,approach,6.145676494332744,0.014467429475572422,0.18476693374535663,1.4129805986804405,-1.1599975336121473,31.446742947557247
5.44,544,2,approach,6.159865734827879,0.0028267180872267386,0.18474009451876328,1.426065450169356,-1.165479076624563,30.28267180872267
5.45,545,2,approach,6.17386428747337,-0.008747443902674065,0.1844726417053685,1.3822345983191164,-1.1480502040404885,29.12525560973259
5.46,546,2,approach,6.188083602319517,-0.020419118128758917,0.18387394750843342,1.4383060551697182,-1.1779146645620224,27.95808818712411
5.47,547,2,approach,6.202136354217467,-0.031922949901744754,0.1835366981408938,1.3797082269202636,-1.1022328157090884,26.807705009825522
5.48,548,2,approach,6.216302390984785,-0.043769293279341336,0.18336078205498543,1.430605099314576,-1.2176861147956621,25.62307067206587
5.49,549,2,approach,6.230170470010213,-0.05531415947368199,0.18356303212282438,1.3553692674967526,-1.109381908347824,24.4685840526318
5.5,550,2,approach,6.244369099907664,-0.06725955821973578,0.1834798361028691,1.4616789323311288,-1.2501748280427292,23.274044178026422
5.51,551,2,approach,6.258486003493342,-0.07903276282114936,0.18329193279229108,1.3993540503784472,-1.1655601298559437,22.096723717885066
5.5200000000000005,552,2,approach,6.272644819518832,-0.0909137181913966,0.18296555877684853,1.4252543450638273,-1.1976635284186834,20.90862818086034
5.53,553,2,approach,6.2867015129433454,-0.10246121323498074,0.18287738803674844,1.3942206827669528,-1.1489567413657666,19.753878676501927
5.54,554,2,approach,6.300816651673352,-0.11420678289056276,0.18280598843604542,1.4213382873743599,-1.186126442230804,18.579321710943727
5.55,555,2,approach,6.314635383990444,-0.12564884177017926,0.18272868025703945,1.3577964141572407,-1.1146641786440283,17.435115822982077
5.5600000000000005,556,2,approach,6.328614738319409,-0.13733245306209527,0.18249047933518436,1.4196373910167916,-1.1975288342174826,16.266754693790478
5.57,557,2,approach,6.342335052136802,-0.14875572100983953,0.18256988898014267,1.3388055204908724,-1.1008958893014407,15.12442789901605
5.58,558,2,approach,6.35617044514657,-0.1605383670367959,0.18284392326373028,1.4141856134554154,-1.2276489358895015,13.946163296320416
5.59,559,2,approach,6.369920091853305,-0.17221998864389632,0.18316195730397036,1.353660029302787,-1.1330367681931264,12.77800113561037
5.6000000000000005,560,2,approach,6.383746302083714,-0.18398779754792122,0.183707019726026,1.4029471784737866,-1.2039826579279815,11.60122024520788
5.61,561,2,approach,6.397340768982609,-0.1952265113044088,0.18477168814141046,1.3267291289862593,-1.089819664445101,10.477348869559124
5.62,562,2,approach,6.411232666322102,-0.20701004757319347,0.18533815740204818,1.4234998446827698,-1.2247363659911976,9.298995242680656
5.63,563,3,approach,6.425022768207375,-0.21861390742945325,0.185745948050878,1.3476173466792902,-1.1144884359577656,8.138609257054677
5.64,564,3,brace,6.438731420757414,-0.23013774476487614,0.18568439324426525,1.3733601829094297,-1.157817083483126,6.986225523512387
5.65,565,3,brace,6.449734102098332,-0.2320940050445654,0.18808152149078347,0.9462167137971915,0.3744620832558564,6.790599495543462
5.66,566,3,brace,6.4594497097526835,-0.22293610290702484,0.19282512535495938,0.9627660696456238,1.2263841162369464,7.706389709297517
5.67,567,3,brace,6.46829139198955,-0.20741210817708852,0.19864716683208464,0.8668416328323153,1.7036412250078732,9.25878918229115
5.68,568,3,brace,6.476903140636527,-0.1889081237824862,0.20445488918220936,0.868430694526622,1.9211701317942005,11.109187621751385
5.69,569,3,brace,6.48555222001534,-0.16924589980809948,0.20950728009126288,0.8666683396542164,1.9755130275498756,13.07541001919005
5.7,570,3,brace,6.494282495622949,-0.14973908835177271,0.21344201947017233,0.8798239964019582,1.935850621302165,15.026091164822732
5.71,571,3,brace,6.503033726494859,-0.13033202940626257,0.21647671302771493,0.8761688896215676,1.9449304351848835,16.966797059373743
5.72,572,3,brace,6.511817244224207,-0.11106444925559301,0.21839840948170147,0.8822955887554769,1.9157129415297944,18.8935550744407
5.73,573,3,brace,6.520600763844423,-0.09181925993334938,0.2194319229123427,0.8804687794929824,1.9308441332446606,20.818074006665064
5.74,574,3,brace,6.529388644329946,-0.07265597241894653,0.21936065913499952,0.8807895129502379,1.907332934544994,22.734402758105347
5.75,575,3,brace,6.538177974532095,-0.05347953742082584,0.21841129684295638,0.8825447883752292,1.9246169202019405,24.65204625791742
5.76,576,3,brace,6.546885418348292,-0.034357829275262305,0.21636811580510257,0.8728666920627498,1.904474680650171,26.564217072473774
5.7700000000000005,577,3,brace,6.555595296121938,-0.015205456148796277,0.21346946488244772,0.8776718936676292,1.9222261805282803,28.479454385120373
5.78,578,3,brace,6.564324544313371,0.003859623120017961,0.2095192002765446,0.8723386625430989,1.887187854801869,30.3859623120018
5.79,579,3,brace,6.573098873428665,0.022262840564199974,0.20545215867304142,0.8843629801327898,1.7994107038516898,32.22628405642
5.8,580,3,shove,6.581786426835856,0.03938180268713874,0.2018875282901615,0.8580976173213735,1.6621094253323077,33.93818026871388
5.8100000000000005,581,3,shove,6.590243596224272,0.05576879967276913,0.1992390718894171,0.8395792585331876,1.6033935937671293,35.57687996727691
5.82,582,3,shove,6.598369639118679,0.07128562417537125,0.19751338906541477,0.7963152737307796,1.5197097928640821,37.128562417537125
5.83,583,3,shove,6.606276455610877,0.08635548746582201,0.1969153276142806,0.7915127024332183,1.499082359988085,38.6355487465822
5.84,584,3,shove,6.614007176305207,0.10097696307528911,0.19655306163041011,0.7732067167120334,1.448598621224245,40.097696307528906
5.8500000000000005,585,3,shove,6.62167905230708,0.11518254202932027,0.19656452512932276,0.7691883713170501,1.4111669340152364,41.51825420293203
5.86,586,3,shove,6.629380948669543,0.12915020395044577,0.197021045306815,0.7739448558035925,1.3915534078387095,42.91502039504458
5.87,587,3,shove,6.63715643194144,0.14300201384655686,0.19811283239161953,0.7804363869309411,1.3853621000925684,44.30020138465568
5.88,588,3,shove,6.644908492780429,0.15686581894511648,0.1990745977838026,0.775947501880149,1.3870469094354076,45.68658189451165
5.89,589,3,shove,6.652616504792873,0.1705058379341304,0.19988587565534977,0.7692697178479689,1.3812275631320714,47.05058379341304
5.9,590,3,shove,6.660249576977296,0.18431605784567845,0.20034188345448925,0.7621974615898655,1.3779559364810798,48.43160578456784
5.91,591,3,shove,6.6677475885949,0.19806652786961668,0.20077593883626402,0.7471830314331209,1.3731204919225621,49.80665278696167
5.92,592,3,shove,6.675125814128312,0.2117723472986206,0.2013856080660875,0.734375216027524,1.3693913013545491,51.17723472986205
5.93,593,3,shove,6.682412411496881,0.225446806589032,0.20219574748023741,0.7259638968068977,1.3653646546554623,52.5446806589032
5.94,594,3,shove,6.689631743196151,0.23901904070380367,0.20265498553592987,0.7220159346322251,1.353411589191328,53.90190407038037
5.95,595,3,shove,6.696808845130624,0.2524295927561835,0.20280841471150748,0.7209205079638418,1.337136890814481,55.24295927561834
5.96,596,3,shove,6.70404158061993,0.2656328053297875,0.20279092538611282,0.7294708617525514,1.3241764754345762,56.56328053297875
5.97,597,3,shove,6.71136746310298,0.27880581814964134,0.20251143247381098,0.739139392834535,1.313147294635476,57.880581814964124
5.98,598,3,shove,6.718832401090915,0.2919557128966578,0.20207710294074602,0.7531879291523084,1.317509097783404,59.195571289665786
5.99,599,3,shove,6.7264020546119285,0.3050520077184043,0.2013587129510843,0.7542216148082208,1.3226293609618782,60.50520077184043
6.0,600,3,shove,6.733930863068941,0.3182629594092383,0.20037864429253585,0.752129098629814,1.317405419540884,61.82629594092383
6.01,601,3,shove,6.741392670205575,0.3313305379497536,0.1995070114484173,0.7456262426671385,1.300609023748158,63.13305379497536
6.0200000000000005,602,3,shove,6.748827750522644,0.34422604181309274,0.1989746598669474,0.7430987722992057,1.2840981411599346,64.42260418130927
6.03,603,3,shove,6.756236446632933,0.35699496773027095,0.19895288359264238,0.7430531100609489,1.2756522819255807,65.6994967730271
6.04,604,3,shove,6.763657209807992,0.36960490031211335,0.1997591543577643,0.7470080928531122,1.2758658878578362,66.96049003121132
6.05,605,3,shove,6.771115367051335,0.3824320582051187,0.20056997718764996,0.7444050766939406,1.284783777592898,68.24320582051188
6.0600000000000005,606,3,shove,6.778549405110609,0.3952608400595758,0.20081444191435574,0.7436163201263181,1.2804817815316976,69.52608400595757
6.07,607,3,shove,6.785988702804262,0.4079954650344366,0.20065907514353398,0.7452107467641821,1.2689327833722657,70.79954650344365
6.08,608,3,shove,6.793444659913648,0.4205999048509155,0.20025381689228086,0.7485858336188348,1.2552914670429687,72.05999048509155
6.09,609,3,shove,6.800950850630609,0.4330631704783736,0.19987909876153995,0.7561009004636361,1.2427333738940312,73.30631704783735
6.1000000000000005,610,3,shove,6.808600906771007,0.4453574843968057,0.1998485236349115,0.7661835840250465,1.2319561115828341,74.53574843968057
6.11,611,3,shove,6.8162886328429035,0.45746536526934917,0.20028802989192032,0.774090443492639,1.2225568013599744,75.74653652693492
6.12,612,3,shove,6.824033680603548,0.4696873629667113,0.2004691016668124,0.7744671313679002,1.218668965355428,76.96873629667112
6.13,613,3,shove,6.831755990265749,0.48181873722700475,0.20044150573757555,0.7712782685194975,1.2097321832303902,78.18187372270047
6.140000000000001,614,3,shove,6.839409142818817,0.4938485645064462,0.20034835112549604,0.7649934259332732,1.2000811878359352,79.38485645064462
6.15,615,3,shove,6.847032337440954,0.5058341535841406,0.20031547579469186,0.7615478334884493,1.198330881574404,80.58341535841406
6.16,616,3,shove,6.854618973977705,0.5178186378299677,0.2005866706972857,0.7586299819863855,1.1982711534404327,81.78186378299678
6.17,617,3,shove,6.86212969516002,0.5296884636371699,0.20121078887291907,0.7544523684893153,1.1956950665598345,82.96884636371699
6.18,618,3,shove,6.86966157342292,0.5416363462691441,0.20133080558677866,0.7527423362693855,1.1919610403815972,84.16363462691442
6.19,619,3,shove,6.877209980631107,0.553398241704915,0.20122267253937784,0.751880595820068,1.1803242866959622,85.3398241704915
6.2,620,3,cruise,6.884740326465377,0.5651087816963256,0.20087265428033005,0.7535023621855628,1.1662441129606391,86.51087816963255
6.21,621,3,cruise,6.893713612444461,0.5743801914281885,0.2000874645112494,0.9635813562407729,0.8052231703326586,87.43801914281885
6.22,622,3,cruise,6.901851437788898,0.5851828873599358,0.1986978350429599,0.7642268602966,1.2199111410948729,88.51828873599358
6.23,623,3,cruise,6.910142009484911,0.5956536054084561,0.19662669794561607,0.8841993588964996,0.9581554630131364,89.56536054084562
6.24,624,3,cruise,6.918030644107391,0.6070135399233912,0.1934019975788635,0.7482230752429072,1.228046506238588,90.70135399233912
6.25,625,3,cruise,6.925379740750025,0.6181735043340221,0.19028723535322167,0.7258417337791218,1.0541523604235767,91.81735043340221
6.26,626,3,cruise,6.932984975134838,0.6297406074782838,0.18776072556371984,0.7784929623280884,1.2227665850587366,92.97406074782837
6.2700000000000005,627,3,cruise,6.9408655637938015,0.641122979316385,0.18643880013973418,0.7848949069707694,1.0942785903597203,94.1122979316385
6.28,628,3,cruise,6.949297120013925,0.6527502371694293,0.18581704394349738,0.8891004543988685,1.1942551684448524,95.27502371694293
6.29,629,3,cruise,6.95807030141638,0.6642089298301881,0.18578505517035165,0.867905201595186,1.1167469935966925,96.4208929830188
6.3,630,3,cruise,6.967115293955685,0.675652424877865,0.1858533406053948,0.9070625406055898,1.1576438071585902,97.56524248778649
6.3100000000000005,631,3,cruise,6.976219489606801,0.6870024683850039,0.1857594379772276,0.9101243029736709,1.1247662662169415,98.70024683850039
6.32,632,3,cruise,6.985437561097245,0.6984529605163673,0.18542136836036896,0.9270812117805186,1.1582177017149813,99.84529605163674
6.33,633,3,cruise,6.994759427915047,0.709802230472022,0.1854582771703617,0.9346461513360009,1.1217036470486519,100.9802230472022
6.34,634,3,cruise,7.004021352760065,0.7210733679462066,0.1858464190733007,0.9177378038488704,1.1327047127966092,102.10733679462068
6.3500000000000005,635,3,cruise,7.013746891360897,0.7321721729107826,0.18666754989153894,1.0078683996510893,1.0964008418338003,103.21721729107827
6.36,636,3,cruise,7.023590577478096,0.7432433628012508,0.187319314727572,0.9657208954064146,1.1153167907479031,104.3243362801251
6.37,637,3,cruise,7.033771599310167,0.754247908323254,0.18780639958805068,1.0487563958661814,1.0929701000558831,105.42479083232541
6.38,638,3,cruise,7.043705702207144,0.7651842539627356,0.18767103422123202,0.9522109892376012,1.0951401239685223,106.51842539627356
6.390000000000001,639,3,cruise,7.053755947249196,0.7762848725732674,0.18716867691206696,1.0155154742109693,1.1221014704706034,107.62848725732674
